dataset1,split1,dataset2,split2,representation,support_mode,normalization_mode,k,neighbor_agg,self_radius_k,radius_quantile,radius_train,radius_eval,recall,precision,outside,train_to_eval_coverage,eval_to_train_coverage,mean_nn_eval_to_train,median_nn_eval_to_train,p90_nn_eval_to_train,mean_nn_train_to_eval,median_nn_train_to_eval,p90_nn_train_to_eval,kl_method,kl_knn_k,kl_bins,kl_eps,kl_eval_to_train,kl_train_to_eval,n_train_vectors,n_eval_vectors,kl_eval_to_train_hist,kl_train_to_eval_hist
flyingthings,train,flyingthings,test,flow,global_radius,train_zscore,1,first,5,0.95,0.01033159396611153,0.009988880762830376,0.944827016590389,0.9457369051694625,0.054263094830537484,0.944827016590389,0.9457369051694625,0.003859208896756172,0.0016714632511138916,0.008068492636084557,0.004702545236796141,0.001539595890790224,0.007841846160590648,knn,20,50,1e-06,0.1426193158983587,-0.1246203066256629,11684000,13984000,0.0029473003906702318,0.002990639745024624
flyingthings,train,kitti2015,val,flow,global_radius,train_zscore,1,first,5,0.95,0.01033159396611153,0.009449160005897283,0.9881785132255234,0.29943640876412186,0.7005635912358781,0.9881785132255234,0.29943640876412186,0.0025998230557888746,0.0015109434025362134,0.006989604886621241,0.19937676191329956,0.01813465729355812,0.7670878171920776,knn,20,50,1e-06,1.7702887465606816,5.272943275886143,11684000,398850,1.7872106169682898,10.101010964445187
flyingthings,train,kitti2012,val,flow,global_radius,train_zscore,1,first,5,0.95,0.01033159396611153,0.0077445388305932275,0.9988041237113402,0.23950487846627866,0.7604951215337213,0.9988041237113402,0.23950487846627866,0.0021436908282339573,0.001426832634024322,0.005178442364558579,0.15285000205039978,0.016589229926466942,0.6225852489471435,knn,20,50,1e-06,1.7710779269804628,4.461778820244369,11684000,388000,1.9807621109919262,11.083499717912199
flyingthings,train,spair,test,flow,global_radius,train_zscore,1,first,5,0.95,0.01033159396611153,0.037211868911981576,0.3178610493631135,0.4892438377268059,0.5107561622731941,0.3178610493631135,0.4892438377268059,0.019640697166323662,0.015389317646622658,0.04011163376271725,0.05014302209019661,0.037814222276210785,0.0850478857755661,knn,20,50,1e-06,2.8047107000018987,3.527188071769321,11684000,56682,1.0678633211328084,1.3228479771673547
flyingthings,train,pfpascal,test,flow,global_radius,train_zscore,1,first,5,0.95,0.01033159396611153,0.09231182597577571,0.7348798674399337,0.9049459089352961,0.09505409106470386,0.7348798674399337,0.9049459089352961,0.008325689472258091,0.007483066059648991,0.015454298723489046,0.057929616421461105,0.04942747578024864,0.09092001616954803,knn,20,50,1e-06,-0.9522575791211771,4.215339671423788,11684000,2414,3.5267308406663664,13.008148618223663
flyingthings,train,pfwillow,test,flow,global_radius,train_zscore,1,first,5,0.95,0.01033159396611153,0.02495664004236453,0.6923333333333334,0.07263762410133516,0.9273623758986649,0.6923333333333334,0.07263762410133516,0.009012484923005104,0.007724173832684755,0.016984251141548157,0.11385924369096756,0.07782458513975143,0.23760239779949188,knn,20,50,1e-06,1.6423179326224862,4.04675533286317,11684000,9000,3.3227608434771474,13.164205696120922
flyingthings,train,pointodyssey,test,flow,global_radius,train_zscore,1,first,5,0.95,0.01033159396611153,0.005960874236188798,0.9933263530098354,0.6683178705922629,0.3316821294077371,0.9933263530098354,0.6683178705922629,0.0011723109055310488,0.0006218524649739265,0.0024138820124790052,0.0089155538007617,0.003197344020009041,0.014204162638634435,knn,20,50,1e-06,7.2357594626569846,0.03595707744036042,11684000,13982160,0.7599646255998047,1.030686627299726
flyingthings,train,tss,val,flow,global_radius,train_zscore,1,first,5,0.95,0.01033159396611153,0.016619112342596054,0.7883725,0.6820180588839438,0.31798194111605615,0.7883725,0.6820180588839438,0.008910151198506355,0.006860530003905296,0.016446750983595843,0.02142791450023651,0.010449889115989208,0.04178835228085516,knn,20,50,1e-06,1.3070626858404855,2.779409857381799,11684000,800000,0.41432995994885446,0.4086810400701022
flyingthings,train,middlebury,val,flow,global_radius,train_zscore,1,first,5,0.95,0.01033159396611153,0.013726289523765447,0.9822291666666667,0.5896622731941116,0.4103377268058884,0.9822291666666667,0.5896622731941116,0.003794852178543806,0.003216426819562912,0.007314123958349228,0.019469888880848885,0.012167906388640404,0.030784960836172104,knn,20,50,1e-06,0.021363149177382468,0.7239374885901295,11684000,96000,2.46471830283533,6.934593608771326
imagenet2dwarp,train,flyingthings,test,flow,global_radius,train_zscore,1,first,5,0.95,0.04948289729654788,0.049908176995813826,0.6020533466819222,0.4222182,0.5777818,0.6020533466819222,0.4222182,0.11867204308509827,0.04344170168042183,0.09229101017117498,0.0714496597647667,0.05634372681379318,0.13470986485481262,knn,20,50,1e-06,2.5583169405568413,2.449109825919139,10000000,13984000,0.12636195093738992,0.1501756615127809
imagenet2dwarp,train,kitti2015,val,flow,global_radius,train_zscore,1,first,5,0.95,0.04948289729654788,0.03068718435242771,0.7901065563495048,0.0041344,0.9958656,0.7901065563495048,0.0041344,0.04335596039891243,0.033856406807899475,0.06478825435042382,0.9744980931282043,0.8819022178649902,1.8185489892959592,knn,20,50,1e-06,6.16353414325789,6.3835771343809595,10000000,398850,3.838692333130089,10.370592241918121
imagenet2dwarp,train,kitti2012,val,flow,global_radius,train_zscore,1,first,5,0.95,0.04948289729654788,0.038679123669862744,0.7786546391752577,0.008509,0.991491,0.7786546391752577,0.008509,0.041470982134342194,0.03509501367807388,0.06406376212835314,1.1177680492401123,1.0487548112869263,2.0188527584075926,knn,20,50,1e-06,5.712663640603653,6.974834667647095,10000000,388000,3.704485087141705,15.75088830747218
imagenet2dwarp,train,spair,test,flow,global_radius,train_zscore,1,first,5,0.95,0.04948289729654788,0.32022859305143353,0.2363536925302565,0.9374201,0.06257990000000002,0.2363536925302565,0.9374201,0.6088589429855347,0.2648431062698364,1.6887697339057925,0.18542079627513885,0.17190274596214294,0.28867045044898987,knn,20,50,1e-06,4.289871662682545,1.6717580280388749,10000000,56682,2.025935928599129,1.4675477138074189
imagenet2dwarp,train,pfpascal,test,flow,global_radius,train_zscore,1,first,5,0.95,0.04948289729654788,0.5607845783233643,0.536039768019884,0.9020413,0.09795869999999995,0.536039768019884,0.9020413,0.09333252906799316,0.0470271036028862,0.2033606186509134,0.34930968284606934,0.3157711625099182,0.557748019695282,knn,20,50,1e-06,0.8759796891547458,1.0619192506991606,10000000,2414,2.9960255798375117,2.0650153141082876
imagenet2dwarp,train,pfwillow,test,flow,global_radius,train_zscore,1,first,5,0.95,0.04948289729654788,0.3549778163433073,0.5361111111111111,0.7035579,0.29644210000000004,0.5361111111111111,0.7035579,0.13694079220294952,0.04664544761180878,0.3636640012264255,0.3094404637813568,0.26003900170326233,0.5580754101276396,knn,20,50,1e-06,1.830755557757704,1.2145155053600414,10000000,9000,2.3864109092274535,1.443415877818519
imagenet2dwarp,train,pointodyssey,test,flow,global_radius,train_zscore,1,first,5,0.95,0.04948289729654788,0.01823161169886589,0.8176289643374128,0.0189635,0.9810365,0.8176289643374128,0.0189635,0.037128619849681854,0.032767605036497116,0.05878609530627727,0.2044285237789154,0.15049174427986145,0.4379670560359954,knn,20,50,1e-06,6.474519314651285,4.630826838314501,10000000,13982160,1.5612707662946625,3.02347519438852
imagenet2dwarp,train,tss,val,flow,global_radius,train_zscore,1,first,5,0.95,0.04948289729654788,0.06590468212962147,0.60066,0.2129545,0.7870455000000001,0.60066,0.2129545,0.19385430216789246,0.04223983362317085,0.4588423490524279,0.20988984405994415,0.139979287981987,0.48000715970993035,knn,20,50,1e-06,2.7855219646215366,2.0970106556917494,10000000,800000,0.9782081796080301,0.9305146672967717
imagenet2dwarp,train,middlebury,val,flow,global_radius,train_zscore,1,first,5,0.95,0.04948289729654788,0.044377353228628645,0.6134583333333333,0.0058829,0.9941171,0.6134583333333333,0.0058829,0.05090779438614845,0.04317260533571243,0.08328361064195633,1.1069819927215576,1.026288390159607,2.0328176021575928,knn,20,50,1e-06,5.505965080953225,5.423485519491657,10000000,96000,3.6931746594246944,17.63060799359485
synthetic,train,flyingthings,test,flow,global_radius,train_zscore,1,first,5,0.95,0.06333763152360916,0.04977787323296069,0.9289495137299771,0.4924448,0.5075552,0.9289495137299771,0.4924448,0.08984822779893875,0.032797232270240784,0.05534974858164787,0.08136757463216782,0.05043952167034149,0.16428956538438796,knn,20,50,1e-06,1.7139074725934544,1.527827425919139,10000000,13984000,0.35652741134661453,0.4965828242413917
synthetic,train,kitti2015,val,flow,global_radius,train_zscore,1,first,5,0.95,0.06333763152360916,0.030589809641242027,0.9664134386360788,0.0112839,0.9887161,0.9664134386360788,0.0112839,0.031679775565862656,0.024596065282821655,0.04007506631314755,0.9309502243995667,0.7550345659255981,1.9287331223487854,knn,20,50,1e-06,4.998215101011431,5.01981313438096,10000000,398850,3.584805169711241,9.23930138293007
synthetic,train,kitti2012,val,flow,global_radius,train_zscore,1,first,5,0.95,0.06333763152360916,0.0390865797176957,0.9682757731958763,0.022096,0.977904,0.9682757731958763,0.022096,0.029566172510385513,0.02494765818119049,0.04022311829030515,0.9803680181503296,0.7967065572738647,2.027508783340454,knn,20,50,1e-06,4.592863866119117,5.285751467647095,10000000,388000,3.3852285186668047,12.586904520229822
synthetic,train,spair,test,flow,global_radius,train_zscore,1,first,5,0.95,0.06333763152360916,0.3119364380836487,0.4994530891641085,0.9176406,0.08235939999999997,0.4994530891641085,0.9176406,0.10991884768009186,0.06339813768863678,0.23108859658241276,0.1883382946252823,0.17269425094127655,0.29740260243415817,knn,20,50,1e-06,1.2083126883829438,0.9794788280388742,10000000,56682,1.6588422164797059,1.0793668439290074
synthetic,train,pfpascal,test,flow,global_radius,train_zscore,1,first,5,0.95,0.06333763152360916,0.5490222543478012,0.8748964374482188,0.8663035,0.1336965,0.8748964374482188,0.8663035,0.04359888657927513,0.039055004715919495,0.06765532791614534,0.37448376417160034,0.30586445331573486,0.6174961149692534,knn,20,50,1e-06,0.15126270619078497,0.31725045069916114,10000000,2414,3.7903291851050245,14.325013461586412
synthetic,train,pfwillow,test,flow,global_radius,train_zscore,1,first,5,0.95,0.06333763152360916,0.3474720135331152,0.8381111111111111,0.6651737,0.3348263,0.8381111111111111,0.6651737,0.046956878155469894,0.03915195167064667,0.0749782957136631,0.339022696018219,0.2668607831001282,0.6161041259765625,knn,20,50,1e-06,0.8288054709521484,0.5536067053600418,10000000,9000,3.5085767431063983,7.162770081044312
synthetic,train,pointodyssey,test,flow,global_radius,train_zscore,1,first,5,0.95,0.06333763152360916,0.01821544645354146,0.9966756209341046,0.0330109,0.9669891,0.9966756209341046,0.0330109,0.02692398428916931,0.025636153295636177,0.04047897085547447,0.2251550555229187,0.1327439695596695,0.48755127787590014,knn,20,50,1e-06,5.660772654621648,3.644677238314501,10000000,13982160,1.7746504235457812,10.253852538873986
synthetic,train,tss,val,flow,global_radius,train_zscore,1,first,5,0.95,0.06333763152360916,0.06519924327731123,0.8639575,0.244526,0.755474,0.8639575,0.244526,0.055914271622896194,0.03557567298412323,0.07530022710561751,0.24085329473018646,0.13139215111732483,0.5619564712047574,knn,20,50,1e-06,1.6416322380590367,1.3994026556917496,10000000,800000,1.188511430643457,1.2321192024837466
synthetic,train,middlebury,val,flow,global_radius,train_zscore,1,first,5,0.95,0.06333763152360916,0.04627608135342598,0.9543020833333333,0.0110931,0.9889069,0.9543020833333333,0.0110931,0.03761628270149231,0.03281299024820328,0.05128334052860737,1.0180162191390991,0.8188604116439819,2.082456016540527,knn,20,50,1e-06,4.557487948791767,4.023805519491657,10000000,96000,3.836662503065108,15.879383413759983
synthetic_2d_warp,train,flyingthings,test,flow,global_radius,train_zscore,1,first,5,0.95,0.05217523127794266,0.04964393191039558,0.9053899456521739,0.4919865625,0.5080134375,0.9053899456521739,0.4919865625,0.08640579134225845,0.029564879834651947,0.051159305125474924,0.08159278333187103,0.050346434116363525,0.16523437201976776,knn,20,50,1e-06,1.7339208272396476,1.6370061591734002,16000000,13984000,0.4320906151775248,0.598158555295862
synthetic_2d_warp,train,kitti2015,val,flow,global_radius,train_zscore,1,first,5,0.95,0.05217523127794266,0.03050971031188965,0.9625448163469976,0.01087125,0.98912875,0.9625448163469976,0.01087125,0.029518982395529747,0.022323332726955414,0.03708394095301629,0.9322918057441711,0.7569911479949951,1.9338238000869747,knn,20,50,1e-06,5.05285878917656,5.143565467635222,16000000,398850,3.7268357906001124,9.243962683437422
synthetic_2d_warp,train,kitti2012,val,flow,global_radius,train_zscore,1,first,5,0.95,0.05217523127794266,0.038974687457084656,0.9634819587628866,0.021833375,0.978166625,0.9634819587628866,0.021833375,0.027483485639095306,0.022843176499009132,0.03732080422341824,0.9834678769111633,0.8016711473464966,2.0379810333251953,knn,20,50,1e-06,4.654598809797842,5.410514400901356,16000000,388000,3.5037528455343265,12.813381016754565
synthetic_2d_warp,train,spair,test,flow,global_radius,train_zscore,1,first,5,0.95,0.05217523127794266,0.3109442412853241,0.4347059031085706,0.9171849375,0.08281506250000004,0.4347059031085706,0.9171849375,0.10958747565746307,0.05890714377164841,0.2351184576749803,0.1879584640264511,0.17229661345481873,0.2968681752681732,knn,20,50,1e-06,1.252537962066067,1.0825587612931358,16000000,56682,1.7654308673593648,1.132721283472123
synthetic_2d_warp,train,pfpascal,test,flow,global_radius,train_zscore,1,first,5,0.95,0.05217523127794266,0.5469322681427001,0.8131731565865783,0.864536875,0.13546312500000002,0.8131731565865783,0.864536875,0.04003673791885376,0.035909153521060944,0.061583504080772455,0.37347865104675293,0.30562543869018555,0.6180707216262817,knn,20,50,1e-06,0.1711478857679225,0.42212718395342286,16000000,2414,3.833917996990137,14.36683163947294
synthetic_2d_warp,train,pfwillow,test,flow,global_radius,train_zscore,1,first,5,0.95,0.05217523127794266,0.34651321172714233,0.7777777777777778,0.6627854375,0.33721456250000004,0.7777777777777778,0.6627854375,0.04402053728699684,0.0358547568321228,0.07057907059788704,0.3380334973335266,0.26692843437194824,0.613473653793335,knn,20,50,1e-06,0.8421637008923284,0.6586521386143023,16000000,9000,3.5322031840365202,6.907670483462022
synthetic_2d_warp,train,pointodyssey,test,flow,global_radius,train_zscore,1,first,5,0.95,0.05217523127794266,0.01816119197756049,0.991516904398176,0.0329485,0.9670515,0.991516904398176,0.0329485,0.024326102808117867,0.023138785734772682,0.03651213385164737,0.22601275146007538,0.13268263638019562,0.492019635438919,knn,20,50,1e-06,5.671599161019412,3.7608818215687627,16000000,13982160,1.9214876186494865,11.436487162726005
synthetic_2d_warp,train,tss,val,flow,global_radius,train_zscore,1,first,5,0.95,0.05217523127794266,0.06490733139216898,0.82475875,0.242867625,0.757132375,0.82475875,0.242867625,0.05231022089719772,0.032403357326984406,0.07048721760511396,0.23917292058467865,0.13152608275413513,0.5563751935958858,knn,20,50,1e-06,1.6526268048047723,1.5001712889460106,16000000,800000,1.3768250824849562,1.324660860240638
synthetic_2d_warp,train,middlebury,val,flow,global_radius,train_zscore,1,first,5,0.95,0.05217523127794266,0.046059377864003194,0.92634375,0.0106210625,0.9893789374999999,0.92634375,0.0106210625,0.03500683605670929,0.030260656028985977,0.0482442643493414,1.0180363655090332,0.8198103904724121,2.073889112472534,knn,20,50,1e-06,4.628708415602607,4.14660125274592,16000000,96000,3.8973530786977126,16.15872200913864
synthetic_small_zoom,train,flyingthings,test,flow,global_radius,train_zscore,1,first,5,0.95,0.04247361049056053,0.08615618385374542,0.42041397311212814,0.9371366875,0.06286331249999999,0.42041397311212814,0.9371366875,0.39630019664764404,0.052944447845220566,0.5387506961822508,0.045295290648937225,0.03847043216228485,0.07635282948613166,knn,20,50,1e-06,2.190193138452462,1.6738712841734003,16000000,13984000,1.09850402176145,0.38328694918592987
synthetic_small_zoom,train,kitti2015,val,flow,global_radius,train_zscore,1,first,5,0.95,0.04247361049056053,0.05972527340054512,0.7233922527265889,0.1257849375,0.8742150625,0.7233922527265889,0.1257849375,0.06681044399738312,0.031049184501171112,0.15097038745880131,0.4773886501789093,0.2425280511379242,1.2275773406028747,knn,20,50,1e-06,3.954434393257041,3.560398467635222,16000000,398850,1.5837083547804682,1.5874316666152923
synthetic_small_zoom,train,kitti2012,val,flow,global_radius,train_zscore,1,first,5,0.95,0.04247361049056053,0.06730147935450077,0.8552474226804123,0.1866018125,0.8133981875,0.8552474226804123,0.1866018125,0.038141872733831406,0.02899293042719364,0.05275164134800436,0.525664746761322,0.29306352138519287,1.2932379484176635,knn,20,50,1e-06,2.2676672698493885,3.847616900901357,16000000,388000,1.8460571477153436,2.881659133988567
synthetic_small_zoom,train,spair,test,flow,global_radius,train_zscore,1,first,5,0.95,0.04247361049056053,0.6492603093385693,0.01324935605659645,0.9565505,0.04344950000000003,0.01324935605659645,0.9565505,1.715632677078247,0.8905311822891235,4.3435142040252686,0.3509068787097931,0.32581350207328796,0.5454737782478332,knn,20,50,1e-06,7.5574837561453165,4.730227761293136,16000000,56682,1.7857964619336366,1.0549463454584167
synthetic_small_zoom,train,pfpascal,test,flow,global_radius,train_zscore,1,first,5,0.95,0.04247361049056053,1.1830712616443628,0.0687655343827672,0.997921,0.002079000000000053,0.0687655343827672,0.997921,0.7619143724441528,0.4584367871284485,1.8330472826957702,0.49871936440467834,0.4766165316104889,0.7108774781227112,knn,20,50,1e-06,5.259269099262123,3.1854371839534235,16000000,2414,1.078564032749198,0.7090173240753136
synthetic_small_zoom,train,pfwillow,test,flow,global_radius,train_zscore,1,first,5,0.95,0.04247361049056053,0.7324790388345715,0.07355555555555555,0.87598475,0.12401525000000002,0.07355555555555555,0.87598475,0.7890896201133728,0.516004204750061,1.8580971002578741,0.45207470655441284,0.38796448707580566,0.7775047421455383,knn,20,50,1e-06,5.938014937871495,3.171972638614303,16000000,9000,0.7831867270666817,0.4883412649654436
synthetic_small_zoom,train,pointodyssey,test,flow,global_radius,train_zscore,1,first,5,0.95,0.04247361049056053,0.03497650474309921,0.6710845105477266,0.23498375,0.76501625,0.6710845105477266,0.23498375,0.06443657726049423,0.0342082753777504,0.06955166235566139,0.09665969759225845,0.06704020500183105,0.18232791721820824,knn,20,50,1e-06,3.760484140164264,2.883018571568763,16000000,13982160,0.6631150325276136,0.8687950531455593
synthetic_small_zoom,train,tss,val,flow,global_radius,train_zscore,1,first,5,0.95,0.04247361049056053,0.1446464173495767,0.0888825,0.5013263125,0.49867368749999996,0.0888825,0.5013263125,0.6117922067642212,0.391265332698822,1.4293009161949157,0.19961412250995636,0.1443183720111847,0.40221014618873596,knn,20,50,1e-06,6.510189773554773,3.3513697889460103,16000000,800000,1.0582508704320015,0.6581676218967133
synthetic_small_zoom,train,middlebury,val,flow,global_radius,train_zscore,1,first,5,0.95,0.04247361049056053,0.06299017369747162,0.226625,0.0060696875,0.9939303125,0.226625,0.0060696875,0.16386568546295166,0.10815990716218948,0.39039095342159286,1.078624963760376,0.9027515649795532,2.017905783653259,knn,20,50,1e-06,7.400960002516669,5.857078252745919,16000000,96000,2.109020385244787,9.450625152862468
synthetic_large_zoom,train,flyingthings,test,flow,global_radius,train_zscore,1,first,5,0.95,0.040639325976371765,0.06301640719175339,0.5584917763157895,0.7507029786242495,0.2492970213757505,0.5584917763157895,0.7507029786242495,0.18856161832809448,0.03501409292221069,0.2980582892894744,0.052332375198602676,0.038615044206380844,0.09881329536437988,knn,20,50,1e-06,1.9979019422332616,2.0913543801753267,15999064,13984000,0.30843451749603656,0.19116292874403723
synthetic_large_zoom,train,kitti2015,val,flow,global_radius,train_zscore,1,first,5,0.95,0.040639325976371765,0.040657250396907325,0.9050369813212987,0.07403670614730962,0.9259632938526904,0.9050369813212987,0.07403670614730962,0.03037279285490513,0.018792958930134773,0.039225044101476675,0.5961337685585022,0.33049285411834717,1.4677568674087524,knn,20,50,1e-06,3.5338982194103354,4.359418459781761,15999064,398850,2.539626464140418,4.974821644547214
synthetic_large_zoom,train,kitti2012,val,flow,global_radius,train_zscore,1,first,5,0.95,0.040639325976371765,0.049224480986595154,0.9254072164948454,0.11461870519425386,0.8853812948057461,0.9254072164948454,0.11461870519425386,0.02512666955590248,0.018480034545063972,0.03426644951105118,0.6821567416191101,0.42861121892929077,1.6790855884552007,knn,20,50,1e-06,2.745248346102114,4.966721033682372,15999064,388000,2.5277426520053847,8.110938128633816
synthetic_large_zoom,train,spair,test,flow,global_radius,train_zscore,1,first,5,0.95,0.040639325976371765,0.435960081219673,0.04101831269185985,0.93956790222228,0.06043209777771996,0.04101831269185985,0.93956790222228,0.5394536256790161,0.43933773040771484,1.0809887051582339,0.24621175229549408,0.2271011769771576,0.38677793741226196,knn,20,50,1e-06,5.65637277562244,3.6572813194462857,15999064,56682,1.1734042508015894,0.7611280952860466
synthetic_large_zoom,train,pfpascal,test,flow,global_radius,train_zscore,1,first,5,0.95,0.040639325976371765,0.7702270299196241,0.15368682684341342,0.979778942068111,0.020221057931888997,0.15368682684341342,0.979778942068111,0.27558985352516174,0.21630188822746277,0.6060764491558075,0.37625548243522644,0.35175469517707825,0.5496185481548311,knn,20,50,1e-06,3.6474552770248323,2.3841739013598886,15999064,2414,0.9360566814078792,0.5317202340041947
synthetic_large_zoom,train,pfwillow,test,flow,global_radius,train_zscore,1,first,5,0.95,0.040639325976371765,0.49386850744485855,0.16677777777777777,0.8152956322944892,0.1847043677055108,0.16677777777777777,0.8152956322944892,0.28711166977882385,0.23242820799350739,0.629793643951416,0.34878969192504883,0.29641032218933105,0.6162090301513672,knn,20,50,1e-06,4.295713489111693,2.5421886174235597,15999064,9000,0.6278458995821556,0.33909304668565426
synthetic_large_zoom,train,pointodyssey,test,flow,global_radius,train_zscore,1,first,5,0.95,0.040639325976371765,0.024023981764912605,0.9035626112131458,0.13076889998064886,0.8692311000193511,0.9035626112131458,0.13076889998064886,0.033943500369787216,0.02129434607923031,0.039298444986343384,0.12512992322444916,0.07715505361557007,0.26597362756729126,knn,20,50,1e-06,3.9929098898133772,3.572237681941717,15999064,13982160,1.1441398960354545,1.2924298898194522
synthetic_large_zoom,train,tss,val,flow,global_radius,train_zscore,1,first,5,0.95,0.040639325976371765,0.0901127681136131,0.1927575,0.3608144201435784,0.6391855798564217,0.1927575,0.3608144201435784,0.2517818808555603,0.17876777052879333,0.5892651557922363,0.18262486159801483,0.11906750500202179,0.39005717635154724,knn,20,50,1e-06,5.032486271843581,2.8838507428413114,15999064,800000,0.33484829272334127,0.2778583439746866
synthetic_large_zoom,train,middlebury,val,flow,global_radius,train_zscore,1,first,5,0.95,0.040639325976371765,0.05348641388118268,0.3615625,0.011169653424725347,0.9888303465752747,0.3615625,0.011169653424725347,0.12031683325767517,0.061000220477581024,0.312603908777237,0.9756156206130981,0.7030308842658997,2.1605987548828125,knn,20,50,1e-06,6.634307588045061,5.3567024038802575,15999064,96000,2.0241131222841497,9.349986894431778
synthetic_random_flipping,train,flyingthings,test,flow,global_radius,train_zscore,1,first,5,0.95,0.04802666995674371,0.041735369712114334,0.9116012585812358,0.3383249375,0.6616750625000001,0.9116012585812358,0.3383249375,0.05786745622754097,0.026891615241765976,0.046051682159304615,0.17198550701141357,0.06757687777280807,0.4776210874319076,knn,20,50,1e-06,2.30691110183919,3.3287429091733998,16000000,13984000,0.6851925966235637,1.0098983334494218
synthetic_random_flipping,train,kitti2015,val,flow,global_radius,train_zscore,1,first,5,0.95,0.04802666995674371,0.025176586676388977,0.9628105804187038,0.007862625,0.992137375,0.9628105804187038,0.007862625,0.026478860527276993,0.02023978903889656,0.03397463597357274,1.0716731548309326,0.9577966928482056,2.1194737195968627,knn,20,50,1e-06,5.307474716216801,6.156278467635222,16000000,398850,3.8651894795746182,12.185169565809595
synthetic_random_flipping,train,kitti2012,val,flow,global_radius,train_zscore,1,first,5,0.95,0.04802666995674371,0.03174469247460365,0.9628762886597938,0.0137800625,0.9862199375,0.9628762886597938,0.0137800625,0.02501687780022621,0.02064095437526703,0.034519538283348104,1.1163400411605835,0.9723055362701416,2.231394338607788,knn,20,50,1e-06,5.122482347168976,6.3641144009013555,16000000,388000,3.745397132623088,14.982762420812474
synthetic_random_flipping,train,spair,test,flow,global_radius,train_zscore,1,first,5,0.95,0.04802666995674371,0.2379161551594732,0.6627500793902826,0.8868753125,0.11312468750000004,0.6627500793902826,0.8868753125,0.046872638165950775,0.038627173751592636,0.08028934150934222,0.15385055541992188,0.13839995861053467,0.24634405970573425,knn,20,50,1e-06,0.5053237891363889,0.6776227612931356,16000000,56682,2.5819688176722377,2.1868510408356507
synthetic_random_flipping,train,pfpascal,test,flow,global_radius,train_zscore,1,first,5,0.95,0.04802666995674371,0.42719392925500865,0.8554266777133389,0.6261429375,0.37385706249999995,0.8554266777133389,0.6261429375,0.03408682346343994,0.031001543626189232,0.05217986665666104,0.49886202812194824,0.32018741965293884,1.1735490560531616,knn,20,50,1e-06,0.5872751641440619,0.9599081839534236,16000000,2414,3.863371406756905,14.730543113090736
synthetic_random_flipping,train,pfwillow,test,flow,global_radius,train_zscore,1,first,5,0.95,0.04802666995674371,0.25992658883333203,0.847,0.4841630625,0.5158369375,0.847,0.4841630625,0.03328380361199379,0.02996722422540188,0.05390352085232735,0.37434300780296326,0.26768314838409424,0.7934436798095703,knn,20,50,1e-06,1.1575070168645505,1.0479056386143029,16000000,9000,3.7754587562435455,15.168876544924503
synthetic_random_flipping,train,pointodyssey,test,flow,global_radius,train_zscore,1,first,5,0.95,0.04802666995674371,0.016155341640114784,0.9923853682120645,0.027094,0.972906,0.9923853682120645,0.027094,0.022150550037622452,0.020902492105960846,0.03377342708408832,0.4223549962043762,0.19549527764320374,1.226337456703186,knn,20,50,1e-06,6.42066911873696,5.549026071568762,16000000,13982160,2.10387402790519,16.03636362078934
synthetic_random_flipping,train,tss,val,flow,global_radius,train_zscore,1,first,5,0.95,0.04802666995674371,0.05204748790711164,0.93929875,0.2148760625,0.7851239375,0.93929875,0.2148760625,0.028716618195176125,0.02668217197060585,0.04341234676539898,0.21660344302654266,0.11669866740703583,0.49718236923217773,knn,20,50,1e-06,1.4276716485547722,1.5115937889460107,16000000,800000,1.7560871817997634,3.5533450038001124
synthetic_random_flipping,train,middlebury,val,flow,global_radius,train_zscore,1,first,5,0.95,0.04802666995674371,0.03509371876716615,0.93353125,0.0057954375,0.9942045625,0.93353125,0.0057954375,0.03039015457034111,0.027376117184758186,0.04362620115280152,1.0857656002044678,0.9183547496795654,2.1802185773849483,knn,20,50,1e-06,5.334944438551826,4.837014252745919,16000000,96000,4.029436537571162,18.332062316590818
sintel,train,flyingthings,test,flow,global_radius,train_zscore,1,first,5,0.95,0.07635296210646626,0.08720984756946554,0.36885011441647597,0.9413174831892411,0.05868251681075887,0.36885011441647597,0.9413174831892411,0.4666391909122467,0.10342421382665634,0.39807945787906646,0.0362265445291996,0.02652493491768837,0.06443073526024819,knn,20,50,1e-06,1.4207381632933298,2.173789609767588,2082000,13984000,1.542283150157172,1.3156127247505331
sintel,train,kitti2015,val,flow,global_radius,train_zscore,1,first,5,0.95,0.07635296210646626,0.06212708652019499,0.4868095775354143,0.225776176753122,0.774223823246878,0.4868095775354143,0.225776176753122,0.12258601933717728,0.07942403107881546,0.2768037676811218,0.4702868163585663,0.2240307331085205,1.1417194843292235,knn,20,50,1e-06,5.17755682201109,4.756022290707795,2082000,398850,0.413085697766307,1.4362744065708557
sintel,train,kitti2012,val,flow,global_radius,train_zscore,1,first,5,0.95,0.07635296210646626,0.06895724684000015,0.5668505154639175,0.18468443804034582,0.8153155619596542,0.5668505154639175,0.18468443804034582,0.08472108840942383,0.06751817464828491,0.1674491509795189,0.4808938503265381,0.21008706092834473,1.132472085952759,knn,20,50,1e-06,3.816319727853931,5.111963837806783,2082000,388000,0.6451816555670917,2.682412619668624
sintel,train,spair,test,flow,global_radius,train_zscore,1,first,5,0.95,0.07635296210646626,0.6614372342824936,0.012402526375216117,0.936554274735831,0.06344572526416903,0.012402526375216117,0.936554274735831,2.8149638175964355,1.0433595180511475,8.225004386901857,0.3852123022079468,0.36117857694625854,0.5944225013256074,knn,20,50,1e-06,6.591564636927076,6.642025188592414,2082000,56682,2.1417935397797576,0.953437131961264
sintel,train,pfpascal,test,flow,global_radius,train_zscore,1,first,5,0.95,0.07635296210646626,1.2193257987499238,0.04763877381938691,0.9944053794428435,0.005594620557156538,0.04763877381938691,0.9944053794428435,0.5354035496711731,0.3318033516407013,1.0750247716903703,0.5429162383079529,0.5274357199668884,0.7587713658809664,knn,20,50,1e-06,2.9719770356989623,5.004416531521675,2082000,2414,1.011516146815521,0.6937122156674205
sintel,train,pfwillow,test,flow,global_radius,train_zscore,1,first,5,0.95,0.07635296210646626,0.7640114605426783,0.06355555555555556,0.8616469740634006,0.13835302593659937,0.06355555555555556,0.8616469740634006,0.7186040282249451,0.33419597148895264,1.3273391723632821,0.48422399163246155,0.41601496934890747,0.8435100674629212,knn,20,50,1e-06,3.7512192700258806,4.884507763319923,2082000,9000,0.5550156050970029,0.3711290378272736
sintel,train,pointodyssey,test,flow,global_radius,train_zscore,1,first,5,0.95,0.07635296210646626,0.036232441663742065,0.8213254604438799,0.5647146974063401,0.43528530259365994,0.8213254604438799,0.5647146974063401,0.05706163868308067,0.027467219159007072,0.1253750517964363,0.06722725927829742,0.02996838465332985,0.14847873300313957,knn,20,50,1e-06,1.953175674613767,2.0960840097950353,2082000,13982160,0.04190482757994782,0.04835580622789122
sintel,train,tss,val,flow,global_radius,train_zscore,1,first,5,0.95,0.07635296210646626,0.15927459597587582,0.08005625,0.49940393852065323,0.5005960614793468,0.08005625,0.49940393852065323,1.0159822702407837,0.2491174042224884,1.2519209623336787,0.21901468932628632,0.15947750210762024,0.4324945867061616,knn,20,50,1e-06,4.685657834007769,5.240827190308691,2082000,800000,0.42879869045120766,0.19755273807204088
sintel,train,middlebury,val,flow,global_radius,train_zscore,1,first,5,0.95,0.07635296210646626,0.0675877183675766,0.12945833333333334,0.003090778097982709,0.9969092219020173,0.12945833333333334,0.003090778097982709,0.18973620235919952,0.15428636968135834,0.3297398626804354,1.1162067651748657,0.8119586706161499,1.9992488741874699,knn,20,50,1e-06,6.468991917136331,7.781334547480357,2082000,96000,2.8650506882013818,6.30270156435461
spair,train,flyingthings,test,flow,global_radius,train_zscore,1,first,5,0.95,0.22639174461364736,0.044118355959653854,0.6990313215102975,0.24701795658806447,0.7529820434119355,0.6990313215102975,0.24701795658806447,0.22425058484077454,0.16006988286972046,0.38997748494148254,0.1668497622013092,0.08786464482545853,0.40530275702476526,knn,20,50,1e-06,3.589817648790979,3.547312211025012,54409,13984000,0.44840032066290186,0.7682336759715095
spair,train,kitti2015,val,flow,global_radius,train_zscore,1,first,5,0.95,0.22639174461364736,0.026813511643558677,0.9205390497680832,0.002793655461412634,0.9972063445385874,0.9205390497680832,0.002793655461412634,0.13298992812633514,0.11432522535324097,0.20714149326086054,1.1546930074691772,1.052968144416809,2.1479783058166504,knn,20,50,1e-06,6.302593792651235,6.426909778561619,54409,398850,2.614862867007588,8.413649449548275
spair,train,kitti2012,val,flow,global_radius,train_zscore,1,first,5,0.95,0.22639174461364736,0.03277063630521297,0.88640206185567,0.0051278281166718745,0.9948721718833281,0.88640206185567,0.0051278281166718745,0.14152215421199799,0.11856415122747421,0.2415637910366059,1.1894818544387817,1.0692119598388672,2.2246595859527587,knn,20,50,1e-06,6.327734293280926,6.591511267268949,54409,388000,2.679936980501801,11.503255262906007
spair,train,spair,test,flow,global_radius,train_zscore,1,first,5,0.95,0.22639174461364736,0.24078247472643852,0.8383260999964716,0.9172563362678968,0.08274366373210318,0.8383260999964716,0.9172563362678968,0.16264455020427704,0.1480317860841751,0.2600443035364151,0.14998947083950043,0.13921411335468292,0.23059782385826122,knn,20,50,1e-06,0.18806552011380143,0.27811266387371664,54409,56682,0.020435031266948653,0.017642625534003798
spair,train,pfpascal,test,flow,global_radius,train_zscore,1,first,5,0.95,0.22639174461364736,0.434662826359272,0.8504556752278376,0.5947177856604606,0.40528221433953937,0.8504556752278376,0.5947177856604606,0.15624183416366577,0.139727383852005,0.2538762241601946,0.505416214466095,0.35859861969947815,1.0692032098770148,knn,20,50,1e-06,0.985019490134126,0.8142731764398561,54409,2414,1.3543946369563344,5.079999239445896
spair,train,pfwillow,test,flow,global_radius,train_zscore,1,first,5,0.95,0.22639174461364736,0.2555693984031677,0.9054444444444445,0.44216949401753386,0.5578305059824662,0.9054444444444445,0.44216949401753386,0.1406928300857544,0.130093052983284,0.22366373240947723,0.3937409818172455,0.2835119068622589,0.8240456223487854,knn,20,50,1e-06,1.3023482502089239,0.8553167039563292,54409,9000,0.9084710761518308,4.713384794162699
spair,train,pointodyssey,test,flow,global_radius,train_zscore,1,first,5,0.95,0.22639174461364736,0.017383497208356857,0.9274483341629619,0.01288389788454116,0.9871161021154589,0.9274483341629619,0.01288389788454116,0.13446025550365448,0.1213739886879921,0.2059534192085266,0.42589643597602844,0.243388369679451,1.104403066635132,knn,20,50,1e-06,7.767271744590647,5.8007459946135596,54409,13982160,0.7308211298952835,1.1600118905747205
spair,train,tss,val,flow,global_radius,train_zscore,1,first,5,0.95,0.22639174461364736,0.056259454227983945,0.956015,0.18728519178812328,0.8127148082118767,0.956015,0.18728519178812328,0.1286488026380539,0.1216036006808281,0.19159554094076156,0.2845838963985443,0.1502145677804947,0.7178974509239204,knn,20,50,1e-06,1.6825159786873396,1.8684493220645082,54409,800000,0.6916598311557176,1.2796966055523025
spair,train,middlebury,val,flow,global_radius,train_zscore,1,first,5,0.95,0.22639174461364736,0.04049203172326088,0.73046875,0.0044110349390725796,0.9955889650609274,0.73046875,0.0044110349390725796,0.1892774999141693,0.1570095717906952,0.3505067586898805,1.1179382801055908,0.9830988049507141,2.1474335193634033,knn,20,50,1e-06,6.162100009732569,4.858279517485105,54409,96000,1.9290577937389726,13.942457277962163
pointodyssey,train,flyingthings,test,flow,global_radius,train_zscore,1,first,5,0.95,0.04784052446484566,0.11802089288830755,0.20271074084668192,0.9729164985432792,0.027083501456720782,0.20271074084668192,0.9729164985432792,0.5833088755607605,0.1058344691991806,0.44843534529209134,0.0394018329679966,0.03177521005272865,0.061194730922579765,knn,20,50,1e-06,2.0309885443668994,3.1168309310573425,14027396,13984000,1.5291331140277018,1.0517016900555725
pointodyssey,train,kitti2015,val,flow,global_radius,train_zscore,1,first,5,0.95,0.04784052446484566,0.08353879600763316,0.36880030086498683,0.44481349211214966,0.5551865078878504,0.36880030086498683,0.44481349211214966,0.14382459223270416,0.07629404962062836,0.3587125390768053,0.40968066453933716,0.10401049256324768,1.1970218420028687,knn,20,50,1e-06,5.464445811520268,3.9910731962398556,14027396,398850,0.3078014074307965,0.4532323308070481
pointodyssey,train,kitti2012,val,flow,global_radius,train_zscore,1,first,5,0.95,0.04784052446484566,0.09249383062124249,0.3349123711340206,0.369022090771516,0.630977909228484,0.3349123711340206,0.369022090771516,0.11629436165094376,0.07698206603527069,0.26464944779872906,0.4173319339752197,0.134273499250412,1.1492276787757874,knn,20,50,1e-06,4.6879995689952665,4.5847465681342285,14027396,388000,0.3009431929228948,0.7722972052097306
pointodyssey,train,spair,test,flow,global_radius,train_zscore,1,first,5,0.95,0.04784052446484566,0.8841423988342285,0.0048339860978793975,0.9883633427045191,0.011636657295480912,0.0048339860978793975,0.9883633427045191,3.059863567352295,0.850153923034668,9.798954391479494,0.4251195788383484,0.4081091284751892,0.6396076083183289,knn,20,50,1e-06,6.7647465509090186,7.644931759095845,14027396,56682,1.4588872732271367,0.782752083408568
pointodyssey,train,pfpascal,test,flow,global_radius,train_zscore,1,first,5,0.95,0.04784052446484566,1.6345505118370054,0.020712510356255178,0.9984106814978346,0.001589318502165371,0.020712510356255178,0.9984106814978346,0.4769372045993805,0.33505335450172424,0.9529266953468324,0.6466386914253235,0.639444887638092,0.8877386152744293,knn,20,50,1e-06,3.304647880243982,6.16542091051862,14027396,2414,1.1715549404072645,0.7826976721778894
pointodyssey,train,pfwillow,test,flow,global_radius,train_zscore,1,first,5,0.95,0.04784052446484566,1.0298368752002716,0.026333333333333334,0.9568311181918583,0.04316888180814171,0.026333333333333334,0.9568311181918583,0.6238705515861511,0.33949291706085205,1.054678249359131,0.5350701808929443,0.4965980648994446,0.8153574764728546,knn,20,50,1e-06,3.925929701176522,5.972498135867657,14027396,9000,0.7470638263444845,0.49314409120216174
pointodyssey,train,pointodyssey,test,flow,global_radius,train_zscore,1,first,5,0.95,0.04784052446484566,0.04890285506844502,0.768175947063973,0.7697658924008419,0.23023410759915808,0.768175947063973,0.7697658924008419,0.04400840029120445,0.01680530048906803,0.10832582786679264,0.042483139783144,0.017912182956933975,0.10217088460922241,knn,20,50,1e-06,1.1848325996992102,1.06440018543364,14027396,13982160,0.004497044853883338,0.004429594809109658
pointodyssey,train,tss,val,flow,global_radius,train_zscore,1,first,5,0.95,0.04784052446484566,0.21593993678689,0.0355325,0.732925412528455,0.267074587471545,0.0355325,0.732925412528455,1.0228512287139893,0.2544407248497009,1.0002429723739619,0.1928429752588272,0.14789187908172607,0.3669891953468323,knn,20,50,1e-06,4.959833950922299,5.734853783559817,14027396,800000,0.40302911097312005,0.2866898821229787
pointodyssey,train,middlebury,val,flow,global_radius,train_zscore,1,first,5,0.95,0.04784052446484566,0.08870223946869374,0.05184375,0.0027672277876806214,0.9972327722123194,0.05184375,0.0027672277876806214,0.19698195159435272,0.14917171001434326,0.383229997754097,1.217657446861267,0.9871950149536133,1.7390603423118591,knn,20,50,1e-06,7.29713046243628,8.795694994099605,14027396,96000,3.3121690724521464,5.344047431568291
spair_2d_warp_70_30,train,flyingthings,test,flow,global_radius,train_zscore,1,first,5,0.95,0.0499690145254135,0.049711622297763824,0.6141007580091533,0.42175606741281363,0.5782439325871864,0.6141007580091533,0.42175606741281363,0.10845508426427841,0.04317159950733185,0.09117439091205595,0.07195740193128586,0.056178610771894455,0.13508512377738954,knn,20,50,1e-06,2.545035426428105,2.434929035669471,10054409,13984000,0.1150973969459497,0.13568661438987856
spair_2d_warp_70_30,train,kitti2015,val,flow,global_radius,train_zscore,1,first,5,0.95,0.0499690145254135,0.030585751403123137,0.7997041494296101,0.004145047212620851,0.9958549527873791,0.7997041494296101,0.004145047212620851,0.04308360069990158,0.03365066275000572,0.0642011284828186,0.9744086265563965,0.8788827061653137,1.8166904926300051,knn,20,50,1e-06,6.1600170832993095,6.363370550038473,10054409,398850,3.8427004075291213,10.076012106732142
spair_2d_warp_70_30,train,kitti2012,val,flow,global_radius,train_zscore,1,first,5,0.95,0.0499690145254135,0.038588915392756454,0.7887628865979381,0.008528795675608582,0.9914712043243914,0.7887628865979381,0.008528795675608582,0.041235119104385376,0.03486514091491699,0.06359764188528064,1.1153701543807983,1.0434547662734985,2.0124500751495367,knn,20,50,1e-06,5.713309831038601,6.949239170343298,10054409,388000,3.7067879985299856,15.746264508640298
spair_2d_warp_70_30,train,spair,test,flow,global_radius,train_zscore,1,first,5,0.95,0.0499690145254135,0.31904177963733654,0.24432800536325464,0.9374632561695073,0.06253674383049268,0.24432800536325464,0.9374632561695073,0.14568586647510529,0.1289556622505188,0.2858426481485367,0.18467342853546143,0.17118383944034576,0.2875027060508728,knn,20,50,1e-06,2.8024414926756522,1.6446170136342717,10054409,56682,0.6932215476378714,0.35624116314609544
spair_2d_warp_70_30,train,pfpascal,test,flow,global_radius,train_zscore,1,first,5,0.95,0.0499690145254135,0.5578086972236633,0.5476387738193869,0.9000420611494917,0.0999579388505083,0.5476387738193869,0.9000420611494917,0.06566707789897919,0.04661988466978073,0.13570815473794956,0.35016393661499023,0.3147706389427185,0.557744562625885,knn,20,50,1e-06,0.7865918975268347,1.0420013936859878,10054409,2414,3.1904066543913623,5.515649237185817
spair_2d_warp_70_30,train,pfwillow,test,flow,global_radius,train_zscore,1,first,5,0.95,0.0499690145254135,0.35437614619731894,0.5471111111111111,0.7036285275444832,0.29637147245551676,0.5471111111111111,0.7036285275444832,0.07372141629457474,0.04626534879207611,0.17246395349502563,0.3097054362297058,0.2593449354171753,0.5583351016044619,knn,20,50,1e-06,1.6075245914773024,1.1946796362756258,10054409,9000,2.535660924744284,3.5253455626043393
spair_2d_warp_70_30,train,pointodyssey,test,flow,global_radius,train_zscore,1,first,5,0.95,0.0499690145254135,0.018153592944145203,0.8274772281249821,0.018932390755140357,0.9810676092448597,0.8274772281249821,0.018932390755140357,0.03637670353055,0.03258480131626129,0.05823709592223167,0.2062242478132248,0.1501874327659607,0.4387793362140656,knn,20,50,1e-06,6.475490074698695,4.6173233429234966,10054409,13982160,1.5722481211722166,4.503573661622635
spair_2d_warp_70_30,train,tss,val,flow,global_radius,train_zscore,1,first,5,0.95,0.0499690145254135,0.06556868925690648,0.61218875,0.21268898052585686,0.7873110194741432,0.61218875,0.21268898052585686,0.06230689957737923,0.04190022498369217,0.1444251030683517,0.20990446209907532,0.13948607444763184,0.4794235169887549,knn,20,50,1e-06,2.290892432802941,2.075935784775202,10054409,800000,0.9196568220532514,1.311905390632331
spair_2d_warp_70_30,train,middlebury,val,flow,global_radius,train_zscore,1,first,5,0.95,0.0499690145254135,0.0442049615085125,0.6259791666666666,0.00588040530278806,0.9941195946972119,0.6259791666666666,0.00588040530278806,0.05051606893539429,0.04293106123805046,0.0825579032301903,1.1040136814117432,1.0206276178359985,2.0233938694000244,knn,20,50,1e-06,5.505880816061713,5.3957274522176135,10054409,96000,3.698774664259092,17.632603368002208
spair_2d_warp_50_50,train,flyingthings,test,flow,global_radius,train_zscore,1,first,5,0.95,0.0499690145254135,0.049711622297763824,0.6141007580091533,0.42175606741281363,0.5782439325871864,0.6141007580091533,0.42175606741281363,0.10845508426427841,0.04317159950733185,0.09117439091205595,0.07195740193128586,0.056178610771894455,0.13508512377738954,knn,20,50,1e-06,2.545035426428105,2.434929035669471,10054409,13984000,0.1150973969459497,0.13568661438987856
spair_2d_warp_50_50,train,kitti2015,val,flow,global_radius,train_zscore,1,first,5,0.95,0.0499690145254135,0.030585751403123137,0.7997041494296101,0.004145047212620851,0.9958549527873791,0.7997041494296101,0.004145047212620851,0.04308360069990158,0.03365066275000572,0.0642011284828186,0.9744086265563965,0.8788827061653137,1.8166904926300051,knn,20,50,1e-06,6.1600170832993095,6.363370550038473,10054409,398850,3.8427004075291213,10.076012106732142
spair_2d_warp_50_50,train,kitti2012,val,flow,global_radius,train_zscore,1,first,5,0.95,0.0499690145254135,0.038588915392756454,0.7887628865979381,0.008528795675608582,0.9914712043243914,0.7887628865979381,0.008528795675608582,0.041235119104385376,0.03486514091491699,0.06359764188528064,1.1153701543807983,1.0434547662734985,2.0124500751495367,knn,20,50,1e-06,5.713309831038601,6.949239170343298,10054409,388000,3.7067879985299856,15.746264508640298
spair_2d_warp_50_50,train,spair,test,flow,global_radius,train_zscore,1,first,5,0.95,0.0499690145254135,0.31904177963733654,0.24432800536325464,0.9374632561695073,0.06253674383049268,0.24432800536325464,0.9374632561695073,0.14568586647510529,0.1289556622505188,0.2858426481485367,0.18467342853546143,0.17118383944034576,0.2875027060508728,knn,20,50,1e-06,2.8024414926756522,1.6446170136342717,10054409,56682,0.6932215476378714,0.35624116314609544
spair_2d_warp_50_50,train,pfpascal,test,flow,global_radius,train_zscore,1,first,5,0.95,0.0499690145254135,0.5578086972236633,0.5476387738193869,0.9000420611494917,0.0999579388505083,0.5476387738193869,0.9000420611494917,0.06566707789897919,0.04661988466978073,0.13570815473794956,0.35016393661499023,0.3147706389427185,0.557744562625885,knn,20,50,1e-06,0.7865918975268347,1.0420013936859878,10054409,2414,3.1904066543913623,5.515649237185817
spair_2d_warp_50_50,train,pfwillow,test,flow,global_radius,train_zscore,1,first,5,0.95,0.0499690145254135,0.35437614619731894,0.5471111111111111,0.7036285275444832,0.29637147245551676,0.5471111111111111,0.7036285275444832,0.07372141629457474,0.04626534879207611,0.17246395349502563,0.3097054362297058,0.2593449354171753,0.5583351016044619,knn,20,50,1e-06,1.6075245914773024,1.1946796362756258,10054409,9000,2.535660924744284,3.5253455626043393
spair_2d_warp_50_50,train,pointodyssey,test,flow,global_radius,train_zscore,1,first,5,0.95,0.0499690145254135,0.018153592944145203,0.8274772281249821,0.018932390755140357,0.9810676092448597,0.8274772281249821,0.018932390755140357,0.03637670353055,0.03258480131626129,0.05823709592223167,0.2062242478132248,0.1501874327659607,0.4387793362140656,knn,20,50,1e-06,6.475490074698695,4.6173233429234966,10054409,13982160,1.5722481211722166,4.503573661622635
spair_2d_warp_50_50,train,tss,val,flow,global_radius,train_zscore,1,first,5,0.95,0.0499690145254135,0.06556868925690648,0.61218875,0.21268898052585686,0.7873110194741432,0.61218875,0.21268898052585686,0.06230689957737923,0.04190022498369217,0.1444251030683517,0.20990446209907532,0.13948607444763184,0.4794235169887549,knn,20,50,1e-06,2.290892432802941,2.075935784775202,10054409,800000,0.9196568220532514,1.311905390632331
spair_2d_warp_50_50,train,middlebury,val,flow,global_radius,train_zscore,1,first,5,0.95,0.0499690145254135,0.0442049615085125,0.6259791666666666,0.00588040530278806,0.9941195946972119,0.6259791666666666,0.00588040530278806,0.05051606893539429,0.04293106123805046,0.0825579032301903,1.1040136814117432,1.0206276178359985,2.0233938694000244,knn,20,50,1e-06,5.505880816061713,5.3957274522176135,10054409,96000,3.698774664259092,17.632603368002208
spair_2d_warp_30_70,train,flyingthings,test,flow,global_radius,train_zscore,1,first,5,0.95,0.0499690145254135,0.049711622297763824,0.6141007580091533,0.42175606741281363,0.5782439325871864,0.6141007580091533,0.42175606741281363,0.10845508426427841,0.04317159950733185,0.09117439091205595,0.07195740193128586,0.056178610771894455,0.13508512377738954,knn,20,50,1e-06,2.545035426428105,2.434929035669471,10054409,13984000,0.1150973969459497,0.13568661438987856
spair_2d_warp_30_70,train,kitti2015,val,flow,global_radius,train_zscore,1,first,5,0.95,0.0499690145254135,0.030585751403123137,0.7997041494296101,0.004145047212620851,0.9958549527873791,0.7997041494296101,0.004145047212620851,0.04308360069990158,0.03365066275000572,0.0642011284828186,0.9744086265563965,0.8788827061653137,1.8166904926300051,knn,20,50,1e-06,6.1600170832993095,6.363370550038473,10054409,398850,3.8427004075291213,10.076012106732142
spair_2d_warp_30_70,train,kitti2012,val,flow,global_radius,train_zscore,1,first,5,0.95,0.0499690145254135,0.038588915392756454,0.7887628865979381,0.008528795675608582,0.9914712043243914,0.7887628865979381,0.008528795675608582,0.041235119104385376,0.03486514091491699,0.06359764188528064,1.1153701543807983,1.0434547662734985,2.0124500751495367,knn,20,50,1e-06,5.713309831038601,6.949239170343298,10054409,388000,3.7067879985299856,15.746264508640298
spair_2d_warp_30_70,train,spair,test,flow,global_radius,train_zscore,1,first,5,0.95,0.0499690145254135,0.31904177963733654,0.24432800536325464,0.9374632561695073,0.06253674383049268,0.24432800536325464,0.9374632561695073,0.14568586647510529,0.1289556622505188,0.2858426481485367,0.18467342853546143,0.17118383944034576,0.2875027060508728,knn,20,50,1e-06,2.8024414926756522,1.6446170136342717,10054409,56682,0.6932215476378714,0.35624116314609544
spair_2d_warp_30_70,train,pfpascal,test,flow,global_radius,train_zscore,1,first,5,0.95,0.0499690145254135,0.5578086972236633,0.5476387738193869,0.9000420611494917,0.0999579388505083,0.5476387738193869,0.9000420611494917,0.06566707789897919,0.04661988466978073,0.13570815473794956,0.35016393661499023,0.3147706389427185,0.557744562625885,knn,20,50,1e-06,0.7865918975268347,1.0420013936859878,10054409,2414,3.1904066543913623,5.515649237185817
spair_2d_warp_30_70,train,pfwillow,test,flow,global_radius,train_zscore,1,first,5,0.95,0.0499690145254135,0.35437614619731894,0.5471111111111111,0.7036285275444832,0.29637147245551676,0.5471111111111111,0.7036285275444832,0.07372141629457474,0.04626534879207611,0.17246395349502563,0.3097054362297058,0.2593449354171753,0.5583351016044619,knn,20,50,1e-06,1.6075245914773024,1.1946796362756258,10054409,9000,2.535660924744284,3.5253455626043393
spair_2d_warp_30_70,train,pointodyssey,test,flow,global_radius,train_zscore,1,first,5,0.95,0.0499690145254135,0.018153592944145203,0.8274772281249821,0.018932390755140357,0.9810676092448597,0.8274772281249821,0.018932390755140357,0.03637670353055,0.03258480131626129,0.05823709592223167,0.2062242478132248,0.1501874327659607,0.4387793362140656,knn,20,50,1e-06,6.475490074698695,4.6173233429234966,10054409,13982160,1.5722481211722166,4.503573661622635
spair_2d_warp_30_70,train,tss,val,flow,global_radius,train_zscore,1,first,5,0.95,0.0499690145254135,0.06556868925690648,0.61218875,0.21268898052585686,0.7873110194741432,0.61218875,0.21268898052585686,0.06230689957737923,0.04190022498369217,0.1444251030683517,0.20990446209907532,0.13948607444763184,0.4794235169887549,knn,20,50,1e-06,2.290892432802941,2.075935784775202,10054409,800000,0.9196568220532514,1.311905390632331
spair_2d_warp_30_70,train,middlebury,val,flow,global_radius,train_zscore,1,first,5,0.95,0.0499690145254135,0.0442049615085125,0.6259791666666666,0.00588040530278806,0.9941195946972119,0.6259791666666666,0.00588040530278806,0.05051606893539429,0.04293106123805046,0.0825579032301903,1.1040136814117432,1.0206276178359985,2.0233938694000244,knn,20,50,1e-06,5.505880816061713,5.3957274522176135,10054409,96000,3.698774664259092,17.632603368002208
spair_synthetic_30_70,train,flyingthings,test,flow,global_radius,train_zscore,1,first,5,0.95,0.06354318559169769,0.049703922122716904,0.9300858838672769,0.4921027183198933,0.5078972816801067,0.9300858838672769,0.4921027183198933,0.08901281654834747,0.03267199173569679,0.055111479759216306,0.08183734118938446,0.05039625242352486,0.1653260618448261,knn,20,50,1e-06,1.7174554779155191,1.5300819183500938,10054409,13984000,0.35920659432476154,0.50011801463969
spair_synthetic_30_70,train,kitti2015,val,flow,global_radius,train_zscore,1,first,5,0.95,0.06354318559169769,0.03047169651836156,0.9665688855459446,0.011248299129267569,0.9887517008707324,0.9665688855459446,0.011248299129267569,0.03157828375697136,0.024519693106412888,0.03991842567920685,0.932283341884613,0.7549594044685364,1.9317415714263928,knn,20,50,1e-06,4.998438012219957,5.020324330215907,10054409,398850,3.58703024935147,9.242915750737701
spair_synthetic_30_70,train,kitti2012,val,flow,global_radius,train_zscore,1,first,5,0.95,0.06354318559169769,0.0390066785737872,0.9684355670103093,0.022068427890689548,0.9779315721093105,0.9684355670103093,0.022068427890689548,0.02946680411696434,0.02486799657344818,0.04008115790784359,0.9815013408660889,0.7962044477462769,2.0298515319824224,knn,20,50,1e-06,4.5960925307808695,5.284733180980822,10054409,388000,3.388717379895096,12.58646502674567
spair_synthetic_30_70,train,spair,test,flow,global_radius,train_zscore,1,first,5,0.95,0.06354318559169769,0.3106021583080292,0.5085741505239759,0.9172825573338025,0.08271744266619752,0.5085741505239759,0.9172825573338025,0.08625668287277222,0.06261979788541794,0.17873200476169587,0.1877368986606598,0.17214182019233704,0.2964358568191533,knn,20,50,1e-06,1.1082514830606067,0.9672230464702141,10054409,56682,1.6530019037298476,1.0255228408289552
spair_synthetic_30_70,train,pfpascal,test,flow,global_radius,train_zscore,1,first,5,0.95,0.06354318559169769,0.5471607118844986,0.8794531897265948,0.8648272613537007,0.1351727386462993,0.8794531897265948,0.8648272613537007,0.04324546083807945,0.03874080255627632,0.06734564974904064,0.3751647174358368,0.30526092648506165,0.6189349293708801,knn,20,50,1e-06,0.1525358378230237,0.3125263942106322,10054409,2414,3.7951598291509203,14.592714059227461
spair_synthetic_30_70,train,pfwillow,test,flow,global_radius,train_zscore,1,first,5,0.95,0.06354318559169769,0.34667167812585814,0.8444444444444444,0.6645939109896961,0.3354060890103039,0.8444444444444444,0.6645939109896961,0.04578584060072899,0.03889354318380356,0.0741084560751915,0.3390747904777527,0.26639893651008606,0.616588139533997,knn,20,50,1e-06,0.8250189491161919,0.5480777325734794,10054409,9000,3.531986183907846,8.782595360043807
