src,bench,variant,actual,L2,L2g
flyingthings,flyingthings,catspp|False|False,76.3251,35.928584040249696,41.97391389634931
flyingthings,flyingthings,catspp|False|True,76.5009,38.29568065392703,43.990948859970715
flyingthings,flyingthings,catspp|True|False,85.2977,54.65958388971225,56.07022082188912
flyingthings,flyingthings,catspp|True|True,85.2894,55.78654102004604,56.925999181918684
flyingthings,flyingthings,glunet|False|False,79.5401,50.6656298476774,55.15087406705159
flyingthings,flyingthings,glunet|False|True,72.9905,46.85143291881736,51.71813558054268
flyingthings,flyingthings,glunet|True|False,85.8465,55.406188395625655,57.6678814497123
flyingthings,flyingthings,glunet|True|True,81.4831,61.20279423913718,63.18262546297112
flyingthings,flyingthings,raft|True|False,79.60585,32.578206948998066,37.51722199531434
flyingthings,kitti2012,catspp|False|False,94.359,74.571709331244,73.25094501101947
flyingthings,kitti2012,catspp|False|True,94.1642,75.66520398897183,74.39978822970791
flyingthings,kitti2012,catspp|True|False,98.098,89.83957036485789,91.3149466964518
flyingthings,kitti2012,catspp|True|True,97.709,89.96086503521254,91.15139918299502
flyingthings,kitti2012,glunet|False|False,97.2233,79.98779399165201,79.01217006087758
flyingthings,kitti2012,glunet|False|True,94.0515,76.3181295230363,75.29379867760493
flyingthings,kitti2012,glunet|True|False,99.4901,81.0275228691729,83.41411078348236
flyingthings,kitti2012,glunet|True|True,99.0764,86.93628514222522,89.02716166498848
flyingthings,kitti2012,raft|True|False,96.60025,69.6544057933189,68.94104266465745
flyingthings,kitti2015,catspp|False|False,91.4836,73.04077892719674,70.5151418077659
flyingthings,kitti2015,catspp|False|True,91.5434,75.3105665927,72.89725952808358
flyingthings,kitti2015,catspp|True|False,96.7896,91.28215609302778,92.75385819910245
flyingthings,kitti2015,catspp|True|True,95.7013,91.49634191492905,92.683918984417
flyingthings,kitti2015,glunet|False|False,93.9097,84.01047090274305,82.13708585659231
flyingthings,kitti2015,glunet|False|True,89.0545,80.44098596817959,78.34383775556637
flyingthings,kitti2015,glunet|True|False,97.7086,82.95136891706093,85.33117097299619
flyingthings,kitti2015,glunet|True|True,97.3336,89.13382359226067,91.21991643554365
flyingthings,kitti2015,raft|True|False,91.5495,71.45705431222605,69.8139134053854
flyingthings,middlebury,catspp|False|False,53.7485,50.74945290255589,52.64817081340836
flyingthings,middlebury,catspp|False|True,54.4476,53.994653353422315,55.75998570552955
flyingthings,middlebury,catspp|True|False,54.1447,65.19912276878496,66.66698024232969
flyingthings,middlebury,catspp|True|True,52.9753,66.15291215323623,67.33786527338837
flyingthings,middlebury,glunet|False|False,54.4217,72.23790918814542,73.61459982226191
flyingthings,middlebury,glunet|False|True,54.6248,67.33864114967965,68.83852248767354
flyingthings,middlebury,glunet|True|False,55.8664,73.80907498055298,76.18176948100182
flyingthings,middlebury,glunet|True|True,55.5054,79.74786035237452,81.82687478568117
flyingthings,middlebury,raft|True|False,54.08675,45.72230067390301,47.34613540996461
flyingthings,pfpascal,catspp|False|False,16.4969,44.886245221315306,49.127244482319085
flyingthings,pfpascal,catspp|False|True,16.0706,47.07175925288474,51.066450846544534
flyingthings,pfpascal,catspp|True|False,48.3555,63.01879458922567,64.37907676086395
flyingthings,pfpascal,catspp|True|True,50.7447,63.8405835836245,64.93169469273863
flyingthings,pfpascal,glunet|False|False,11.2521,57.92243949203371,61.05454364930545
flyingthings,pfpascal,glunet|False|True,14.9872,53.1372811644729,56.53443078410381
flyingthings,pfpascal,glunet|True|False,34.1953,61.38844077368167,63.55231543544659
flyingthings,pfpascal,glunet|True|True,33.9699,67.12700106062012,68.99276519995902
flyingthings,pfpascal,raft|True|False,13.37085,40.29511786114962,43.848642798836835
flyingthings,pfwillow,catspp|False|False,17.4889,38.81666233540889,42.303840887123016
flyingthings,pfwillow,catspp|False|True,19.0444,40.50982861907413,43.79342284532254
flyingthings,pfwillow,catspp|True|False,51.4778,59.997473542257126,61.276379260215826
flyingthings,pfwillow,catspp|True|True,53.4,60.85324024411714,61.870009731681115
flyingthings,pfwillow,glunet|False|False,16.2466,47.892050930596334,50.470710128052986
flyingthings,pfwillow,glunet|False|True,18.3398,43.69706402119658,46.49502798072756
flyingthings,pfwillow,glunet|True|False,35.8302,53.50442859613952,55.50436720480062
flyingthings,pfwillow,glunet|True|True,36.9398,59.374949576432456,61.100426686927236
flyingthings,pfwillow,raft|True|False,16.6614,34.85935464777432,37.87008745115091
flyingthings,pointodyssey,catspp|False|False,46.0158,45.296716863654936,50.542014245894414
flyingthings,pointodyssey,catspp|False|True,68.9316,45.95831123232357,50.833274747670785
flyingthings,pointodyssey,catspp|True|False,64.7289,66.14872750327292,67.62810527402695
flyingthings,pointodyssey,catspp|True|True,59.3461,66.7575193287616,67.95052337476659
flyingthings,pointodyssey,glunet|False|False,93.9512,47.511751014052464,51.44984543190506
flyingthings,pointodyssey,glunet|False|True,91.9442,43.61511503302549,47.88154445645742
flyingthings,pointodyssey,glunet|True|False,97.4434,51.832712500676315,54.21926644186534
flyingthings,pointodyssey,glunet|True|True,95.08,57.32626260004927,59.41515490984422
flyingthings,pointodyssey,raft|True|False,36.1356,41.3784561129624,45.76533744216181
flyingthings,spair,catspp|False|False,3.633,34.751429718223456,40.115000023541185
flyingthings,spair,catspp|False|True,3.6918,35.84044193893769,40.89032063379062
flyingthings,spair,catspp|True|False,19.9484,58.19754548841053,58.18548407165871
flyingthings,spair,catspp|True|True,19.8812,58.32000912677973,58.310816086089005
flyingthings,spair,glunet|False|False,2.6105,34.29974025447893,38.26725299133713
flyingthings,spair,glunet|False|True,2.7028,29.68211324239505,33.9909716348582
flyingthings,spair,glunet|True|False,6.6514,40.77868877708892,40.75874353401097
flyingthings,spair,glunet|True|True,7.582,44.96350639707041,44.946689582853004
flyingthings,spair,raft|True|False,2.69925,32.16689910529114,36.58648615483015
flyingthings,synthetic,catspp|False|False,20.6718,24.13421744776173,30.02002106533316
flyingthings,synthetic,catspp|False|True,22.0954,24.684170901827212,30.22514526485633
flyingthings,synthetic,catspp|True|False,38.1694,45.832144990214495,45.304884305554864
flyingthings,synthetic,catspp|True|True,38.2449,47.05752258229108,46.45724921814258
flyingthings,synthetic,glunet|False|False,15.5289,26.045328310968248,30.402258876959444
flyingthings,synthetic,glunet|False|True,15.7001,23.38301226603159,28.11380126058465
flyingthings,synthetic,glunet|True|False,35.4304,30.92974461057262,29.53512618507525
flyingthings,synthetic,glunet|True|True,27.769,36.67073297416267,35.170860519803064
flyingthings,synthetic,raft|True|False,15.92325,21.24632782643955,26.05342251738285
flyingthings,tss,catspp|False|False,33.5001,38.43083917109234,43.606844554810486
flyingthings,tss,catspp|False|True,32.7945,39.865568669281636,44.73516985902226
flyingthings,tss,catspp|True|False,66.7564,58.77932719893365,59.82980484798512
flyingthings,tss,catspp|True|True,66.7002,59.64290240153813,60.46926847864738
flyingthings,tss,glunet|False|False,26.1161,44.32301251593051,48.147046130587604
flyingthings,tss,glunet|False|True,32.7723,40.16051862331202,44.321464928150846
flyingthings,tss,glunet|True|False,58.8215,48.3728988671989,49.87052406285739
flyingthings,tss,glunet|True|True,54.9733,53.936745475641146,55.26434292147413
flyingthings,tss,raft|True|False,24.11475,35.08130215506105,39.34933883783386
imagenet2dwarp,flyingthings,catspp|False|False,57.94145,37.809358151117756,43.7521959889979
imagenet2dwarp,flyingthings,catspp|False|True,60.329,41.59585817545914,47.2159285911945
imagenet2dwarp,flyingthings,catspp|True|False,78.9297,56.322004711653236,57.17720426480253
imagenet2dwarp,flyingthings,catspp|True|True,79.9519,56.727402980028906,57.42902208042798
imagenet2dwarp,flyingthings,glunet|False|False,54.827,53.01086957913802,57.42161888889974
imagenet2dwarp,flyingthings,glunet|False|True,48.8918,49.92737117695121,54.71639735387765
imagenet2dwarp,flyingthings,glunet|True|False,11.3571,62.1842894133449,63.66156586209492
imagenet2dwarp,flyingthings,glunet|True|True,66.7997,62.56115606518463,63.908110293548305
imagenet2dwarp,flyingthings,raft|True|False,4.28145,36.4347942873184,41.96004863282283
imagenet2dwarp,kitti2012,catspp|False|False,69.0475,77.27238861464878,68.60768987749866
imagenet2dwarp,kitti2012,catspp|False|True,72.7553,78.72040653602966,70.35169691847403
imagenet2dwarp,kitti2012,catspp|True|False,92.9336,90.52331092245745,91.6313767944357
imagenet2dwarp,kitti2012,catspp|True|True,93.6996,90.37316061290026,91.2815255366405
imagenet2dwarp,kitti2012,glunet|False|False,83.4869,82.49954583881376,76.03852132610761
imagenet2dwarp,kitti2012,glunet|False|True,82.5947,79.41928761217261,72.59708587465174
imagenet2dwarp,kitti2012,glunet|True|False,22.7606,89.55135123766489,91.485885904463
imagenet2dwarp,kitti2012,glunet|True|True,93.1941,88.63900242802734,90.4033400202317
imagenet2dwarp,kitti2012,raft|True|False,13.823675,78.13661392948556,70.9579588487769
imagenet2dwarp,kitti2015,catspp|False|False,78.94014999999999,77.02988129603288,69.07645846338205
imagenet2dwarp,kitti2015,catspp|False|True,81.1634,79.42101583875835,71.78229733767667
imagenet2dwarp,kitti2015,catspp|True|False,92.1125,91.9976552985692,93.09100995962794
imagenet2dwarp,kitti2015,catspp|True|True,93.2336,92.03799928011891,92.93434726181195
imagenet2dwarp,kitti2015,glunet|False|False,85.4709,87.09420515878291,81.19763512831733
imagenet2dwarp,kitti2015,glunet|False|True,80.8596,83.92688480670533,77.31226578144323
imagenet2dwarp,kitti2015,glunet|True|False,29.7992,92.29474801650179,94.20224733576111
imagenet2dwarp,kitti2015,glunet|True|True,89.5363,90.6874023464059,92.42841511685766
imagenet2dwarp,kitti2015,raft|True|False,18.0252125,81.1024712513571,74.52342397478529
imagenet2dwarp,middlebury,catspp|False|False,44.0987,52.69343681544167,46.463830180255734
imagenet2dwarp,middlebury,catspp|False|True,43.6812,57.72690967487593,51.90981153759108
imagenet2dwarp,middlebury,catspp|True|False,53.1042,67.2436690075455,68.34401803188358
imagenet2dwarp,middlebury,catspp|True|True,52.309,67.4798818309095,68.38234952562247
imagenet2dwarp,middlebury,glunet|False|False,43.3059,75.14640895018621,70.6215536955854
imagenet2dwarp,middlebury,glunet|False|True,38.4231,70.88231295389934,65.97283430820474
imagenet2dwarp,middlebury,glunet|True|False,23.1404,82.66924908067105,84.58731362602339
imagenet2dwarp,middlebury,glunet|True|True,46.7311,81.41215147487108,83.1625156340019
imagenet2dwarp,middlebury,raft|True|False,12.416825,51.44262519651769,46.74530000716168
imagenet2dwarp,pfpascal,catspp|False|False,9.00725,47.43042969719422,51.25805139309315
imagenet2dwarp,pfpascal,catspp|False|True,7.8772,50.83517861308641,54.45347693970044
imagenet2dwarp,pfpascal,catspp|True|False,34.5998,64.5739260493227,65.3935915597033
imagenet2dwarp,pfpascal,catspp|True|True,45.3169,64.79499583725656,65.4636914317516
imagenet2dwarp,pfpascal,glunet|False|False,6.0177,60.95151204701088,63.7822844795221
imagenet2dwarp,pfpascal,glunet|False|True,6.6055,56.97098580644233,60.04065772618967
imagenet2dwarp,pfpascal,glunet|True|False,5.8954,69.3545697049652,70.76013201515771
imagenet2dwarp,pfpascal,glunet|True|True,29.9721,68.83900565205515,70.10827654135643
imagenet2dwarp,pfpascal,raft|True|False,5.7248375000000005,45.97968147643607,49.677384944336914
imagenet2dwarp,pfwillow,catspp|False|False,11.4111,41.40563263862248,45.15067686585099
imagenet2dwarp,pfwillow,catspp|False|True,11.5778,44.053925562815245,47.59348941854839
imagenet2dwarp,pfwillow,catspp|True|False,40.8778,61.36671300132103,61.868210243206576
imagenet2dwarp,pfwillow,catspp|True|True,48.9333,61.610101199685715,62.01409136178924
imagenet2dwarp,pfwillow,glunet|False|False,10.8778,50.81875693334962,53.59054827450824
imagenet2dwarp,pfwillow,glunet|False|True,10.5889,47.43143333134297,50.44070172125244
imagenet2dwarp,pfwillow,glunet|True|False,10.1,60.649768405660446,61.49592304858258
imagenet2dwarp,pfwillow,glunet|True|True,31.7,60.98502480900107,61.74769679761629
imagenet2dwarp,pfwillow,raft|True|False,6.6805625,39.66806145310479,43.313967625395996
imagenet2dwarp,pointodyssey,catspp|False|False,51.33235,48.03151557898755,53.4311727400589
imagenet2dwarp,pointodyssey,catspp|False|True,48.7736,48.53097994435295,53.54660898461826
imagenet2dwarp,pointodyssey,catspp|True|False,36.487,66.44085614527391,67.55470121056722
imagenet2dwarp,pointodyssey,catspp|True|True,41.4359,66.8593626880765,67.77201242466509
imagenet2dwarp,pointodyssey,glunet|False|False,82.9373,50.431036002221376,54.471100011138304
imagenet2dwarp,pointodyssey,glunet|False|True,78.5324,47.1813591424961,51.55963638831921
imagenet2dwarp,pointodyssey,glunet|True|False,25.0551,58.811272563308194,60.749636379348175
imagenet2dwarp,pointodyssey,glunet|True|True,89.2135,59.09974679935918,60.867069094976365
imagenet2dwarp,pointodyssey,raft|True|False,3.8248375,47.725153096332285,52.82714868737038
imagenet2dwarp,spair,catspp|False|False,3.93925,37.3545470324781,42.99226779985686
imagenet2dwarp,spair,catspp|False|True,3.9251,38.97124197081392,44.29921299292377
imagenet2dwarp,spair,catspp|True|False,16.6978,58.922416557010614,52.9195475941329
imagenet2dwarp,spair,catspp|True|True,23.1718,58.68423810931999,54.11492662342765
imagenet2dwarp,spair,glunet|False|False,2.6759,37.22358423965956,41.39816605606588
imagenet2dwarp,spair,glunet|False|True,2.6273,33.328065052482216,37.86408593925101
imagenet2dwarp,spair,glunet|True|False,2.8992,47.3349327594902,36.5699484405933
imagenet2dwarp,spair,glunet|True|True,6.6248,46.92410176174208,37.43042670509884
imagenet2dwarp,spair,raft|True|False,2.4022375,36.51822596091661,41.7859782866681
imagenet2dwarp,synthetic,catspp|False|False,19.63085,26.867723894886236,32.866425988722824
imagenet2dwarp,synthetic,catspp|False|True,19.6472,27.78291888352987,33.45147814420462
imagenet2dwarp,synthetic,catspp|True|False,37.1935,46.85884269292602,42.11985131263945
imagenet2dwarp,synthetic,catspp|True|True,39.7476,47.500667918228594,41.7888479181313
imagenet2dwarp,synthetic,glunet|False|False,9.7372,28.793605411923252,33.2385826242955
imagenet2dwarp,synthetic,glunet|False|True,9.3907,26.73493105365235,31.56430321807693
imagenet2dwarp,synthetic,glunet|True|False,6.6755,36.214035394613646,23.39928040501494
imagenet2dwarp,synthetic,glunet|True|True,21.0263,38.33894535863291,24.137321743546572
imagenet2dwarp,synthetic,raft|True|False,4.674075,25.0710613491389,30.643171041247342
imagenet2dwarp,tss,catspp|False|False,21.05095,40.97123343699324,45.97554376277273
imagenet2dwarp,tss,catspp|False|True,20.9901,43.21018388831307,47.93633875529303
imagenet2dwarp,tss,catspp|True|False,58.4608,59.92500100463935,59.426881728286766
imagenet2dwarp,tss,catspp|True|True,63.5068,60.30244552552419,59.90751102225034
imagenet2dwarp,tss,glunet|False|False,14.8312,47.037770572839825,50.739111026273704
imagenet2dwarp,tss,glunet|False|True,14.6164,43.57088791978775,47.598764256463134
imagenet2dwarp,tss,glunet|True|False,11.2237,55.02553356304362,54.251347364192455
imagenet2dwarp,tss,glunet|True|True,50.4683,55.6452313778383,54.940718031392855
imagenet2dwarp,tss,raft|True|False,7.744925,40.21319810784371,44.93112082926852
movi_f,flyingthings,catspp|False|False,61.2423,38.26338230818524,44.63460173453721
movi_f,flyingthings,catspp|False|True,61.1514,41.072629762383286,47.14482817945964
movi_f,flyingthings,catspp|True|False,77.7052,54.25239421067326,54.53864168161839
movi_f,flyingthings,catspp|True|True,77.9071,54.884453640663395,55.16132174083828
movi_f,flyingthings,glunet|False|False,41.9398,53.817684202613826,58.81957667200822
movi_f,flyingthings,glunet|False|True,43.0123,50.7054257839943,56.00083306950736
movi_f,flyingthings,glunet|True|False,39.164,60.97781384590036,61.55647591900023
movi_f,flyingthings,glunet|True|True,39.106,62.84624948165249,63.2632297096912
movi_f,kitti2012,catspp|False|False,86.277,78.29154913027631,79.42303579492136
movi_f,kitti2012,catspp|False|True,86.332,79.04940955575066,80.1522468090896
movi_f,kitti2012,catspp|True|False,94.5198,90.25101799331713,91.15535238609654
movi_f,kitti2012,catspp|True|True,95.7835,89.96531896278704,90.83766814722175
movi_f,kitti2012,glunet|False|False,83.278,83.63526715881748,84.52848135988118
movi_f,kitti2012,glunet|False|True,83.3858,80.4096203833853,81.32273063374765
movi_f,kitti2012,glunet|True|False,78.7366,86.67637239028272,88.51115090972688
movi_f,kitti2012,glunet|True|True,73.9202,89.17402057434946,90.49258338092693
movi_f,kitti2015,catspp|False|False,84.7086,77.33099557021298,77.12209830879414
movi_f,kitti2015,catspp|False|True,83.9623,79.06314440532944,78.86075048635325
movi_f,kitti2015,catspp|True|False,94.1351,91.86162360165517,92.73399670076273
movi_f,kitti2015,catspp|True|True,94.8194,91.67421888093584,92.51563083399603
movi_f,kitti2015,glunet|False|False,71.5137,87.25391707375996,87.09228362450907
movi_f,kitti2015,glunet|False|True,72.591,84.38153545885969,84.20430771203581
movi_f,kitti2015,glunet|True|False,65.3127,87.84114026152827,89.60964835551668
movi_f,kitti2015,glunet|True|True,61.7536,90.59343403870062,91.86647325906523
movi_f,middlebury,catspp|False|False,50.9612,52.30352278447557,57.623397226075326
movi_f,middlebury,catspp|False|True,49.5895,56.22358490859478,61.22271803819583
movi_f,middlebury,catspp|True|False,55.9169,64.00450645118546,64.87554769585309
movi_f,middlebury,catspp|True|True,53.2632,64.37931938938743,65.21974660851545
movi_f,middlebury,glunet|False|False,54.6773,76.21202980675989,80.3905285782332
movi_f,middlebury,glunet|False|True,56.9531,71.77333848624814,76.20678808735872
movi_f,middlebury,glunet|True|False,57.2749,80.1103051743455,81.87416699236843
movi_f,middlebury,glunet|True|True,53.9869,81.71492983201232,82.98342907932697
movi_f,pfpascal,catspp|False|False,10.5168,48.08730418329893,53.19180053721675
movi_f,pfpascal,catspp|False|True,8.1291,50.52575101685143,55.38676498813615
movi_f,pfpascal,catspp|True|False,34.8945,62.87089979863751,62.16599827161262
movi_f,pfpascal,catspp|True|True,38.85,63.47299322519243,62.802116385517806
movi_f,pfpascal,glunet|False|False,12.3182,61.584719784984586,65.58922812653273
movi_f,pfpascal,glunet|False|True,12.2101,57.80896711202068,62.03909620718558
movi_f,pfpascal,glunet|True|False,12.1653,68.13648290006068,66.75423873866086
movi_f,pfpascal,glunet|True|True,11.6719,69.33098467102934,68.34921432800652
movi_f,pfwillow,catspp|False|False,13.6778,42.37593664329529,46.66690750788196
movi_f,pfwillow,catspp|False|True,11.4889,44.17337091284041,48.259813045567924
movi_f,pfwillow,catspp|True|False,38.0889,60.33225929426717,59.00579899986882
movi_f,pfwillow,catspp|True|True,38.0222,60.92102819578768,59.653775738595215
movi_f,pfwillow,glunet|False|False,13.8,51.25145109827048,54.61351747467482
movi_f,pfwillow,glunet|False|True,14.6333,48.10614031893668,51.66428936676138
movi_f,pfwillow,glunet|True|False,11.9333,60.00320485048931,57.45188664435884
movi_f,pfwillow,glunet|True|True,14.3062,61.475245801757794,59.6756558420888
movi_f,pointodyssey,catspp|False|False,84.7224,49.075920933815866,55.057361603487905
movi_f,pointodyssey,catspp|False|True,84.993,49.60938942279737,55.213973825694815
movi_f,pointodyssey,catspp|True|False,95.4377,66.26859901966476,67.13553954200196
movi_f,pointodyssey,catspp|True|True,95.8171,66.35814355391656,67.19285000957606
movi_f,pointodyssey,glunet|False|False,66.6921,50.73465095869456,55.42316457746509
movi_f,pointodyssey,glunet|False|True,68.033,47.419899553584145,52.37601780303747
movi_f,pointodyssey,glunet|True|False,62.6774,57.259176683483126,59.01521605921723
movi_f,pointodyssey,glunet|True|True,61.2703,58.84440178002795,60.10483445142774
movi_f,spair,catspp|False|False,3.0896,39.34764490272266,45.174748180757554
movi_f,spair,catspp|False|True,2.6465,40.025344109072016,45.57522752957071
movi_f,spair,catspp|True|False,14.7345,59.07740456533415,41.91158458983814
movi_f,spair,catspp|True|True,18.34,58.84050929322163,44.1099287574599
movi_f,spair,glunet|False|False,1.9627,37.67291492528871,42.238881945301394
movi_f,spair,glunet|False|True,2.0144,34.06444414349991,38.90086414028402
movi_f,spair,glunet|True|False,2.3566,47.61952071484255,14.918313506823871
movi_f,spair,glunet|True|True,2.486,46.93060058137224,24.755063071096252
movi_f,synthetic,catspp|False|False,15.2654,28.458561573376596,34.86608704843135
movi_f,synthetic,catspp|False|True,15.8474,28.676378151320936,34.77842288038217
movi_f,synthetic,catspp|True|False,33.1069,47.076149696473,39.26214967660907
movi_f,synthetic,catspp|True|True,39.2118,47.86370480071847,33.57919693678322
movi_f,synthetic,glunet|False|False,6.5898,29.283184927013767,34.30737524809489
movi_f,synthetic,glunet|False|True,6.8448,27.402564707308198,32.724121947004754
movi_f,synthetic,glunet|True|False,6.5871,36.85591808960046,-6.011950852806287
movi_f,synthetic,glunet|True|True,6.6584,38.16478258357242,-1.9274125867994982
movi_f,tss,catspp|False|False,24.3569,42.2263103849314,48.26461721898846
movi_f,tss,catspp|False|True,19.1092,43.44544533527569,49.189103541516054
movi_f,tss,catspp|True|False,58.5563,59.38384332320068,56.640400032224996
movi_f,tss,catspp|True|True,55.6517,59.90789593259785,57.263732196785796
movi_f,tss,glunet|False|False,17.947,47.3891152197601,52.11388005783614
movi_f,tss,glunet|False|True,18.6283,44.34974193372294,49.36307024057419
movi_f,tss,glunet|True|False,16.9644,54.446388681204525,49.51199345734381
movi_f,tss,glunet|True|True,19.7064,55.89321737680634,52.204330112146025
pointodyssey,flyingthings,catspp|False|False,64.4318,38.14902834024298,44.55747661842052
pointodyssey,flyingthings,catspp|False|True,63.8607,40.513370861606354,46.58972768367066
pointodyssey,flyingthings,catspp|True|False,79.6231,54.48040956132501,55.428447320934886
pointodyssey,flyingthings,catspp|True|True,79.22595,55.53488461638158,56.28540904897178
pointodyssey,flyingthings,glunet|False|False,71.1769,49.571593555108045,54.29801787220554
pointodyssey,flyingthings,glunet|False|True,67.784,47.37136441639651,52.510109410347965
pointodyssey,flyingthings,glunet|True|False,77.7439,52.33368017716976,54.02246892874266
pointodyssey,flyingthings,glunet|True|True,76.6361,54.90100754550554,56.333914129066166
pointodyssey,flyingthings,raft|True|False,57.27595,35.21495435611273,40.44668220021138
pointodyssey,kitti2012,catspp|False|False,87.0735,77.69257219563649,79.911963449881
pointodyssey,kitti2012,catspp|False|True,86.4889,78.46347894535583,80.60548244379
pointodyssey,kitti2012,catspp|True|False,96.6249,89.85110511423176,91.05575123080646
pointodyssey,kitti2012,catspp|True|True,96.1437,89.98300878561119,90.93607064014643
pointodyssey,kitti2012,glunet|False|False,95.5502,79.24782349449237,80.88908493078908
pointodyssey,kitti2012,glunet|False|True,91.6607,76.7747817262783,78.49835699570457
pointodyssey,kitti2012,glunet|True|False,97.8728,77.53088433872041,79.69939687736404
pointodyssey,kitti2012,glunet|True|True,97.4634,80.58289518238078,82.4236992978805
pointodyssey,kitti2012,raft|True|False,89.47625,73.43580911779624,75.39591571201812
pointodyssey,kitti2015,catspp|False|False,85.69685,76.58547762144053,77.98526059852244
pointodyssey,kitti2015,catspp|False|True,85.19040000000001,78.49780424532855,79.84492113375805
pointodyssey,kitti2015,catspp|True|False,95.30515,91.31208537401444,92.49725619999317
pointodyssey,kitti2015,catspp|True|True,95.0862,91.63589998584837,92.57361028057964
pointodyssey,kitti2015,glunet|False|False,86.2536,82.98949153572028,84.01112368182535
pointodyssey,kitti2015,glunet|False|True,83.9377,81.01407202196367,82.16842053376766
pointodyssey,kitti2015,glunet|True|False,95.0124,79.68830634548426,81.82062240759437
pointodyssey,kitti2015,glunet|True|True,94.9408,82.98465009949486,84.79579160893489
pointodyssey,kitti2015,raft|True|False,83.4171,75.55819199468432,76.95256856973342
pointodyssey,middlebury,catspp|False|False,53.6317,52.59963611075862,57.513361282184476
pointodyssey,middlebury,catspp|False|True,53.6149,56.02676811397741,60.62787654641002
pointodyssey,middlebury,catspp|True|False,54.21525,64.74499021286809,65.93899889746855
pointodyssey,middlebury,catspp|True|True,53.43175,65.66046888168468,66.60561967020114
pointodyssey,middlebury,glunet|False|False,55.4444,70.83150323484165,74.37482535983199
pointodyssey,middlebury,glunet|False|True,54.6836,67.35796136172203,71.22147924581218
pointodyssey,middlebury,glunet|True|False,55.3821,70.04850453849122,72.19600995607387
pointodyssey,middlebury,glunet|True|True,55.4879,72.71227324876804,74.53550292574096
pointodyssey,middlebury,raft|True|False,55.42675,48.24855772669241,52.021185811926465
pointodyssey,pfpascal,catspp|False|False,12.26865,47.744508657051746,53.00733839011997
pointodyssey,pfpascal,catspp|False|True,11.4723,49.947045602783525,54.9356176304284
pointodyssey,pfpascal,catspp|True|False,42.4378,63.12565789941889,64.09727198569028
pointodyssey,pfpascal,catspp|True|True,45.84245,64.06794095055511,64.83119894330918
pointodyssey,pfpascal,glunet|False|False,18.1731,56.51260657278269,60.39043434222338
pointodyssey,pfpascal,glunet|False|True,15.9056,53.60122296645285,57.805785440731825
pointodyssey,pfpascal,glunet|True|False,28.6839,58.37030619815587,60.09447429327741
pointodyssey,pfpascal,glunet|True|True,42.0709,61.075056768619504,62.52050978297461
pointodyssey,pfpascal,raft|True|False,15.79625,43.75825986257756,48.109501651259585
pointodyssey,pfwillow,catspp|False|False,15.5,41.86586805740281,46.91676529945513
pointodyssey,pfwillow,catspp|False|True,14.47225,43.4707163644934,48.25633180701167
pointodyssey,pfwillow,catspp|True|False,44.75,60.19664827034377,61.05394764533943
pointodyssey,pfwillow,catspp|True|True,47.911100000000005,61.218548502886044,61.88523273125093
pointodyssey,pfwillow,glunet|False|False,19.8741,46.348408265014726,50.064079318038694
pointodyssey,pfwillow,glunet|False|True,18.0556,44.10912129843574,48.14708428990116
pointodyssey,pfwillow,glunet|True|False,36.5889,50.5501622430737,52.05175299396216
pointodyssey,pfwillow,glunet|True|True,44.3778,53.26598544638502,54.52328152285936
pointodyssey,pfwillow,raft|True|False,18.25555,38.38699849898521,42.595792353576584
pointodyssey,pointodyssey,catspp|False|False,68.8301,48.29003185063162,54.2778964375227
pointodyssey,pointodyssey,catspp|False|True,80.8951,49.05032814477983,54.64591938052873
pointodyssey,pointodyssey,catspp|True|False,72.7112,65.69737950669891,66.91590781785689
pointodyssey,pointodyssey,catspp|True|True,71.0583,66.02621001269466,66.98991911045789
pointodyssey,pointodyssey,glunet|False|False,94.4359,46.69457210919495,51.14135395177768
pointodyssey,pointodyssey,glunet|False|True,91.0918,44.2327999449953,49.05797705260217
pointodyssey,pointodyssey,glunet|True|False,96.5284,48.90316796471778,51.089705195191215
pointodyssey,pointodyssey,glunet|True|True,96.2978,51.12851923425768,52.982944866602836
pointodyssey,pointodyssey,raft|True|False,58.56285,44.766575809778004,49.76060414485919
pointodyssey,spair,catspp|False|False,3.1626,38.41117367186692,44.458104417581836
pointodyssey,spair,catspp|False|True,3.32435,39.232088702507866,44.9621592588697
pointodyssey,spair,catspp|True|False,20.8771,58.384591873249164,54.55910867978898
pointodyssey,spair,catspp|True|True,22.5766,58.72519862845564,55.8617922525296
pointodyssey,spair,glunet|False|False,3.2579,33.055163501139134,37.50139013900469
pointodyssey,spair,glunet|False|True,2.6984,30.25129899048541,35.08878453830652
pointodyssey,spair,glunet|True|False,5.1968,37.89869782447645,30.737432917855728
pointodyssey,spair,glunet|True|True,8.153,38.52972169471435,32.695297204264435
pointodyssey,spair,raft|True|False,2.80045,36.56315027892992,41.51928906958559
pointodyssey,synthetic,catspp|False|False,17.907249999999998,27.4690488872238,33.92820716111458
pointodyssey,synthetic,catspp|False|True,17.94525,27.63539714737318,33.75539541751784
pointodyssey,synthetic,catspp|True|False,40.1523,46.153034661358085,42.078187264195535
pointodyssey,synthetic,catspp|True|True,39.8872,47.220385460312734,42.73663964127075
pointodyssey,synthetic,glunet|False|False,14.6555,24.97848430375106,29.73146558620298
pointodyssey,synthetic,glunet|False|True,13.3788,23.951485532198536,29.122371344895225
pointodyssey,synthetic,glunet|True|False,25.8011,28.06282687786188,17.223886960352285
pointodyssey,synthetic,glunet|True|True,25.2246,30.44036841850292,19.232264624233522
pointodyssey,synthetic,raft|True|False,11.985,24.76629727243537,30.026171035797454
pointodyssey,tss,catspp|False|False,27.7243,41.628739415914524,47.80992074672565
pointodyssey,tss,catspp|False|True,26.72155,42.881937043502525,48.73428449658091
pointodyssey,tss,catspp|True|False,62.2398,58.96686357380184,59.099408018581734
pointodyssey,tss,catspp|True|True,62.9798,60.01158935084551,60.11347117306456
pointodyssey,tss,glunet|False|False,41.4764,43.28465897596344,47.83524553985827
pointodyssey,tss,glunet|False|True,33.6273,40.818513147798605,45.772327451498526
pointodyssey,tss,glunet|True|False,61.47,45.91049332036197,46.121194229526765
pointodyssey,tss,glunet|True|True,62.9502,48.27313002123233,48.45416448263359
pointodyssey,tss,raft|True|False,27.3016,39.02235965388191,44.071567272625536
sintel,flyingthings,catspp|False|False,70.7445,39.35056449811259,45.632142775772586
sintel,flyingthings,catspp|False|True,69.0867,42.15366919357447,48.0882526824828
sintel,flyingthings,catspp|True|False,82.138,55.03301208338251,55.90807569549858
sintel,flyingthings,catspp|True|True,82.249,55.41913091896753,56.01281832914676
sintel,flyingthings,glunet|False|False,64.4604,51.7138764301948,56.39801035176183
sintel,flyingthings,glunet|False|True,61.0606,48.97881836667642,54.02209714693902
sintel,flyingthings,glunet|True|False,70.575,56.5787519031882,58.09971939601409
sintel,flyingthings,glunet|True|True,69.7732,58.04378235747813,59.321927865392375
sintel,flyingthings,raft|True|False,63.2297,36.409675689325105,41.47971191130939
sintel,kitti2012,catspp|False|False,91.745,77.85511654074162,78.66859951815606
sintel,kitti2012,catspp|False|True,92.0926,78.58335666176293,79.36669308906079
sintel,kitti2012,catspp|True|False,98.205,89.90730506236254,91.10537052040753
sintel,kitti2012,catspp|True|True,98.1215,89.79104991643504,90.60390965650471
sintel,kitti2012,glunet|False|False,96.5983,80.64106055278009,81.24905661954115
sintel,kitti2012,glunet|False|True,94.6197,78.20810509857334,78.84047963525832
sintel,kitti2012,glunet|True|False,98.4939,81.21939773953312,83.326299636828
sintel,kitti2012,glunet|True|True,98.9758,83.12852349900751,84.90019559867412
sintel,kitti2012,raft|True|False,94.0246,74.91532398587692,75.80478939501673
sintel,kitti2015,catspp|False|False,89.5554,76.73625193942586,76.27595186004872
sintel,kitti2015,catspp|False|True,89.3623,78.47172828657203,78.03039662304487
sintel,kitti2015,catspp|True|False,96.8068,91.34553434518456,92.51166880418224
sintel,kitti2015,catspp|True|True,96.3826,91.38306874994548,92.17436348587917
sintel,kitti2015,glunet|False|False,90.0772,84.74846248122115,84.40592376023307
sintel,kitti2015,glunet|False|True,84.862,82.25959803448985,81.88070421562722
sintel,kitti2015,glunet|True|False,95.0838,83.37668746127986,85.42615723374823
sintel,kitti2015,glunet|True|True,96.2638,85.49034608762959,87.21486357901321
sintel,kitti2015,raft|True|False,84.9165,76.82473703160005,76.78966363199308
sintel,middlebury,catspp|False|False,51.2056,53.965767919598804,58.44621914376491
sintel,middlebury,catspp|False|True,53.8146,58.19017871221151,62.38659841377149
sintel,middlebury,catspp|True|False,54.5621,65.57833776220563,66.72209516693717
sintel,middlebury,catspp|True|True,54.3702,65.39077868617288,66.16751552048213
sintel,middlebury,glunet|False|False,52.9347,73.03490236251501,76.30900500295198
sintel,middlebury,glunet|False|True,56.0918,69.18051506475882,72.73923621414758
sintel,middlebury,glunet|True|False,55.0859,74.50755067717743,76.51687748178448
sintel,middlebury,glunet|True|True,54.2235,75.75330804301556,77.44313447853024
sintel,middlebury,raft|True|False,55.295,48.79611363207425,52.212914875625025
sintel,pfpascal,catspp|False|False,15.8031,48.72857700336357,53.65570056596012
sintel,pfpascal,catspp|False|True,15.5569,51.27921713556406,55.93398948089571
sintel,pfpascal,catspp|True|False,48.9548,63.62375922001736,63.89068365939481
sintel,pfpascal,catspp|True|True,45.1843,63.815682159251,63.995591779275856
sintel,pfpascal,glunet|False|False,10.3086,58.702038478850014,62.35987675518072
sintel,pfpascal,glunet|False|True,12.3527,55.46480040929517,59.39924638855967
sintel,pfpascal,glunet|True|False,21.5232,62.92936307536912,63.39308951324874
sintel,pfpascal,glunet|True|True,25.0318,63.938836399798674,64.3227509475489
sintel,pfpascal,raft|True|False,13.923,45.032933575658745,49.068941400845475
sintel,pfwillow,catspp|False|False,17.9333,42.5539802768418,46.738393510025155
sintel,pfwillow,catspp|False|True,18.5333,44.33848035180044,48.290181784936834
sintel,pfwillow,catspp|True|False,50.7444,60.538454444874695,60.092853416034345
sintel,pfwillow,catspp|True|True,49.6444,61.10144758098364,60.80552979762032
sintel,pfwillow,glunet|False|False,14.7707,48.73003492192966,51.8407197751975
sintel,pfwillow,glunet|False|True,15.0111,46.025118145931394,49.373901911945396
sintel,pfwillow,glunet|True|False,21.9778,55.02682951988644,54.26029613301513
sintel,pfwillow,glunet|True|True,27.2457,56.278370675405654,55.64441510644462
sintel,pfwillow,raft|True|False,16.4025,39.97718294833139,43.484784057997054
sintel,pointodyssey,catspp|False|False,47.6015,47.755181003461615,53.55227487852883
sintel,pointodyssey,catspp|False|True,43.8201,48.015749999822205,53.387063637364506
sintel,pointodyssey,catspp|True|False,58.6808,64.91043267344484,66.09766278865071
sintel,pointodyssey,catspp|True|True,73.2754,65.51046680324154,66.31600954732671
sintel,pointodyssey,glunet|False|False,85.9719,48.63248941408315,53.001718643164125
sintel,pointodyssey,glunet|False|True,84.5038,45.728985050834225,50.42531687416981
sintel,pointodyssey,glunet|True|False,90.0851,52.99544834589409,55.07684875064308
sintel,pointodyssey,glunet|True|True,90.6576,54.236374182997885,55.984841324585666
sintel,pointodyssey,raft|True|False,74.9348,46.453239222945854,51.289392816014576
sintel,spair,catspp|False|False,3.7321,38.5658393774535,44.29418036807509
sintel,spair,catspp|False|True,3.9026,39.374141929262436,44.78312387144443
sintel,spair,catspp|True|False,22.5826,58.38012411206708,46.497593146476014
sintel,spair,catspp|True|True,17.4154,58.498270356503156,50.46104777760246
sintel,spair,glunet|False|False,2.3266,35.354101019792935,39.61537019484612
sintel,spair,glunet|False|True,2.4731,32.1443795042847,36.73579327088861
sintel,spair,glunet|True|False,3.778,42.650432212613815,20.03989566326921
sintel,spair,glunet|True|True,5.0597,41.81472557752735,23.55877711537788
sintel,spair,raft|True|False,2.3576,38.62375244294286,43.27924827897393
sintel,synthetic,catspp|False|False,22.7542,27.96323387630726,34.24918153026071
sintel,synthetic,catspp|False|True,20.3562,27.955091499400574,33.88986731122301
sintel,synthetic,catspp|True|False,40.9952,46.238927493504654,33.84341210836392
sintel,synthetic,catspp|True|True,39.1069,47.419925555861376,37.038299598347734
sintel,synthetic,glunet|False|False,10.5186,27.228301633147822,31.907578853046388
sintel,synthetic,glunet|False|True,10.7744,25.76470504840042,30.80615833268739
sintel,synthetic,glunet|True|False,21.7318,32.69217897084926,5.579517505483906
sintel,synthetic,glunet|True|True,20.8004,33.741009665071225,5.716470340778994
sintel,synthetic,raft|True|False,10.7984,27.225755664633798,32.28912765718236
sintel,tss,catspp|False|False,32.9288,42.175543634085,48.06150086299946
sintel,tss,catspp|False|True,35.3243,43.62581212961044,49.181138470814716
sintel,tss,catspp|True|False,65.8113,59.13542591385111,56.99715425789051
sintel,tss,catspp|True|True,64.5396,59.878058205294764,58.479187782750785
sintel,tss,glunet|False|False,23.8706,45.008114056982855,49.37788742342002
sintel,tss,glunet|False|True,22.0866,42.31246464339613,47.028287582410805
sintel,tss,glunet|True|False,40.9775,49.906438485318525,46.56047756112061
sintel,tss,glunet|True|True,43.3458,51.049055108324865,48.18492326004497
sintel,tss,raft|True|False,24.4577,40.54358178653425,45.30277473566055
spair,flyingthings,catspp|False|False,3.3861,30.810650402987193,32.48370003035629
spair,flyingthings,catspp|False|True,3.963,34.440810046905796,35.81553115766822
spair,flyingthings,catspp|True|False,63.3569,56.62956823243394,57.81650788053869
spair,flyingthings,catspp|True|True,68.3472,56.443790357644865,57.347077718328606
spair,flyingthings,glunet|False|False,4.0965,53.97539926735007,54.05445513521634
spair,flyingthings,glunet|False|True,3.3265,47.740428487754485,48.30491658498858
spair,flyingthings,glunet|True|False,66.6096,64.12880007144851,65.81176300906347
spair,flyingthings,glunet|True|True,39.6279,68.27750670168639,69.91189393563408
spair,flyingthings,raft|True|False,3.4438,32.63573334295522,33.45109069428454
spair,kitti2012,catspp|False|False,10.184,73.84845144018932,51.53090871221494
spair,kitti2012,catspp|False|True,11.8574,75.21084142811979,55.68043802974189
spair,kitti2012,catspp|True|False,83.7234,92.23670359560302,93.6885835269619
spair,kitti2012,catspp|True|True,84.0079,90.92079504648876,92.02583734274859
spair,kitti2012,glunet|False|False,12.4578,86.47414360567792,84.71925257569445
spair,kitti2012,glunet|False|True,11.0648,79.64054958715623,72.33692693661476
spair,kitti2012,glunet|True|False,93.4583,90.65866379662832,92.74314261722998
spair,kitti2012,glunet|True|True,54.1912,95.85380093114625,97.87894766474258
spair,kitti2012,raft|True|False,12.1716,75.11648946763684,64.10052877218314
spair,kitti2015,catspp|False|False,10.8859,72.28936419275315,49.0642617622372
spair,kitti2015,catspp|False|True,12.2973,74.78590771481309,54.67401747175249
spair,kitti2015,catspp|True|False,85.7568,93.9397496038094,95.37307367855477
spair,kitti2015,catspp|True|True,85.1192,92.6843105918156,93.77530872588777
spair,kitti2015,glunet|False|False,13.6098,90.7878514449212,88.39284992542997
spair,kitti2015,glunet|False|True,14.6026,84.00857254411062,74.46252339416382
spair,kitti2015,glunet|True|False,91.9963,92.57710403906714,94.63468634834304
spair,kitti2015,glunet|True|True,61.2326,98.6193352847538,100.61766374099348
spair,kitti2015,raft|True|False,15.6081,77.50703197925905,65.82987030382496
spair,middlebury,catspp|False|False,4.2537,47.03068060517158,24.59280828099349
spair,middlebury,catspp|False|True,4.6328,52.024771178106676,34.41077724403621
spair,middlebury,catspp|True|False,52.172,67.69989490577215,69.07628570667376
spair,middlebury,catspp|True|True,51.9776,67.26815546834865,68.31588269987783
spair,middlebury,glunet|False|False,5.6047,78.42232481688451,79.0440032164523
spair,middlebury,glunet|False|True,5.6397,70.60242662979843,64.68695845110462
spair,middlebury,glunet|True|False,53.3938,84.0680784686518,86.04584280140023
spair,middlebury,glunet|True|True,30.413,88.72055501315876,90.6399984566844
spair,middlebury,raft|True|False,3.6624,48.22781077858282,41.57940086863717
spair,pfpascal,catspp|False|False,3.0238,40.02643948143043,37.38738732789092
spair,pfpascal,catspp|False|True,3.1542,43.409862225250365,41.247799087306134
spair,pfpascal,catspp|True|False,38.806,65.46842585346545,66.8381915717987
spair,pfpascal,catspp|True|True,40.9858,64.91702746096841,65.95040647157023
spair,pfpascal,glunet|False|False,4.4643,62.50027252842464,62.431926370788126
spair,pfpascal,glunet|False|True,3.5234,54.55222177822648,53.70909703985822
spair,pfpascal,glunet|True|False,44.4728,71.0605318297407,73.00992357620142
spair,pfpascal,glunet|True|True,30.356,74.78416644946478,76.63648038317845
spair,pfpascal,raft|True|False,4.4726,42.36173548167688,41.316769938761496
spair,pfwillow,catspp|False|False,4.8667,33.29560850028584,32.900076050011016
spair,pfwillow,catspp|False|True,5.5667,35.95497695753422,35.63076756228827
spair,pfwillow,catspp|True|False,44.0889,62.351049751166364,63.72123421918901
spair,pfwillow,catspp|True|True,45.7111,61.749172729124716,62.77254328920829
spair,pfwillow,glunet|False|False,5.6222,50.9801944774793,50.963820601509134
spair,pfwillow,glunet|False|True,5.0111,43.949551841772,43.81836396444564
spair,pfwillow,glunet|True|False,49.2827,62.850564132547625,64.77302977291662
spair,pfwillow,glunet|True|True,34.1444,66.16801768399131,67.99132860556453
spair,pfwillow,raft|True|False,8.1389,35.99903458565664,35.90912204936127
spair,pointodyssey,catspp|False|False,3.4912,42.49321774366275,41.3283373417624
spair,pointodyssey,catspp|False|True,4.4014,43.83738966291064,42.935067864919155
spair,pointodyssey,catspp|True|False,54.5198,68.9974304535063,70.43377683998375
spair,pointodyssey,catspp|True|True,45.8507,68.37575173342697,69.47026394853121
spair,pointodyssey,glunet|False|False,8.5059,51.099607443705075,51.02655024592245
spair,pointodyssey,glunet|False|True,5.4396,44.37035429509702,43.93964071250256
spair,pointodyssey,glunet|True|False,91.9268,61.154187984114344,63.212744573121256
spair,pointodyssey,glunet|True|True,55.0086,64.97788377422424,66.97621961707148
spair,pointodyssey,raft|True|False,9.7147,45.4515741726303,45.0070679098075
spair,spair,catspp|False|False,3.018,28.111932679125033,30.2668489299726
spair,spair,catspp|False|True,2.944,29.877838868801433,31.645820794340928
spair,spair,catspp|True|False,27.8596,60.04133671521572,61.179829537345945
spair,spair,catspp|True|True,27.9373,58.227376927893694,59.04907389994754
spair,spair,glunet|False|False,3.0334,35.65374128430922,35.7527293954176
spair,spair,glunet|False|True,2.6825,27.883613259429467,28.61122886494527
spair,spair,glunet|True|False,26.6007,50.43094918107914,52.134362700604356
spair,spair,glunet|True|True,14.6684,51.2252253963387,52.751442054154545
spair,spair,raft|True|False,3.1416,32.698020030865166,33.71542960829268
spair,synthetic,catspp|False|False,4.0712,17.18451398068552,19.433798856494683
spair,synthetic,catspp|False|True,4.077,18.30267660964436,20.14755879077373
spair,synthetic,catspp|True|False,34.9252,45.85221221926862,46.21713463387584
spair,synthetic,catspp|True|True,41.0818,46.08606412623613,46.507689091798696
spair,synthetic,glunet|False|False,3.8373,25.570306871366242,25.675698817371206
spair,synthetic,glunet|False|True,3.9451,20.669976418969924,21.430862007456476
spair,synthetic,glunet|True|False,35.7954,37.76835146844931,38.626198360951136
spair,synthetic,glunet|True|True,21.6568,41.05163108761821,42.15771558731089
spair,synthetic,raft|True|False,4.2572,21.109189830267105,22.165052082785355
spair,tss,catspp|False|False,5.2821,33.393470597806385,33.78692710520583
spair,tss,catspp|False|True,5.6335,35.67191195878924,35.99401052457824
spair,tss,catspp|True|False,60.1788,60.9122354551991,62.228929998528926
spair,tss,catspp|True|True,60.5773,60.10870958812409,61.080280138340164
spair,tss,glunet|False|False,5.711,47.34602847262173,47.36304038853607
spair,tss,glunet|False|True,5.6742,40.23050783891773,40.36270371505024
spair,tss,glunet|True|False,65.5404,57.24077197809926,58.91314376279961
spair,tss,glunet|True|True,49.9068,60.19063159046643,61.83080950831097
spair,tss,raft|True|False,6.1812,36.723078563570766,36.97426731355045
synthetic,flyingthings,catspp|False|False,58.1203,31.64902294718621,37.28383718311552
synthetic,flyingthings,catspp|False|True,57.0993,34.830420226920786,40.14916479647248
synthetic,flyingthings,catspp|True|False,83.7548,54.9582129494437,56.16527141069151
synthetic,flyingthings,catspp|True|True,82.2555,56.209151199031226,57.199204391108026
synthetic,flyingthings,glunet|False|False,69.5375,48.650075722071556,52.82483601133745
synthetic,flyingthings,glunet|False|True,56.1849,45.425116959391865,49.95309420601431
synthetic,flyingthings,glunet|True|False,72.0776,60.47198013962098,62.67728843418143
synthetic,flyingthings,glunet|True|True,78.4335,65.05666869478858,66.75825297243016
synthetic,flyingthings,raft|True|False,65.58855,30.996606505873448,35.7221702855697
synthetic,kitti2012,catspp|False|False,83.2552,70.81431081535015,59.44012810772233
synthetic,kitti2012,catspp|False|True,82.5049,71.81338578883691,60.8647402453069
synthetic,kitti2012,catspp|True|False,98.3518,90.07782344096393,91.43184587083076
synthetic,kitti2012,catspp|True|True,97.2492,90.21740457705809,91.32737332134448
synthetic,kitti2012,glunet|False|False,96.3978,78.85377920894283,70.41769038445469
synthetic,kitti2012,glunet|False|True,84.216,74.70590082631675,65.82096549002476
synthetic,kitti2012,glunet|True|False,97.2991,86.09586248226557,88.59597874918764
synthetic,kitti2012,glunet|True|True,98.2409,91.74533560276969,93.67657979740937
synthetic,kitti2012,raft|True|False,87.91614999999999,69.02844520007288,60.525668638476205
synthetic,kitti2015,catspp|False|False,86.5834,69.53448813132421,58.32781420616458
synthetic,kitti2015,catspp|False|True,86.8286,71.8528222495065,61.12366270326385
synthetic,kitti2015,catspp|True|False,97.4319,91.5045868406311,92.84398673059071
synthetic,kitti2015,catspp|True|True,96.1149,91.77873566775031,92.8767570585459
synthetic,kitti2015,glunet|False|False,93.5085,82.79828124090633,74.5339549900774
synthetic,kitti2015,glunet|False|True,86.9497,79.27043182920659,69.99923092901659
synthetic,kitti2015,glunet|True|False,96.11,87.97894592973601,90.45078497396749
synthetic,kitti2015,glunet|True|True,97.4108,93.83374285122035,95.74438276004383
synthetic,kitti2015,raft|True|False,89.93475000000001,71.021569067757,62.47180624079135
synthetic,middlebury,catspp|False|False,41.4174,46.8651950166163,36.28310214610164
synthetic,middlebury,catspp|False|True,40.9941,51.13719970490619,41.270886148627355
synthetic,middlebury,catspp|True|False,54.1584,65.75638073913609,67.10542378721357
synthetic,middlebury,catspp|True|True,53.83,66.80688461326795,67.91334148666212
synthetic,middlebury,glunet|False|False,52.876,70.8762086194918,63.20468140692676
synthetic,middlebury,glunet|False|True,43.4278,66.2972051561616,57.95990491984427
synthetic,middlebury,glunet|True|False,52.3934,79.44083973737705,81.92933311281286
synthetic,middlebury,glunet|True|True,53.6713,84.38247173189782,86.30523408662286
synthetic,middlebury,raft|True|False,49.4123,45.01933847603181,37.73068496246814
synthetic,pfpascal,catspp|False|False,14.1789,40.6396678726463,43.486590522395296
synthetic,pfpascal,catspp|False|True,14.3443,43.320584902394046,46.007722334873584
synthetic,pfpascal,catspp|True|False,49.2406,63.14265875261698,64.4433538602988
synthetic,pfpascal,catspp|True|True,50.2518,63.912935640630565,64.97113601465361
synthetic,pfpascal,glunet|False|False,13.9864,56.67383172021219,58.776570812996155
synthetic,pfpascal,glunet|False|True,13.1695,51.699478269852094,53.976904143171424
synthetic,pfpascal,glunet|True|False,30.3321,66.80484011064524,69.1639930135433
synthetic,pfpascal,glunet|True|True,42.4831,70.71783504624798,72.51324342149385
synthetic,pfpascal,raft|True|False,14.4373,39.76038788094313,42.31724926452376
synthetic,pfwillow,catspp|False|False,15.2778,34.40732714388277,37.49461123251466
synthetic,pfwillow,catspp|False|True,15.1333,36.336041734743745,39.24879249710543
synthetic,pfwillow,catspp|True|False,51.6333,59.97022878462194,61.24013638914103
synthetic,pfwillow,catspp|True|True,52.2222,60.81733270395387,61.83996916720246
synthetic,pfwillow,glunet|False|False,19.4667,46.11635125731106,48.396800304242646
synthetic,pfwillow,glunet|False|True,14.6222,41.99030428395059,44.463688233701355
synthetic,pfwillow,glunet|True|False,29.7111,58.92798477330995,61.190840853085014
synthetic,pfwillow,glunet|True|True,48.458,62.79550666633973,64.52404864209143
synthetic,pfwillow,raft|True|False,18.722250000000003,34.069441456207834,36.82837163021981
synthetic,pointodyssey,catspp|False|False,38.9858,41.54501150798704,45.965794080861336
synthetic,pointodyssey,catspp|False|True,43.2626,41.68248161738462,45.78779310420189
synthetic,pointodyssey,catspp|True|False,58.2916,66.50796850775066,67.8735782961255
synthetic,pointodyssey,catspp|True|True,51.1702,67.63493499334415,68.75345368249589
synthetic,pointodyssey,glunet|False|False,92.0672,46.20187144534519,49.511467446716836
synthetic,pointodyssey,glunet|False|True,80.199,42.611882168479966,46.19118962049722
synthetic,pointodyssey,glunet|True|False,92.7503,57.077698114219935,59.592119232162496
synthetic,pointodyssey,glunet|True|True,96.5122,61.70096397796539,63.64145189001107
synthetic,pointodyssey,raft|True|False,34.6076,41.67635307601523,45.513572900259504
synthetic,spair,catspp|False|False,4.0731,29.866827397873763,35.31152623849594
synthetic,spair,catspp|False|True,4.0341,30.977721995459124,36.1141507391345
synthetic,spair,catspp|True|False,22.4135,57.43922696835952,58.317452665473134
synthetic,spair,catspp|True|True,23.9909,57.771425170205205,58.46195368963826
synthetic,spair,glunet|False|False,3.6526,32.09080095154812,36.11360852541986
synthetic,spair,glunet|False|True,2.9367,27.66052938333085,32.027936677051095
synthetic,spair,glunet|True|False,7.559,46.32753775970734,48.008616415234464
synthetic,spair,glunet|True|True,15.5133,48.49901265328042,49.762274108244355
synthetic,spair,raft|True|False,3.3421000000000003,30.85136218381995,35.42426560586294
synthetic,synthetic,catspp|False|False,22.1053,19.747402170986646,25.520044198973686
synthetic,synthetic,catspp|False|True,21.8997,20.346942301498352,25.792255845767734
synthetic,synthetic,catspp|True|False,53.8161,45.96481046059002,46.155170769838826
synthetic,synthetic,catspp|True|True,48.52,47.227261291876246,47.44107772744521
synthetic,synthetic,glunet|False|False,27.0582,23.722752019702888,27.99062862552688
synthetic,synthetic,glunet|False|True,16.1312,21.357092637105854,25.990241068892857
synthetic,synthetic,glunet|True|False,32.9391,35.873580623761924,36.42162560591593
synthetic,synthetic,glunet|True|True,37.9779,39.89904846694411,40.40877816485956
synthetic,synthetic,raft|True|False,25.1774,20.6816666134637,25.502722059913168
synthetic,tss,catspp|False|False,32.3684,34.471073881173794,38.50385845272933
synthetic,tss,catspp|False|True,29.7936,36.17519749690816,39.97785881975371
synthetic,tss,catspp|True|False,66.0565,58.69300375698563,59.86427275291342
synthetic,tss,catspp|True|True,65.6689,59.652741880914505,60.58559472727207
synthetic,tss,glunet|False|False,36.1641,43.10167550423312,46.0772951408542
synthetic,tss,glunet|False|True,27.3178,38.53140045527866,41.76830404535292
synthetic,tss,glunet|True|False,52.1427,53.59743836040655,55.506102079076776
synthetic,tss,glunet|True|True,64.008,57.20016641622495,58.68828845413898
synthetic,tss,raft|True|False,27.3868,34.50673724163439,37.986822908521596
synthetic_2d_warp,flyingthings,catspp|False|False,62.5568,32.13553907452277,37.770517506304664
synthetic_2d_warp,flyingthings,catspp|False|True,58.9743,34.380415139624084,39.69251551508668
synthetic_2d_warp,flyingthings,catspp|True|False,82.2203,56.17638657964373,57.47320367755627
synthetic_2d_warp,flyingthings,catspp|True|True,81.6201,55.74144504320537,56.75293433232426
synthetic_2d_warp,flyingthings,glunet|False|False,71.3364,50.35931520482906,54.538496635421744
synthetic_2d_warp,flyingthings,glunet|False|True,56.8539,44.744494404477926,49.28367716516113
synthetic_2d_warp,flyingthings,glunet|True|False,71.3152,61.55940431849178,63.81191819454564
synthetic_2d_warp,flyingthings,glunet|True|True,78.2963,64.65945575820302,66.35973277986196
synthetic_2d_warp,flyingthings,raft|True|False,68.432,31.43989866599586,36.171160093008325
synthetic_2d_warp,kitti2012,catspp|False|False,76.4616,71.2262588393923,59.91518292248061
synthetic_2d_warp,kitti2012,catspp|False|True,77.1277,72.16484563688385,61.29788504397508
synthetic_2d_warp,kitti2012,catspp|True|False,95.9663,91.17076525266337,92.62801767826089
synthetic_2d_warp,kitti2012,catspp|True|True,96.3689,89.82429519147854,90.96035751827885
synthetic_2d_warp,kitti2012,glunet|False|False,93.4764,80.34932043310455,71.9464779854806
synthetic_2d_warp,kitti2012,glunet|False|True,91.3276,74.39895502801525,65.53307826845469
synthetic_2d_warp,kitti2012,glunet|True|False,91.75,87.20518880940077,89.76261947701977
synthetic_2d_warp,kitti2012,glunet|True|True,98.3573,91.40468523708249,93.33790805800342
synthetic_2d_warp,kitti2012,raft|True|False,84.6833,69.13652102796915,60.67374410489488
synthetic_2d_warp,kitti2015,catspp|False|False,83.0162,70.42607916709218,59.30053424950165
synthetic_2d_warp,kitti2015,catspp|False|True,79.9745,72.05438494117543,61.418613734264625
synthetic_2d_warp,kitti2015,catspp|True|False,95.364,92.63780493328589,94.07919882402564
synthetic_2d_warp,kitti2015,catspp|True|True,95.7853,91.46028697828218,92.58406613988502
synthetic_2d_warp,kitti2015,glunet|False|False,89.7925,84.19737371355718,75.97974155694517
synthetic_2d_warp,kitti2015,glunet|False|True,87.0141,77.9939991338225,68.7594150463596
synthetic_2d_warp,kitti2015,glunet|True|False,91.6412,89.2491487586588,91.77752538062971
synthetic_2d_warp,kitti2015,glunet|True|True,97.4131,93.4761268733811,95.38863547545652
synthetic_2d_warp,kitti2015,raft|True|False,90.2207,71.66602527674524,63.164903805309216
synthetic_2d_warp,middlebury,catspp|False|False,43.9065,46.84711700607658,36.41443997511175
synthetic_2d_warp,middlebury,catspp|False|True,42.695,50.15691879356167,40.44477775670065
synthetic_2d_warp,middlebury,catspp|True|False,53.6268,67.0980357075954,68.54959726652056
synthetic_2d_warp,middlebury,catspp|True|True,53.888,66.46323422191779,67.59553831948087
synthetic_2d_warp,middlebury,glunet|False|False,54.8563,72.38685121140898,64.81294042760067
synthetic_2d_warp,middlebury,glunet|False|True,47.9357,65.72692294314919,57.48545129778903
synthetic_2d_warp,middlebury,glunet|True|False,53.3581,80.63764871606858,83.18303690051226
synthetic_2d_warp,middlebury,glunet|True|True,54.2152,84.07386155661393,85.99840936862974
synthetic_2d_warp,middlebury,raft|True|False,51.8576,45.224071076844375,38.02585877828017
synthetic_2d_warp,pfpascal,catspp|False|False,10.5271,40.611533612641395,43.44159524560315
synthetic_2d_warp,pfpascal,catspp|False|True,10.9336,42.63416011304204,45.30208712487117
synthetic_2d_warp,pfpascal,catspp|True|False,49.2846,64.41188133504615,65.81185974872051
synthetic_2d_warp,pfpascal,catspp|True|True,55.8613,63.810666636482225,64.89918429258084
synthetic_2d_warp,pfpascal,glunet|False|False,8.3855,57.84456050823554,59.936410194939036
synthetic_2d_warp,pfpascal,glunet|False|True,13.3499,50.95620111500278,53.22654924291694
synthetic_2d_warp,pfpascal,glunet|True|False,27.963,67.78963444014482,70.20093285954681
synthetic_2d_warp,pfpascal,glunet|True|True,46.4716,70.58211759044839,72.38257008866836
synthetic_2d_warp,pfpascal,raft|True|False,11.7703,39.82032730589742,42.366568300383975
synthetic_2d_warp,pfwillow,catspp|False|False,11.9667,34.71518644960277,37.789605487134914
synthetic_2d_warp,pfwillow,catspp|False|True,13.4667,36.13982556462784,39.03689726742101
synthetic_2d_warp,pfwillow,catspp|True|False,52.3889,61.25848701765744,62.62523136218732
synthetic_2d_warp,pfwillow,catspp|True|True,57.2889,60.65539802178875,61.70783443202616
synthetic_2d_warp,pfwillow,glunet|False|False,16.7914,47.65455618404309,49.927867146454076
synthetic_2d_warp,pfwillow,glunet|False|True,16.6778,41.41424105593137,43.883511865855205
synthetic_2d_warp,pfwillow,glunet|True|False,29.116,60.035430821351795,62.34822061300683
synthetic_2d_warp,pfwillow,glunet|True|True,48.3864,62.37922584510748,64.10663648348992
synthetic_2d_warp,pfwillow,raft|True|False,14.7593,34.20958833117199,36.961383043641575
synthetic_2d_warp,pointodyssey,catspp|False|False,51.6048,42.73169205714629,47.17043110653834
synthetic_2d_warp,pointodyssey,catspp|False|True,65.9417,43.113573971851345,47.235312833498554
synthetic_2d_warp,pointodyssey,catspp|True|False,53.0839,67.34785958695798,68.81701315901843
synthetic_2d_warp,pointodyssey,catspp|True|True,50.3469,67.123297534225,68.26799342074813
synthetic_2d_warp,pointodyssey,glunet|False|False,92.1122,47.653481953343295,50.97583783794191
synthetic_2d_warp,pointodyssey,glunet|False|True,81.446,41.86156474134679,45.460643596051085
synthetic_2d_warp,pointodyssey,glunet|True|False,92.0552,58.157123621462134,60.72916301939589
synthetic_2d_warp,pointodyssey,glunet|True|True,96.0115,61.26233488883359,63.20470906691936
synthetic_2d_warp,pointodyssey,raft|True|False,38.923,42.18578124519671,46.03988439082567
synthetic_2d_warp,spair,catspp|False|False,3.1293,30.411654680774706,35.84691832386034
synthetic_2d_warp,spair,catspp|False|True,3.183,31.1885158645955,36.30979975386296
synthetic_2d_warp,spair,catspp|True|False,22.7753,58.9666629902848,59.93036757404785
synthetic_2d_warp,spair,catspp|True|True,25.8691,57.67817269747588,58.403573399183784
synthetic_2d_warp,spair,glunet|False|False,2.6434,33.62414412029698,37.64414882762158
synthetic_2d_warp,spair,glunet|False|True,2.5156,27.112448723524825,31.483127538095033
synthetic_2d_warp,spair,glunet|True|False,6.63,47.49502284282327,49.21757468249047
synthetic_2d_warp,spair,glunet|True|True,15.6163,48.170497905655864,49.43799846682495
synthetic_2d_warp,spair,raft|True|False,3.0927,31.3288648765785,35.89968633507431
synthetic_2d_warp,synthetic,catspp|False|False,20.1312,20.357658059324404,26.123107952332937
synthetic_2d_warp,synthetic,catspp|False|True,18.8784,20.50224866390542,25.934172558942215
synthetic_2d_warp,synthetic,catspp|True|False,44.6253,46.51456183951954,46.736842914467836
synthetic_2d_warp,synthetic,catspp|True|True,43.3481,46.40766025339807,46.63588256594618
synthetic_2d_warp,synthetic,glunet|False|False,23.9947,25.191952534174682,29.459000301473505
synthetic_2d_warp,synthetic,glunet|False|True,12.7059,20.529230141876205,25.168152312216325
synthetic_2d_warp,synthetic,glunet|True|False,29.4639,36.77491046692537,37.43033519527956
synthetic_2d_warp,synthetic,glunet|True|True,37.0372,39.440391323848566,40.03361920192461
synthetic_2d_warp,synthetic,raft|True|False,21.9875,20.9371858626442,25.758214373095104
synthetic_2d_warp,tss,catspp|False|False,20.8428,34.203323680982024,38.24834596880309
synthetic_2d_warp,tss,catspp|False|True,20.0086,35.526298876260626,39.33547808347043
synthetic_2d_warp,tss,catspp|True|False,65.697,59.947294609155236,61.21684199344606
synthetic_2d_warp,tss,catspp|True|True,67.8214,59.359843021538104,60.32559106074762
synthetic_2d_warp,tss,glunet|False|False,23.6203,43.882885807862195,46.87185249597736
synthetic_2d_warp,tss,glunet|False|True,26.4422,37.798279315934955,41.05073508181477
synthetic_2d_warp,tss,glunet|True|False,50.8272,54.66506552495911,56.632673420350784
synthetic_2d_warp,tss,glunet|True|True,66.2204,56.9622803577949,58.464781504038605
synthetic_2d_warp,tss,raft|True|False,22.1823,34.54921965213371,38.04152947175889
synthetic_large_zoom,flyingthings,catspp|False|False,67.1619,38.44711016296726,44.67690566684102
synthetic_large_zoom,flyingthings,catspp|False|True,72.1858,40.29726613231659,46.056534632787276
synthetic_large_zoom,flyingthings,catspp|True|False,81.8483,55.3156014451794,56.27340834672112
synthetic_large_zoom,flyingthings,catspp|True|True,82.1343,55.87150590616103,56.625475013463486
synthetic_large_zoom,flyingthings,glunet|False|False,62.2616,51.970299372569634,56.51944880554757
synthetic_large_zoom,flyingthings,glunet|False|True,57.5697,49.10692214613696,54.066435975140976
synthetic_large_zoom,flyingthings,glunet|True|False,72.5692,57.428291074700404,59.26970450360756
synthetic_large_zoom,flyingthings,glunet|True|True,62.7767,61.84525475312913,63.44881233164311
synthetic_large_zoom,flyingthings,raft|True|False,59.3757,34.84387225133189,39.861353289615955
synthetic_large_zoom,kitti2012,catspp|False|False,88.0451,76.6962007857603,76.24227637650978
synthetic_large_zoom,kitti2012,catspp|False|True,94.8248,77.50717373161605,77.07913025693655
synthetic_large_zoom,kitti2012,catspp|True|False,98.7949,89.81201649092866,91.0247038898875
synthetic_large_zoom,kitti2012,catspp|True|True,98.6413,89.7645909304694,90.71860505665744
synthetic_large_zoom,kitti2012,glunet|False|False,97.9959,81.15537696079744,80.82330575689177
synthetic_large_zoom,kitti2012,glunet|False|True,97.0676,78.31293248113951,77.95968214620967
synthetic_large_zoom,kitti2012,glunet|True|False,99.1724,82.4730683545686,84.82776231920054
synthetic_large_zoom,kitti2012,glunet|True|True,98.7654,86.66391510698581,88.71442072394186
synthetic_large_zoom,kitti2012,raft|True|False,98.2011,71.59786077461828,71.54547315286459
synthetic_large_zoom,kitti2015,catspp|False|False,90.7618,75.85209815892786,74.85748112287695
synthetic_large_zoom,kitti2015,catspp|False|True,93.0548,77.37913046397492,76.45001783426507
synthetic_large_zoom,kitti2015,catspp|True|False,98.0919,91.29374499691407,92.49099088626724
synthetic_large_zoom,kitti2015,catspp|True|True,97.7369,91.39420943013904,92.3361365386147
synthetic_large_zoom,kitti2015,glunet|False|False,93.9536,85.28352310872934,84.5598654608051
synthetic_large_zoom,kitti2015,glunet|False|True,88.1684,82.26862716125562,81.45563120503145
synthetic_large_zoom,kitti2015,glunet|True|False,98.0506,84.55630911609474,86.8797959035799
synthetic_large_zoom,kitti2015,glunet|True|True,96.8003,88.89292888112902,90.91736542336858
synthetic_large_zoom,kitti2015,raft|True|False,94.1569,73.7772758799983,73.3310262562344
synthetic_large_zoom,middlebury,catspp|False|False,48.8022,53.5812342644609,55.1426313581788
synthetic_large_zoom,middlebury,catspp|False|True,53.2142,56.258548227536885,57.68247387228913
synthetic_large_zoom,middlebury,catspp|True|False,54.5574,66.34706223986238,67.5129246518119
synthetic_large_zoom,middlebury,catspp|True|True,54.5804,66.53929387489792,67.45697688807986
synthetic_large_zoom,middlebury,glunet|False|False,52.552,74.02620284379395,75.14013902502121
synthetic_large_zoom,middlebury,glunet|False|True,50.2802,69.91324113814271,71.12881310608088
synthetic_large_zoom,middlebury,glunet|True|False,54.1771,75.97853873446182,78.23989989841942
synthetic_large_zoom,middlebury,glunet|True|True,49.9239,80.18651134761993,82.15599925250136
synthetic_large_zoom,middlebury,raft|True|False,47.1946,48.22918206495698,49.59017819758431
synthetic_large_zoom,pfpascal,catspp|False|False,16.3109,47.85004511978391,52.62168839833247
synthetic_large_zoom,pfpascal,catspp|False|True,17.9071,49.5525667539475,53.96420895026026
synthetic_large_zoom,pfpascal,catspp|True|False,47.5495,63.81139557707766,64.40487287688717
synthetic_large_zoom,pfpascal,catspp|True|True,50.0421,64.17285427799568,64.63588916522379
synthetic_large_zoom,pfpascal,glunet|False|False,16.1068,59.61105960083364,63.08665081563067
synthetic_large_zoom,pfpascal,glunet|False|True,14.5575,55.961292901701086,59.74199961677126
synthetic_large_zoom,pfpascal,glunet|True|False,23.0618,63.83588188247776,64.97394716436055
synthetic_large_zoom,pfpascal,glunet|True|True,19.3452,67.98964124283746,68.96943086735216
synthetic_large_zoom,pfpascal,raft|True|False,11.9889,43.25467385057566,47.160988964744966
synthetic_large_zoom,pfwillow,catspp|False|False,18.7222,41.47492702953159,46.00374643359267
synthetic_large_zoom,pfwillow,catspp|False|True,19.8667,42.681548891896504,46.86626183424182
synthetic_large_zoom,pfwillow,catspp|True|False,51.4222,60.47229539322225,60.959129175019434
synthetic_large_zoom,pfwillow,catspp|True|True,54.3556,60.99833719396716,61.37391069000496
synthetic_large_zoom,pfwillow,glunet|False|False,18.3917,49.36022314540326,52.65828618353808
synthetic_large_zoom,pfwillow,glunet|False|True,16.3506,46.339894626679495,49.93403271928321
synthetic_large_zoom,pfwillow,glunet|True|False,30.5,55.86857277503633,56.78780427514651
synthetic_large_zoom,pfwillow,glunet|True|True,21.0975,60.310939256470064,61.102369717818696
synthetic_large_zoom,pfwillow,raft|True|False,17.8333,37.51797386037228,41.2702384903277
synthetic_large_zoom,pointodyssey,catspp|False|False,34.7757,47.36139216166302,53.0619945724285
synthetic_large_zoom,pointodyssey,catspp|False|True,62.7536,47.545655539974106,52.746978990088884
synthetic_large_zoom,pointodyssey,catspp|True|False,45.1112,65.61639541419068,66.8187391510327
synthetic_large_zoom,pointodyssey,catspp|True|True,52.1959,66.09010814090345,67.03560172939598
synthetic_large_zoom,pointodyssey,glunet|False|False,85.5722,49.107667476493745,53.32211915939335
synthetic_large_zoom,pointodyssey,glunet|False|True,80.976,45.98701122816353,50.572700127951265
synthetic_large_zoom,pointodyssey,glunet|True|False,91.0513,54.019637427930505,56.3474077046676
synthetic_large_zoom,pointodyssey,glunet|True|True,85.0481,58.1125200446603,60.13783902551975
synthetic_large_zoom,pointodyssey,raft|True|False,36.4545,44.03268965378439,48.72369285750538
synthetic_large_zoom,spair,catspp|False|False,4.0943,36.538564751014064,42.42581371843863
synthetic_large_zoom,spair,catspp|False|True,4.1558,36.94657156350105,42.38583292011165
synthetic_large_zoom,spair,catspp|True|False,20.9922,57.207424088239016,54.89967664585183
synthetic_large_zoom,spair,catspp|True|True,21.5433,57.34973888735862,55.6454745940343
synthetic_large_zoom,spair,glunet|False|False,3.0531,35.764651934521034,40.05393644756673
synthetic_large_zoom,spair,glunet|False|True,2.5485,32.23317095486564,36.912696471821455
synthetic_large_zoom,spair,glunet|True|False,4.5811,43.56922627899878,38.848528388045615
synthetic_large_zoom,spair,glunet|True|True,3.6447,45.99025577633858,42.03349964672868
synthetic_large_zoom,spair,raft|True|False,2.9715,33.41468107734383,38.17479906195242
synthetic_large_zoom,synthetic,catspp|False|False,39.135,26.715196556495304,33.00315394768504
synthetic_large_zoom,synthetic,catspp|False|True,48.6509,26.966625378272525,32.776031950013085
synthetic_large_zoom,synthetic,catspp|True|False,63.3596,46.11252217774479,45.15960163895368
synthetic_large_zoom,synthetic,catspp|True|True,61.0204,47.12349478522973,46.06778473195051
synthetic_large_zoom,synthetic,glunet|False|False,18.5281,27.723575583964774,32.30759905601163
synthetic_large_zoom,synthetic,glunet|False|True,15.7459,25.923968126425155,30.924550360743453
synthetic_large_zoom,synthetic,glunet|True|False,25.3843,33.38515955815795,30.806706361360323
synthetic_large_zoom,synthetic,glunet|True|True,18.4805,37.645542908910386,34.924679432167544
synthetic_large_zoom,synthetic,raft|True|False,51.426,24.422078491577043,29.47581663039078
synthetic_large_zoom,tss,catspp|False|False,33.0076,40.88054341111867,46.651074697854725
synthetic_large_zoom,tss,catspp|False|True,37.3118,41.835685627793325,47.164489567828696
synthetic_large_zoom,tss,catspp|True|False,67.8898,58.88694753995097,59.43350075948415
synthetic_large_zoom,tss,catspp|True|True,68.6688,59.537241684063915,59.95458560971817
synthetic_large_zoom,tss,glunet|False|False,32.7962,45.740860043268796,49.94103239012703
synthetic_large_zoom,tss,glunet|False|True,27.4139,42.64572790337144,47.23350480717116
synthetic_large_zoom,tss,glunet|True|False,49.3439,50.61071654631229,51.55058234489089
synthetic_large_zoom,tss,glunet|True|True,34.6233,54.801588636276904,55.62561190716948
synthetic_large_zoom,tss,raft|True|False,25.936,37.57440511467053,42.23688666692853
synthetic_random_flipping,flyingthings,catspp|False|False,43.8954,22.017314851575332,25.593978337503433
synthetic_random_flipping,flyingthings,catspp|False|True,50.8063,24.944363922179946,28.538687147540635
synthetic_random_flipping,flyingthings,catspp|True|False,83.2946,53.82221468789217,54.69993089395816
synthetic_random_flipping,flyingthings,catspp|True|True,80.7323,54.057907146959955,54.814888681678134
synthetic_random_flipping,flyingthings,glunet|False|False,63.9418,36.31439788602176,39.85883140037926
synthetic_random_flipping,flyingthings,glunet|False|True,50.412,33.04467925865061,36.58072681781669
synthetic_random_flipping,flyingthings,glunet|True|False,81.6246,64.0857543673981,65.8124600237182
synthetic_random_flipping,flyingthings,glunet|True|True,77.2625,57.812693146462436,59.36690977978677
synthetic_random_flipping,flyingthings,raft|True|False,54.9845,21.585944208769703,25.696222124422647
synthetic_random_flipping,kitti2012,catspp|False|False,62.5595,61.30442838797854,-20.95936621075453
synthetic_random_flipping,kitti2012,catspp|False|True,71.5744,61.65438967064346,-21.48683462453544
synthetic_random_flipping,kitti2012,catspp|True|False,97.9034,88.43202541059276,89.41756005034092
synthetic_random_flipping,kitti2012,catspp|True|True,95.9432,87.98580754559593,88.83522205436918
synthetic_random_flipping,kitti2012,glunet|False|False,95.0148,66.87838666953306,-13.850758381974558
synthetic_random_flipping,kitti2012,glunet|False|True,83.8602,63.18635105348373,-16.57986276240952
synthetic_random_flipping,kitti2012,glunet|True|False,98.9943,89.93200816745156,91.89387516958816
synthetic_random_flipping,kitti2012,glunet|True|True,98.8084,84.7268100634979,86.4930111829428
synthetic_random_flipping,kitti2012,raft|True|False,86.3393,59.953095286931315,-17.8505768243771
synthetic_random_flipping,kitti2015,catspp|False|False,72.005,60.7206214947572,-11.376311725053398
synthetic_random_flipping,kitti2015,catspp|False|True,78.5201,61.932699136912696,-11.118308254105038
synthetic_random_flipping,kitti2015,catspp|True|False,97.1466,89.75105393534388,90.72597390532019
synthetic_random_flipping,kitti2015,catspp|True|True,95.5148,89.53214681699833,90.3724332521298
synthetic_random_flipping,kitti2015,glunet|False|False,90.6756,70.48878150735408,-2.5578513777145275
synthetic_random_flipping,kitti2015,glunet|False|True,84.0249,67.12531143052072,-7.245841263561815
synthetic_random_flipping,kitti2015,glunet|True|False,97.5133,91.8525481947626,93.79190156342342
synthetic_random_flipping,kitti2015,glunet|True|True,97.2046,86.41248292522397,88.15967346101708
synthetic_random_flipping,kitti2015,raft|True|False,85.0135,61.64247544015165,-11.21008963043996
synthetic_random_flipping,middlebury,catspp|False|False,34.0219,36.798206776239475,-48.55592202733789
synthetic_random_flipping,middlebury,catspp|False|True,37.061,40.935277560755864,-44.28502135088995
synthetic_random_flipping,middlebury,catspp|True|False,53.4234,64.26238963452727,65.24390633503421
synthetic_random_flipping,middlebury,catspp|True|True,52.6126,64.33502683993017,65.18142682978025
synthetic_random_flipping,middlebury,glunet|False|False,48.2697,57.80671014852433,-27.45416814231372
synthetic_random_flipping,middlebury,glunet|False|True,44.3111,53.34286426904929,-30.465833129520405
synthetic_random_flipping,middlebury,glunet|True|False,54.5459,83.20586169157832,85.15718496808007
synthetic_random_flipping,middlebury,glunet|True|True,54.592,76.66624893717652,78.42316603941585
synthetic_random_flipping,middlebury,raft|True|False,35.5343,34.981921520751655,-48.93239813341802
synthetic_random_flipping,pfpascal,catspp|False|False,5.3233,28.885790210365148,13.097820615732605
synthetic_random_flipping,pfpascal,catspp|False|True,6.5354,31.306975698543646,15.437574053956505
synthetic_random_flipping,pfpascal,catspp|True|False,39.4059,61.696875453220926,62.63041371374094
synthetic_random_flipping,pfpascal,catspp|True|True,38.0521,61.88861856051883,62.68173202282717
synthetic_random_flipping,pfpascal,glunet|False|False,8.1688,41.89223616339528,26.249765557864244
synthetic_random_flipping,pfpascal,glunet|False|True,5.604,37.5406761957013,21.940471308389846
synthetic_random_flipping,pfpascal,glunet|True|False,30.4384,69.67288794596925,71.50882819908374
synthetic_random_flipping,pfpascal,glunet|True|True,32.8035,62.63451289348346,64.25767633245785
synthetic_random_flipping,pfpascal,raft|True|False,7.6938,28.354119178835617,13.177084043520495
synthetic_random_flipping,pfwillow,catspp|False|False,8.2333,22.572908173974795,19.931623105778876
synthetic_random_flipping,pfwillow,catspp|False|True,8.9444,24.22436755870567,21.568873529735832
synthetic_random_flipping,pfwillow,catspp|True|False,40.1667,58.180863522397814,59.09019150513088
synthetic_random_flipping,pfwillow,catspp|True|True,40.1,58.50540304455972,59.26799971263956
synthetic_random_flipping,pfwillow,glunet|False|False,13.3667,31.607469681852756,28.992076952001856
synthetic_random_flipping,pfwillow,glunet|False|True,7.7889,28.024407209930857,25.415067269153177
synthetic_random_flipping,pfwillow,glunet|True|False,36.342,61.53435058243085,63.303358014473496
synthetic_random_flipping,pfwillow,glunet|True|True,36.9201,54.44835017028582,56.011685207284444
synthetic_random_flipping,pfwillow,raft|True|False,13.5556,22.625147836942666,20.547579990443516
synthetic_random_flipping,pointodyssey,catspp|False|False,17.1954,31.283808560093824,20.142461124316824
synthetic_random_flipping,pointodyssey,catspp|False|True,17.5356,31.510315754429712,20.35856886689421
synthetic_random_flipping,pointodyssey,catspp|True|False,48.4592,64.58444734379512,65.5785755463215
synthetic_random_flipping,pointodyssey,catspp|True|True,48.5201,65.48651002820152,66.34254562629255
synthetic_random_flipping,pointodyssey,glunet|False|False,88.4868,34.57244262351969,23.75942056899879
synthetic_random_flipping,pointodyssey,glunet|False|True,78.4489,31.12824187011642,20.349356584180573
synthetic_random_flipping,pointodyssey,glunet|True|False,97.2085,60.59658171182032,62.56890822552572
synthetic_random_flipping,pointodyssey,glunet|True|True,95.8802,54.696425509868654,56.47000305486494
synthetic_random_flipping,pointodyssey,raft|True|False,33.6102,31.572138489448925,20.911774882257657
synthetic_random_flipping,spair,catspp|False|False,3.3223,17.11408595035492,23.398979798789185
synthetic_random_flipping,spair,catspp|False|True,3.4986,17.832960428889958,24.149182360170748
synthetic_random_flipping,spair,catspp|True|False,23.9303,53.68437283463984,54.39734932869675
synthetic_random_flipping,spair,catspp|True|True,25.8495,53.938476152465995,54.53206780206654
synthetic_random_flipping,spair,glunet|False|False,3.3198,16.69732776426383,22.920779565939814
synthetic_random_flipping,spair,glunet|False|True,2.7843,12.976057344086234,19.182452474731214
synthetic_random_flipping,spair,glunet|True|False,12.1407,47.578236236770756,49.11575124920733
synthetic_random_flipping,spair,glunet|True|True,14.4483,39.03921290209714,40.38181908129094
synthetic_random_flipping,spair,raft|True|False,2.895,19.043045198491114,25.850224201234212
synthetic_random_flipping,synthetic,catspp|False|False,19.2799,7.544955734972575,14.518367580611915
synthetic_random_flipping,synthetic,catspp|False|True,21.8158,7.759612592364125,14.767338742070033
synthetic_random_flipping,synthetic,catspp|True|False,84.9434,43.82607184836563,44.33170177781459
synthetic_random_flipping,synthetic,catspp|True|True,70.9568,44.28390683564736,44.84665086612344
synthetic_random_flipping,synthetic,glunet|False|False,33.5541,9.318757743903813,16.22935921663513
synthetic_random_flipping,synthetic,glunet|False|True,16.7068,7.113135269877079,14.00438359314473
synthetic_random_flipping,synthetic,glunet|True|False,71.1258,38.975749053207686,40.2598592671507
synthetic_random_flipping,synthetic,glunet|True|True,54.0369,31.613134560476386,32.96482137818007
synthetic_random_flipping,synthetic,raft|True|False,24.5252,9.33810300440938,16.82452004234718
synthetic_random_flipping,tss,catspp|False|False,11.4546,22.562413139646047,26.21057315595622
synthetic_random_flipping,tss,catspp|False|True,15.3875,23.91373785224166,27.578123627405454
synthetic_random_flipping,tss,catspp|True|False,67.4824,56.63719990233327,57.523644745438446
synthetic_random_flipping,tss,catspp|True|True,68.1239,57.15124428245626,57.89055272050252
synthetic_random_flipping,tss,glunet|False|False,26.1956,28.608586835724342,32.22204671890347
synthetic_random_flipping,tss,glunet|False|True,14.4363,24.7604718651097,28.370089621381066
synthetic_random_flipping,tss,glunet|True|False,66.03,56.13552358444856,57.66074988873531
synthetic_random_flipping,tss,glunet|True|True,68.4478,49.03883099268868,50.4528014574141
synthetic_random_flipping,tss,raft|True|False,18.9126,23.370481084390807,27.543258289718306
synthetic_small_zoom,flyingthings,catspp|False|False,66.7727,38.68912414294928,44.998279271254404
synthetic_small_zoom,flyingthings,catspp|False|True,70.0137,41.62681190423843,47.57624218764293
synthetic_small_zoom,flyingthings,catspp|True|False,81.3255,55.64371183549055,56.53006257596305
synthetic_small_zoom,flyingthings,catspp|True|True,81.1893,56.32399406360629,57.01309248101102
synthetic_small_zoom,flyingthings,glunet|False|False,64.6211,50.781438866937755,55.39255866332974
synthetic_small_zoom,flyingthings,glunet|False|True,57.9755,48.73227029257393,53.75441035408451
synthetic_small_zoom,flyingthings,glunet|True|False,75.9953,56.26315339096624,57.899210248661724
synthetic_small_zoom,flyingthings,glunet|True|True,72.6252,57.80074150706505,59.194665123759535
synthetic_small_zoom,flyingthings,raft|True|False,63.0829,35.49977584923273,40.51593351786996
synthetic_small_zoom,kitti2012,catspp|False|False,90.3601,77.46836632010823,78.72222478994404
synthetic_small_zoom,kitti2012,catspp|False|True,91.7972,78.23288250823698,79.43934740155264
synthetic_small_zoom,kitti2012,catspp|True|False,98.6145,90.04888656205759,91.25890039344641
synthetic_small_zoom,kitti2012,catspp|True|True,98.7183,89.88415445026845,90.82436818651772
synthetic_small_zoom,kitti2012,glunet|False|False,98.5049,79.73732565654201,80.65335646830947
synthetic_small_zoom,kitti2012,glunet|False|True,98.3756,77.40047387925489,78.3760726711569
synthetic_small_zoom,kitti2012,glunet|True|False,99.1933,81.03341960814905,83.29095040372596
synthetic_small_zoom,kitti2012,glunet|True|True,99.0835,82.93457309599165,84.85820672116286
synthetic_small_zoom,kitti2012,raft|True|False,98.2173,73.43006208181316,74.64140481206906
synthetic_small_zoom,kitti2015,catspp|False|False,88.7903,76.38899239878603,76.53611153372819
synthetic_small_zoom,kitti2015,catspp|False|True,88.9381,78.09719426339319,78.23791912182223
synthetic_small_zoom,kitti2015,catspp|True|False,97.692,91.51056912054895,92.69621929681104
synthetic_small_zoom,kitti2015,catspp|True|True,97.817,91.51579947201851,92.43713211356075
synthetic_small_zoom,kitti2015,glunet|False|False,95.5117,84.13550084297347,84.24353406233615
synthetic_small_zoom,kitti2015,glunet|False|True,92.7311,81.80681876696843,81.92878572627765
synthetic_small_zoom,kitti2015,glunet|True|False,98.1319,83.37490621417889,85.58573942158232
synthetic_small_zoom,kitti2015,glunet|True|True,97.9048,85.4023467286897,87.28729509352819
synthetic_small_zoom,kitti2015,raft|True|False,92.9642,75.72345262116289,76.14823051964764
synthetic_small_zoom,middlebury,catspp|False|False,52.4019,53.663292132108026,58.17304771970806
synthetic_small_zoom,middlebury,catspp|False|True,54.3584,58.00330176630972,62.21091180610661
synthetic_small_zoom,middlebury,catspp|True|False,54.3309,66.52401584114324,67.6472081908996
synthetic_small_zoom,middlebury,catspp|True|True,54.2602,66.93028941097214,67.80347860281107
synthetic_small_zoom,middlebury,glunet|False|False,51.7958,72.40207640432243,75.59510287292949
synthetic_small_zoom,middlebury,glunet|False|True,48.4654,69.07642849357367,72.54812965548169
synthetic_small_zoom,middlebury,glunet|True|False,55.0203,74.37976919023892,76.4729580163837
synthetic_small_zoom,middlebury,glunet|True|True,54.5505,75.70189766119213,77.48563196893717
synthetic_small_zoom,middlebury,raft|True|False,49.2845,48.3602910379646,51.65737834882454
synthetic_small_zoom,pfpascal,catspp|False|False,15.9431,48.27614847413099,53.31049037544362
synthetic_small_zoom,pfpascal,catspp|False|True,18.9586,50.86141221088579,55.61227964217366
synthetic_small_zoom,pfpascal,catspp|True|False,46.1154,64.14931974069533,64.28931193596863
synthetic_small_zoom,pfpascal,catspp|True|True,47.1207,64.72016521748237,64.82825149239571
synthetic_small_zoom,pfpascal,glunet|False|False,20.2654,58.07774030236929,61.75396217141344
synthetic_small_zoom,pfpascal,glunet|False|True,15.6204,55.38845117951137,59.378385648380416
synthetic_small_zoom,pfpascal,glunet|True|False,26.2712,62.66069936006985,62.918712362959525
synthetic_small_zoom,pfpascal,glunet|True|True,31.3731,63.832072827972375,64.04883035777769
synthetic_small_zoom,pfpascal,raft|True|False,17.4659,44.372922203560414,48.434124546277964
synthetic_small_zoom,pfwillow,catspp|False|False,19.4444,41.971192281564335,46.60199327401102
synthetic_small_zoom,pfwillow,catspp|False|True,20.5333,43.69434709787326,48.05888683865422
synthetic_small_zoom,pfwillow,catspp|True|False,48.7889,60.869570275644584,60.95426473178237
synthetic_small_zoom,pfwillow,catspp|True|True,48.6889,61.53599324979977,61.60070469758875
synthetic_small_zoom,pfwillow,glunet|False|False,21.063,47.81109448508637,51.18705451009342
synthetic_small_zoom,pfwillow,glunet|False|True,16.9778,45.74829822400488,49.422674556034245
synthetic_small_zoom,pfwillow,glunet|True|False,29.3389,54.690448611427854,54.84411005766578
synthetic_small_zoom,pfwillow,glunet|True|True,31.6222,56.038613059266055,56.16783937093101
synthetic_small_zoom,pfwillow,raft|True|False,18.7,38.846610940729036,42.62964495569274
synthetic_small_zoom,pointodyssey,catspp|False|False,46.4111,47.62748517609222,53.43820606342886
synthetic_small_zoom,pointodyssey,catspp|False|True,39.8187,47.688782436568346,53.05632732057336
synthetic_small_zoom,pointodyssey,catspp|True|False,45.3383,65.21673260386832,66.40845602891234
synthetic_small_zoom,pointodyssey,catspp|True|True,47.995,65.47465202683613,66.4002939062367
synthetic_small_zoom,pointodyssey,glunet|False|False,87.5416,47.90850765191484,52.199333120459166
synthetic_small_zoom,pointodyssey,glunet|False|True,80.8978,45.59690739648826,50.25815722976432
synthetic_small_zoom,pointodyssey,glunet|True|False,92.6605,52.68255240603874,54.8990735016904
synthetic_small_zoom,pointodyssey,glunet|True|True,90.8588,53.92502797628287,55.81209987546826
synthetic_small_zoom,pointodyssey,raft|True|False,65.6666,45.40441369939862,50.16134790063494
synthetic_small_zoom,spair,catspp|False|False,3.622,36.85637713293344,42.78424670704257
synthetic_small_zoom,spair,catspp|False|True,3.8854,37.464547041362685,43.05025089730137
synthetic_small_zoom,spair,catspp|True|False,20.7809,57.63361701623328,53.7101039654408
synthetic_small_zoom,spair,catspp|True|True,20.6206,57.70934966069811,54.840633964019915
synthetic_small_zoom,spair,glunet|False|False,3.0311,34.39128240042285,38.713103564301214
synthetic_small_zoom,spair,glunet|False|True,2.408,31.762082901896846,36.473135661663974
synthetic_small_zoom,spair,glunet|True|False,4.3584,42.254838437583786,34.58307674579211
synthetic_small_zoom,spair,glunet|True|True,5.8067,41.52218321376925,35.23626786228558
synthetic_small_zoom,spair,raft|True|False,2.7395,35.40832863705744,40.141174391931884
synthetic_small_zoom,synthetic,catspp|False|False,49.4854,27.72613044568535,34.07991837523056
synthetic_small_zoom,synthetic,catspp|False|True,50.3084,27.67173967561672,33.658246747517644
synthetic_small_zoom,synthetic,catspp|True|False,61.0298,46.6390430623393,45.19111233865325
synthetic_small_zoom,synthetic,catspp|True|True,60.9373,47.57744990037735,46.0066922166821
synthetic_small_zoom,synthetic,glunet|False|False,16.7571,26.394542902695353,31.029063673621852
synthetic_small_zoom,synthetic,glunet|False|True,14.039,25.454531119982583,30.505958311116878
synthetic_small_zoom,synthetic,glunet|True|False,26.6724,32.35222620984819,28.527902930812676
synthetic_small_zoom,synthetic,glunet|True|True,23.5695,33.445539719688504,29.47397566060419
synthetic_small_zoom,synthetic,raft|True|False,54.0896,26.751361790469346,31.79208852368771
synthetic_small_zoom,tss,catspp|False|False,33.4343,41.37277798103409,47.343798309866756
synthetic_small_zoom,tss,catspp|False|True,38.3962,42.71449435483811,48.33998222223566
synthetic_small_zoom,tss,catspp|True|False,64.8435,59.234174507209865,59.586273224731684
synthetic_small_zoom,tss,catspp|True|True,65.1306,60.01162891726522,60.27692859828613
synthetic_small_zoom,tss,glunet|False|False,39.6402,44.44648223467167,48.79981313512376
synthetic_small_zoom,tss,glunet|False|True,29.9933,42.247411025724915,46.99506312659812
synthetic_small_zoom,tss,glunet|True|False,55.011,49.73244309033263,50.31492921130328
synthetic_small_zoom,tss,glunet|True|True,51.7585,50.905275725419024,51.407079831407756
synthetic_small_zoom,tss,raft|True|False,31.9553,39.192447015675896,43.9493920605055
