ctx_rho_g,ctx_rho_g_lo,ctx_rho_g_hi,cent_rho_g,cent_rho_g_lo,cent_rho_g_hi,ctx_rho_L,ctx_rho_L_lo,ctx_rho_L_hi,ctx_rho_Lg,ctx_rho_Lg_lo,ctx_rho_Lg_hi,abs_r_Lg,abs_r_Lg_lo,abs_r_Lg_hi,target,split,family,label,head,n_rows
0.2164983164983165,-0.11579999680990205,0.4453898189664493,0.2214238541571543,-0.048571144982417956,0.4522900284087816,-1.0,-1.0,-1.0,0.11773288439955107,-0.19672368594052286,0.36993336907590957,0.8707725175678818,0.8050257265087454,0.942496785542598,peak_pck,LOTO,motion,main,g,891
0.2531986531986532,-0.007161054776872281,0.4597675216129136,0.28067053022965754,-0.08816478138621535,0.48022187380662446,-1.0,-1.0,-1.0,0.09102132435465769,-0.24382558726846673,0.3546055282166394,0.834952258593336,0.7226596619891756,0.9434933918850575,peak_pck,LOTO,motion,main,g_zridge,891
,,,,,,-1.0,-1.0,-1.0,-1.0,-1.0,-1.0,0.8771909695038941,0.7741022702124982,0.9580920079773404,peak_pck,LOTO,motion,main,g_rank,891
,,,,,,-1.0,-1.0,-1.0,-1.0,-1.0,-1.0,0.8771909695038941,0.7815525847005464,0.9649142394030059,peak_pck,LOTO,motion,main,g_gbm,891
-0.06026936026936027,-0.12101062302612692,0.003245262929752216,-0.08174632183529668,-0.15676244856060853,-0.01247326722761575,-1.0,-1.0,-1.0,-0.7167227833894501,-0.7329259136966905,-0.6229021034164963,0.8761897428496273,0.8462907349565771,0.9045297024053163,peak_pck,LOTO,motion,shuffle,g,891
-0.045454545454545456,-0.08878846949022388,0.0076961731566509055,-0.07083953184623311,-0.15361273500500752,0.04738588451429327,-1.0,-1.0,-1.0,-0.8300785634118969,-0.842757975319375,-0.7431078967987276,0.8760099415085478,0.850693497500359,0.8996449282327896,peak_pck,LOTO,motion,shuffle,g_zridge,891
,,,,,,-1.0,-1.0,-1.0,-1.0,-1.0,-1.0,0.877190969503894,0.8468127036667582,0.907320720535915,peak_pck,LOTO,motion,shuffle,g_rank,891
,,,,,,-1.0,-1.0,-1.0,-1.0,-1.0,-1.0,0.877190969503894,0.8508235012805234,0.8968636188357122,peak_pck,LOTO,motion,shuffle,g_gbm,891
-0.1101010101010101,-0.46127018618941995,0.29396597554492304,-0.05939211997851508,-0.4113923385090885,0.3237521709555845,-1.0,-1.0,-1.0,-0.21604938271604937,-0.5317511234394844,0.1725618760706483,0.8242982913598526,0.69304542397127,0.9413892358375144,peak_pck,LOTO,appearance,main,g,891
-0.06790123456790123,-0.46307997001005563,0.3442360994051196,0.02707016759014542,-0.4094205799446077,0.33924859631575194,-1.0,-1.0,-1.0,-0.24276094276094276,-0.5966498992001666,0.2736746034134532,0.8264749374013707,0.7156481023549307,0.9424901377554529,peak_pck,LOTO,appearance,main,g_zridge,891
,,,,,,-1.0,-1.0,-1.0,-1.0,-1.0,-1.0,0.8771909695038941,0.7427482591241865,0.9597149942685225,peak_pck,LOTO,appearance,main,g_rank,891
,,,,,,-1.0,-1.0,-1.0,-1.0,-1.0,-1.0,0.8771909695038941,0.7778756722878691,0.959871140956559,peak_pck,LOTO,appearance,main,g_gbm,891
-0.059595959595959584,-0.1370020869249614,0.015527987534460051,-0.003536752666105886,-0.19882168951236143,0.0325322476463503,-1.0,-1.0,-1.0,-0.7419753086419754,-0.8100536943190947,-0.62536582538491,0.8760854214573833,0.8409538811502544,0.9030218137090416,peak_pck,LOTO,appearance,shuffle,g,891
-0.07261503928170594,-0.145631292000345,0.007753547940463828,-0.034975016790908364,-0.18373038715004328,0.038098113638449733,-1.0,-1.0,-1.0,-0.870482603815937,-0.9393927042010893,-0.7169680538995818,0.8768034486554633,0.851582958915416,0.9046687800043759,peak_pck,LOTO,appearance,shuffle,g_zridge,891
,,,,,,-1.0,-1.0,-1.0,-1.0,-1.0,-1.0,0.877190969503894,0.8430386279134926,0.8992581600508667,peak_pck,LOTO,appearance,shuffle,g_rank,891
,,,,,,-1.0,-1.0,-1.0,-1.0,-1.0,-1.0,0.877190969503894,0.8507233456133924,0.9034526521434216,peak_pck,LOTO,appearance,shuffle,g_gbm,891
0.3425364758698092,0.12555215840079342,0.45073935553131445,0.3187690676772133,0.11607057893987988,0.43668165025278144,-1.0,-1.0,-1.0,-0.04983164983164984,-0.25054467951161746,0.19487742926339421,0.8819090185080629,0.7792280163039471,0.9659008525089474,peak_pck,LOTO,motion_sym,main,g,891
0.29955106621773286,0.09881745103836301,0.4398531680405455,0.4007288585965464,0.125131476451209,0.5309589792243712,-1.0,-1.0,-1.0,-0.03411896745230079,-0.3091504683286881,0.20177040466392326,0.88491865480825,0.8009992388855377,0.9610300902791872,peak_pck,LOTO,motion_sym,main,g_zridge,891
,,,,,,-1.0,-1.0,-1.0,-1.0,-1.0,-1.0,0.8771909695038941,0.7882245661294865,0.9521910794519625,peak_pck,LOTO,motion_sym,main,g_rank,891
,,,,,,-1.0,-1.0,-1.0,-1.0,-1.0,-1.0,0.8771909695038941,0.748957990326203,0.9599075382907272,peak_pck,LOTO,motion_sym,main,g_gbm,891
-0.041301907968574636,-0.1106213412160204,0.034437675757974746,-0.08457135102457525,-0.12210057518415253,0.021144255500808555,-1.0,-1.0,-1.0,-0.8099887766554433,-0.94075291253695,-0.5299496555287732,0.8771829988732868,0.8490073065912219,0.9038588827077403,peak_pck,LOTO,motion_sym,shuffle,g,891
0.03254769921436588,-0.010373010504795369,0.07604857830495146,0.05654214335627144,-0.039371996831407866,0.1272183024530531,-1.0,-1.0,-1.0,-0.824354657687991,-0.9118140886931096,-0.6412747215963589,0.8772770009180448,0.8464353328977975,0.9027408587599118,peak_pck,LOTO,motion_sym,shuffle,g_zridge,891
,,,,,,-1.0,-1.0,-1.0,-1.0,-1.0,-1.0,0.877190969503894,0.8535637583053513,0.9022198108787278,peak_pck,LOTO,motion_sym,shuffle,g_rank,891
,,,,,,-1.0,-1.0,-1.0,-1.0,-1.0,-1.0,0.877190969503894,0.8502722001478621,0.9034525680883981,peak_pck,LOTO,motion_sym,shuffle,g_gbm,891
0.4817059483726151,0.26720031405921546,0.5705628278350241,0.3846211410047106,0.2685092423799513,0.565421795289341,-1.0,-1.0,-1.0,-0.21335578002244668,-0.3694150652325338,-0.0410154363721053,0.8825871788247075,0.8025113406420843,0.9527379558592725,peak_pck,LOTO,motion_rule,main,g,891
0.45881032547699213,0.24740969783679384,0.5733255002474488,0.4276288523026065,0.28743467837561915,0.6321659435323367,-1.0,-1.0,-1.0,-0.4578002244668911,-0.6044524108132129,-0.2868746605430747,0.8705659930314473,0.7744234695563662,0.95323239418493,peak_pck,LOTO,motion_rule,main,g_zridge,891
,,,,,,-1.0,-1.0,-1.0,-1.0,-1.0,-1.0,0.8771909695038941,0.7713498508060174,0.9664805202406839,peak_pck,LOTO,motion_rule,main,g_rank,891
,,,,,,-1.0,-1.0,-1.0,-1.0,-1.0,-1.0,0.8771909695038941,0.77316066698485,0.9571627668029119,peak_pck,LOTO,motion_rule,main,g_gbm,891
0.015937149270482606,-0.05290151327957111,0.08767941291637976,0.013244796333758243,-0.02905162612116172,0.08701765011641535,-1.0,-1.0,-1.0,-0.8228956228956228,-0.8625242072137494,-0.7465171933832236,0.8776090113465739,0.8533202455378646,0.9022785172938332,peak_pck,LOTO,motion_rule,shuffle,g,891
-0.006397306397306404,-0.07211549555786315,0.08309154008078742,-0.021611319862944792,-0.08517760433970906,0.055759392067535184,-1.0,-1.0,-1.0,-0.9156004489337822,-0.9494807350313177,-0.8397580891330889,0.8769475380745557,0.8451422235317103,0.9004557141909459,peak_pck,LOTO,motion_rule,shuffle,g_zridge,891
,,,,,,-1.0,-1.0,-1.0,-1.0,-1.0,-1.0,0.877190969503894,0.8519726472001017,0.9002057076752813,peak_pck,LOTO,motion_rule,shuffle,g_rank,891
,,,,,,-1.0,-1.0,-1.0,-1.0,-1.0,-1.0,0.877190969503894,0.8496216147251767,0.9018494870601867,peak_pck,LOTO,motion_rule,shuffle,g_gbm,891
0.19068462401795735,-0.13566498353781872,0.4356687840941718,0.27327787635582423,-0.0578693435574996,0.4891462297606231,-1.0,-1.0,-1.0,-0.4448933782267115,-0.6540888635105658,-0.16744335558152837,0.8629538216149741,0.7690038968555537,0.9481122433869421,peak_pck,LOTO,motion_precision,main,g,891
0.1749719416386083,-0.19611660507824527,0.42928954249321954,0.3447547984505711,-0.10867311735549097,0.5422476806848878,-1.0,-1.0,-1.0,-0.5665544332210998,-0.7830029560076509,-0.3183043309571323,0.8575850446537999,0.7624911032759494,0.9599256862754472,peak_pck,LOTO,motion_precision,main,g_zridge,891
,,,,,,-1.0,-1.0,-1.0,-1.0,-1.0,-1.0,0.8771909695038941,0.7645972363537417,0.9631739721434874,peak_pck,LOTO,motion_precision,main,g_rank,891
,,,,,,-1.0,-1.0,-1.0,-1.0,-1.0,-1.0,0.8771909695038941,0.7945751219684196,0.9512714063216146,peak_pck,LOTO,motion_precision,main,g_gbm,891
-0.030415263748597085,-0.0901685072414107,0.030781059815684242,-0.09642504875445164,-0.130769736650972,-0.003537773238410068,-1.0,-1.0,-1.0,-0.9037037037037038,-0.9261649533538368,-0.8404734488762264,0.877280618401503,0.8533309248645778,0.9038272550328882,peak_pck,LOTO,motion_precision,shuffle,g,891
0.043209876543209874,-0.02168301037768504,0.10175397569136649,0.14167668862081115,-0.028722992270203345,0.1940217493467277,-1.0,-1.0,-1.0,-0.9361391694725029,-0.9625681731704225,-0.8751838492041804,0.8769494988594823,0.8514237673154466,0.9025261374149932,peak_pck,LOTO,motion_precision,shuffle,g_zridge,891
,,,,,,-1.0,-1.0,-1.0,-1.0,-1.0,-1.0,0.877190969503894,0.8410043223547377,0.9000766610540436,peak_pck,LOTO,motion_precision,shuffle,g_rank,891
,,,,,,-1.0,-1.0,-1.0,-1.0,-1.0,-1.0,0.877190969503894,0.8524490168264482,0.9038876767746798,peak_pck,LOTO,motion_precision,shuffle,g_gbm,891
0.3489337822671156,0.10634651185577114,0.5047558099285985,0.16888190604076955,-0.1370408776450575,0.3829853733769029,-1.0,-1.0,-1.0,-0.6181818181818183,-0.8076554747894311,-0.4430671007920584,0.8788711315119168,0.7880746152950662,0.9671595555994753,peak_pck,LOTO,motion_recall,main,g,891
0.3242424242424243,0.07402405546249767,0.48598234551649794,0.2118466199082917,-0.07311223116636097,0.44467507121469657,-1.0,-1.0,-1.0,-0.6347923681257014,-0.7993508375355012,-0.4709645782854506,0.8788735299580868,0.7863512672694641,0.9672898096483235,peak_pck,LOTO,motion_recall,main,g_zridge,891
,,,,,,-1.0,-1.0,-1.0,-1.0,-1.0,-1.0,0.8771909695038941,0.7767831457218565,0.9609371108350059,peak_pck,LOTO,motion_recall,main,g_rank,891
,,,,,,-1.0,-1.0,-1.0,-1.0,-1.0,-1.0,0.8771909695038941,0.7761565354568267,0.9663587614619683,peak_pck,LOTO,motion_recall,main,g_gbm,891
-0.017620650953984292,-0.08595617344607409,0.03541929928168511,-0.003990728615365433,-0.11565017182255359,0.10300821688186577,-1.0,-1.0,-1.0,-0.9657687991021323,-0.9843457943925232,-0.9379401453486976,0.8771538003341519,0.8487331709766427,0.9047417771658559,peak_pck,LOTO,motion_recall,shuffle,g,891
-0.027384960718294042,-0.09847835583207164,0.05297889682180069,-0.00866682308209995,-0.1303538841566193,0.09111935669779032,-1.0,-1.0,-1.0,-0.9945005611672277,-0.9988649809191322,-0.9782650874985017,0.8771512988208077,0.8509709397126574,0.9042142106069018,peak_pck,LOTO,motion_recall,shuffle,g_zridge,891
,,,,,,-1.0,-1.0,-1.0,-1.0,-1.0,-1.0,0.877190969503894,0.8509859001016468,0.9033304089724566,peak_pck,LOTO,motion_recall,shuffle,g_rank,891
,,,,,,-1.0,-1.0,-1.0,-1.0,-1.0,-1.0,0.877190969503894,0.8529099669411616,0.9006109948320206,peak_pck,LOTO,motion_recall,shuffle,g_gbm,891
0.3575757575757576,0.28121717171717164,0.43838804713804724,0.3248391245311603,0.23177965987921287,0.4286391821720878,0.6542087542087541,0.5981502525252526,0.7149873737373735,0.5872053872053871,0.5207996632996633,0.6596422558922559,0.6926924144789083,0.4855867162235173,0.8468568473423848,peak_pck,LOBO,motion,main,g,891
0.3653198653198653,0.2627651515151515,0.454989898989899,0.30634465316953624,0.1547480365711567,0.4218654585077908,0.6542087542087541,0.585689393939394,0.7152676767676767,0.5956228956228956,0.5225454545454545,0.6831717171717173,0.7042954892003249,0.46293259012195037,0.8468959088347072,peak_pck,LOBO,motion,main,g_zridge,891
,,,,,,0.6542087542087541,0.5735303030303031,0.7318017676767677,0.6542087542087541,0.5735303030303031,0.7318017676767677,0.7248091582801284,0.428386272917029,0.8949764422986698,peak_pck,LOBO,motion,main,g_rank,891
,,,,,,0.6542087542087541,0.6073791486291485,0.7138232323232322,0.6542087542087541,0.6073791486291485,0.7138232323232322,0.7248091582801284,0.47577075845762695,0.8742663728463086,peak_pck,LOBO,motion,main,g_gbm,891
-0.13872053872053872,-0.17313131313131308,-0.1038181818181818,-0.11007572043035131,-0.14720322936770985,-0.07123825273950733,0.04365881032547699,-0.02048989898989899,0.12001767676767681,0.01122334455667788,-0.04850000000000001,0.08383838383838384,0.5826774950109316,0.3327764334706777,0.7381616887506762,peak_pck,LOBO,motion,shuffle,g,891
-0.08653198653198653,-0.15676767676767678,-0.025925505050505032,-0.03440785526633092,-0.08961808992261933,0.009699773992283625,0.04365881032547699,-0.006952861952861954,0.12000000000000005,0.027160493827160497,-0.032830808080808085,0.11313131313131312,0.5831057864262853,0.2924237923700893,0.7549136702145495,peak_pck,LOBO,motion,shuffle,g_zridge,891
,,,,,,0.04365881032547699,-0.008101851851851855,0.09629629629629628,0.04365881032547699,-0.008101851851851855,0.09629629629629628,0.5839580884822625,0.29882360454588897,0.7278403751453444,peak_pck,LOBO,motion,shuffle,g_rank,891
,,,,,,0.04365881032547699,-0.016565656565656568,0.09458922558922558,0.04365881032547699,-0.016565656565656568,0.09458922558922558,0.5839580884822625,0.31521520342607356,0.7512581067731409,peak_pck,LOBO,motion,shuffle,g_gbm,891
0.3575757575757576,0.26446338383838375,0.45213131313131305,0.3248391245311603,0.22719138539677203,0.4361379217512086,0.6342312008978676,0.5284494949494949,0.7414204545454547,0.6214365881032548,0.5413686868686869,0.7032525252525254,0.26494723048226193,0.1513480668309156,0.4581375648547561,peak_pck,LOBO,motion,uniform_level,g,891
0.3653198653198653,0.276540404040404,0.45521969696969694,0.30634465316953624,0.2064572622586838,0.4120803072581646,0.6342312008978676,0.5438383838383839,0.7102693602693605,0.6361391694725028,0.5451414141414141,0.732680375180375,0.2538736597712132,0.1649921949206523,0.4530234019406023,peak_pck,LOBO,motion,uniform_level,g_zridge,891
,,,,,,0.6342312008978676,0.5269646464646465,0.7169336219336223,0.6342312008978676,0.5269646464646465,0.7169336219336223,0.22077052762215568,0.10938805923732874,0.44336060179020087,peak_pck,LOBO,motion,uniform_level,g_rank,891
,,,,,,0.6342312008978676,0.527070707070707,0.7133670033670035,0.6342312008978676,0.527070707070707,0.7133670033670035,0.22077052762215568,0.09518817517778401,0.4997719909439218,peak_pck,LOBO,motion,uniform_level,g_gbm,891
0.19079685746352415,0.09718055555555556,0.287010101010101,0.1890740616665679,0.04435460717822718,0.29974060383613466,0.6545454545454547,0.5327272727272726,0.7872853535353537,0.5135802469135803,0.3850340909090909,0.6208754208754209,0.6498904690552066,0.13120546203954558,0.9093070918523471,peak_pck,LOBO,appearance,main,g,891
0.25566778900112236,0.16969696969696973,0.33318686868686875,0.19845069524946882,0.04163681651427533,0.3482978412233667,0.6545454545454547,0.5372053872053871,0.7748383838383839,0.5421997755331088,0.41548821548821535,0.663020202020202,0.6488240535400235,0.20569592744037077,0.8869852298030751,peak_pck,LOBO,appearance,main,g_zridge,891
,,,,,,0.6545454545454547,0.5194444444444444,0.7642676767676768,0.6545454545454547,0.5194444444444444,0.7642676767676768,0.6801714101042782,0.23998623467396488,0.9338391045603415,peak_pck,LOBO,appearance,main,g_rank,891
,,,,,,0.6545454545454547,0.5444141414141415,0.7731666666666667,0.6545454545454547,0.5444141414141415,0.7731666666666667,0.6801714101042782,0.1491733871105164,0.926308193050269,peak_pck,LOBO,appearance,main,g_gbm,891
-0.014365881032547701,-0.053141414141414135,0.027790404040404032,-0.029523766370058522,-0.09814758961082,0.057889886329122,0.053086419753086415,-0.00041077441077441566,0.10770791245791243,0.045903479236812574,-0.011628787878787874,0.10151515151515149,0.563921278876391,0.058846248133880376,0.8032149472180785,peak_pck,LOBO,appearance,shuffle,g,891
-0.0537598204264871,-0.0980976430976431,-0.003797979797979796,-0.04114377683039252,-0.12449329187944708,0.032580728567096616,0.053086419753086415,0.0015858585858585944,0.09402525252525255,0.05106621773288442,0.005025252525252521,0.09002946127946132,0.563968569447341,0.09397157430881604,0.7810201792735967,peak_pck,LOBO,appearance,shuffle,g_zridge,891
,,,,,,0.053086419753086415,0.004383838383838381,0.10032323232323234,0.053086419753086415,0.004383838383838381,0.10032323232323234,0.5637249602142428,0.11139772421045566,0.8077623889190929,peak_pck,LOBO,appearance,shuffle,g_rank,891
,,,,,,0.053086419753086415,-0.0008989898989898963,0.10051515151515154,0.053086419753086415,-0.0008989898989898963,0.10051515151515154,0.5637249602142428,0.14392652884669946,0.8188094912804542,peak_pck,LOBO,appearance,shuffle,g_gbm,891
0.19079685746352415,0.10524242424242422,0.2859444444444445,0.1890740616665679,0.07539208513042187,0.3180459966998754,0.6342312008978676,0.5380265151515152,0.7169336219336223,0.5214365881032549,0.44737373737373737,0.6337651515151514,0.18774379813254055,0.08360555863323055,0.38464057666325785,peak_pck,LOBO,appearance,uniform_level,g,891
0.25566778900112236,0.18500000000000003,0.3503577441077441,0.19845069524946882,0.04039135395942954,0.33963672724258903,0.6342312008978676,0.5482525252525252,0.7159932659932663,0.5387205387205387,0.4646010101010101,0.6085757575757578,0.18286512700394478,0.051769959449814336,0.435709689010378,peak_pck,LOBO,appearance,uniform_level,g_zridge,891
,,,,,,0.6342312008978676,0.5284713804713804,0.7624242424242424,0.6342312008978676,0.5284713804713804,0.7624242424242424,0.22077052762215568,0.08513865047994992,0.5003359114180377,peak_pck,LOBO,appearance,uniform_level,g_rank,891
,,,,,,0.6342312008978676,0.5466818181818182,0.7170934343434349,0.6342312008978676,0.5466818181818182,0.7170934343434349,0.22077052762215568,0.11158168607838966,0.4746047047694801,peak_pck,LOBO,appearance,uniform_level,g_gbm,891
0.4391694725028059,0.3793282828282828,0.4905732323232324,0.4150907447117153,0.36472954354868986,0.4683951970119433,0.6542087542087541,0.5733333333333334,0.7149873737373735,0.643658810325477,0.576314814814815,0.703273569023569,0.7075207705419507,0.4502857377348202,0.8524376739047638,peak_pck,LOBO,motion_sym,main,g,891
0.45028058361391693,0.40942760942760936,0.499520202020202,0.4372367233203537,0.3940761435111504,0.4923879879470505,0.6542087542087541,0.5951178451178452,0.7149873737373735,0.6572390572390572,0.6119292929292929,0.7121590909090909,0.7167254650609316,0.5154024232954959,0.8648809665396592,peak_pck,LOBO,motion_sym,main,g_zridge,891
,,,,,,0.6542087542087541,0.5749494949494949,0.7152676767676767,0.6542087542087541,0.5749494949494949,0.7152676767676767,0.7248091582801284,0.43354003007358827,0.8874281042330451,peak_pck,LOBO,motion_sym,main,g_rank,891
,,,,,,0.6542087542087541,0.5950530303030304,0.7095707070707071,0.6542087542087541,0.5950530303030304,0.7095707070707071,0.7248091582801284,0.4890413179639499,0.8729497470304857,peak_pck,LOBO,motion_sym,main,g_gbm,891
-0.043209876543209874,-0.09292929292929293,0.014166666666666675,-0.08210630959641257,-0.13125785406150237,-0.021648733140332856,0.04365881032547699,-0.01653535353535354,0.09415151515151514,0.042087542087542076,-0.021479797979797977,0.09699494949494948,0.5837948026019936,0.2762126734935969,0.7300229105821067,peak_pck,LOBO,motion_sym,shuffle,g,891
0.04927048260381594,-0.011279461279461276,0.1096969696969697,0.036732995627757795,-0.004443127659766796,0.07487648223523533,0.04365881032547699,-0.01801010101010101,0.09797979797979799,0.05308641975308643,-0.003927609427609417,0.10464646464646463,0.5838016265109276,0.28429972432811246,0.7404958540604305,peak_pck,LOBO,motion_sym,shuffle,g_zridge,891
,,,,,,0.04365881032547699,-0.01921085858585859,0.12222222222222222,0.04365881032547699,-0.01921085858585859,0.12222222222222222,0.5839580884822625,0.3072033209156367,0.7497638176677703,peak_pck,LOBO,motion_sym,shuffle,g_rank,891
,,,,,,0.04365881032547699,-0.019960858585858585,0.09797979797979799,0.04365881032547699,-0.019960858585858585,0.09797979797979799,0.5839580884822625,0.3101923069134498,0.7364138508473969,peak_pck,LOBO,motion_sym,shuffle,g_gbm,891
0.4391694725028059,0.38556186868686865,0.49536868686868685,0.4150907447117153,0.3684991465079952,0.47557480337882846,0.6342312008978676,0.5314848484848483,0.76,0.7240179573512907,0.6723737373737374,0.7942222222222223,0.2729729333426094,0.16731907105800686,0.5093788834140393,peak_pck,LOBO,motion_sym,uniform_level,g,891
0.45028058361391693,0.4018181818181818,0.49293434343434345,0.4372367233203537,0.37893404646923773,0.500965819152422,0.6342312008978676,0.5469898989898989,0.7420938552188554,0.713692480359147,0.6392171717171719,0.7903072390572387,0.26512109567949643,0.1422725022286083,0.4891838996133827,peak_pck,LOBO,motion_sym,uniform_level,g_zridge,891
,,,,,,0.6342312008978676,0.5338787878787877,0.7163059163059166,0.6342312008978676,0.5338787878787877,0.7163059163059166,0.22077052762215568,0.09986891330635796,0.47232602053478956,peak_pck,LOBO,motion_sym,uniform_level,g_rank,891
,,,,,,0.6342312008978676,0.5524368686868687,0.7160010822510825,0.6342312008978676,0.5524368686868687,0.7160010822510825,0.22077052762215568,0.09497468559744233,0.4364215336795034,peak_pck,LOBO,motion_sym,uniform_level,g_gbm,891
0.4952725048874817,0.44943181818181827,0.5397217859663637,0.3872201147146929,0.3391861752345579,0.4516854416421041,0.6542087542087541,0.5912710437710439,0.7138383838383837,0.6637485970819305,0.6032188552188552,0.714537037037037,0.7133366852011396,0.4503778272831421,0.8458781224444458,peak_pck,LOBO,motion_rule,main,g,891
0.4952725048874817,0.4567626262626263,0.5545714195562655,0.3834775435502447,0.342551535184947,0.45739086007515883,0.6542087542087541,0.5853535353535354,0.7111784511784512,0.667003367003367,0.6053556397306398,0.7180479797979796,0.7206238392360594,0.4144432941017022,0.8591767507596387,peak_pck,LOBO,motion_rule,main,g_zridge,891
,,,,,,0.6542087542087541,0.585689393939394,0.7151439393939392,0.6542087542087541,0.585689393939394,0.7151439393939392,0.7248091582801284,0.4690046420582839,0.884933244785085,peak_pck,LOBO,motion_rule,main,g_rank,891
,,,,,,0.6542087542087541,0.5914659090909091,0.7131313131313132,0.6542087542087541,0.5914659090909091,0.7131313131313132,0.7248091582801284,0.394406594008991,0.8882324433003471,peak_pck,LOBO,motion_rule,main,g_gbm,891
0.03427061811660885,-0.01558585858585859,0.09454545454545453,0.026683140924179363,-0.06033127889487546,0.10890241144788085,0.04365881032547699,-0.01919823232323233,0.09633838383838383,0.046801346801346795,-0.01474747474747475,0.10101641414141412,0.5833586018636694,0.29087448482163153,0.7513207120050966,peak_pck,LOBO,motion_rule,shuffle,g,891
0.03427061811660885,-0.0193320829573215,0.0820462840460455,0.02993302832411405,-0.040879297253884894,0.11480503328563978,0.04365881032547699,-0.01804040404040404,0.0930976430976431,0.047586980920314256,-0.011664141414141417,0.09417845117845117,0.5837846744726355,0.32575003978137057,0.7235469854924668,peak_pck,LOBO,motion_rule,shuffle,g_zridge,891
,,,,,,0.04365881032547699,-0.014594276094276088,0.09633838383838383,0.04365881032547699,-0.014594276094276088,0.09633838383838383,0.5839580884822625,0.32928282862184616,0.7431372138134461,peak_pck,LOBO,motion_rule,shuffle,g_rank,891
,,,,,,0.04365881032547699,-0.007878787878787884,0.08946608946608947,0.04365881032547699,-0.007878787878787884,0.08946608946608947,0.5839580884822625,0.31119245731362194,0.7339349615918358,peak_pck,LOBO,motion_rule,shuffle,g_gbm,891
0.4952725048874817,0.45648989898989906,0.5458497107239951,0.3872201147146929,0.33425197945940005,0.45425138787173774,0.6342312008978676,0.548895202020202,0.7163059163059166,0.6679012345679013,0.5947601010101009,0.7509191919191918,0.25888776785719647,0.164164323999293,0.48187400394213664,peak_pck,LOBO,motion_rule,uniform_level,g,891
0.4952725048874817,0.44696969696969713,0.5476774801623262,0.3834775435502447,0.3246985666410959,0.4510993884697433,0.6342312008978676,0.5489722222222223,0.7133670033670035,0.6652076318742985,0.5841666666666666,0.7427914862914864,0.24982356459591532,0.16146146923941512,0.46108652974139686,peak_pck,LOBO,motion_rule,uniform_level,g_zridge,891
,,,,,,0.6342312008978676,0.5506464646464646,0.743571127946128,0.6342312008978676,0.5506464646464646,0.743571127946128,0.22077052762215568,0.09301696875053306,0.4585788990556773,peak_pck,LOBO,motion_rule,uniform_level,g_rank,891
,,,,,,0.6342312008978676,0.5471363636363638,0.7166351010101014,0.6342312008978676,0.5471363636363638,0.7166351010101014,0.22077052762215568,0.09110503157541343,0.48313175794471697,peak_pck,LOBO,motion_rule,uniform_level,g_gbm,891
0.22163727256019708,0.15805934343434344,0.280298476387668,0.2593567456141366,0.1667397099344384,0.33818481235851994,0.6542087542087541,0.5786565656565656,0.7197979797979798,0.6393939393939394,0.5822079124579124,0.6875715488215486,0.7180869109182736,0.43944137813903494,0.8693966444767589,peak_pck,LOBO,motion_precision,main,g,891
0.22163727256019708,0.1526691919191919,0.2844761108604977,0.2526287972220345,0.14059820771699955,0.32836951111559187,0.6542087542087541,0.573246632996633,0.7149873737373735,0.6463524130190796,0.5814074074074074,0.6953177609427609,0.721707656395004,0.4176222371958514,0.8824152131509231,peak_pck,LOBO,motion_precision,main,g_zridge,891
,,,,,,0.6542087542087541,0.5835656565656566,0.7145454545454546,0.6542087542087541,0.5835656565656566,0.7145454545454546,0.7248091582801284,0.4312297833772432,0.8758523481689292,peak_pck,LOBO,motion_precision,main,g_rank,891
,,,,,,0.6542087542087541,0.5735353535353536,0.7216464646464648,0.6542087542087541,0.5735353535353536,0.7216464646464648,0.7248091582801284,0.4243332796425559,0.8937759823415424,peak_pck,LOBO,motion_precision,main,g_gbm,891
-0.007914264608690755,-0.08365656565656567,0.0800010642842169,-0.0950129172311084,-0.17436274253244183,0.012959735286203942,0.04365881032547699,-0.011939393939393944,0.09649368686868692,0.03872053872053872,-0.01464141414141414,0.08604040404040415,0.5838458792295941,0.29334421637294833,0.7399211924839912,peak_pck,LOBO,motion_precision,shuffle,g,891
0.007914264608690755,-0.06456806477746653,0.09236994949494952,0.09738209809561421,-0.006093263483742534,0.16922837171000527,0.04365881032547699,-0.023979797979797976,0.12222222222222222,0.047474747474747475,-0.0240050505050505,0.12794612794612795,0.5838363158314138,0.2983393889842846,0.732811173710168,peak_pck,LOBO,motion_precision,shuffle,g_zridge,891
,,,,,,0.04365881032547699,-0.026005050505050507,0.09621212121212121,0.04365881032547699,-0.026005050505050507,0.09621212121212121,0.5839580884822625,0.2851653174304582,0.7168930990930179,peak_pck,LOBO,motion_precision,shuffle,g_rank,891
,,,,,,0.04365881032547699,-0.008982323232323227,0.10764141414141418,0.04365881032547699,-0.008982323232323227,0.10764141414141418,0.5839580884822625,0.32603280763983933,0.7308522451396945,peak_pck,LOBO,motion_precision,shuffle,g_gbm,891
0.22163727256019708,0.13572979797979798,0.2902923868217291,0.2593567456141366,0.14822550969870874,0.3400786662526917,0.6342312008978676,0.5436578282828284,0.7587853535353537,0.640628507295174,0.5572929292929293,0.7521489898989898,0.24435250876537803,0.13263654713553907,0.49773601322983,peak_pck,LOBO,motion_precision,uniform_level,g,891
0.22163727256019708,0.15261868686868685,0.288097009600707,0.2526287972220345,0.14805216339792115,0.33677601661343004,0.6342312008978676,0.560050505050505,0.7414583333333334,0.6447811447811448,0.5727525252525252,0.7578535353535354,0.2387166643467602,0.12418095387723153,0.4191486489290837,peak_pck,LOBO,motion_precision,uniform_level,g_zridge,891
,,,,,,0.6342312008978676,0.5270252525252525,0.7132996632996634,0.6342312008978676,0.5270252525252525,0.7132996632996634,0.22077052762215568,0.08466712497094386,0.47580733269807524,peak_pck,LOBO,motion_precision,uniform_level,g_rank,891
,,,,,,0.6342312008978676,0.5506641414141414,0.7163059163059166,0.6342312008978676,0.5506641414141414,0.7163059163059166,0.22077052762215568,0.10492303726444582,0.43982494264206223,peak_pck,LOBO,motion_precision,uniform_level,g_gbm,891
0.36075466835977493,0.24214210354976334,0.4726249652571186,0.1674131979723456,0.10791928603441082,0.2751782220662357,0.6542087542087541,0.5921574074074074,0.7145606060606061,0.6657687991021325,0.6079882154882155,0.7229040404040403,0.7241141528723913,0.45046631669598425,0.8846796216381422,peak_pck,LOBO,motion_recall,main,g,891
0.36075466835977493,0.2647234501056035,0.4645399484221019,0.16814176497338781,0.0990516545407488,0.2520076595636278,0.6542087542087541,0.5920454545454545,0.7197979797979798,0.6579124579124578,0.6022790404040405,0.7274747474747474,0.7232776529971553,0.4733515913352712,0.8653945833433693,peak_pck,LOBO,motion_recall,main,g_zridge,891
,,,,,,0.6542087542087541,0.585689393939394,0.7138047138047137,0.6542087542087541,0.585689393939394,0.7138047138047137,0.7248091582801284,0.45923328408730407,0.8801141430644822,peak_pck,LOBO,motion_recall,main,g_rank,891
,,,,,,0.6542087542087541,0.5921574074074074,0.715151515151515,0.6542087542087541,0.5921574074074074,0.715151515151515,0.7248091582801284,0.4606616404318488,0.8800589912481445,peak_pck,LOBO,motion_recall,main,g_gbm,891
-0.0580285277929671,-0.1053872040579428,-0.004040404040404042,-0.06549398921095853,-0.16137307808816917,0.03852413686950163,0.04365881032547699,-0.008919191919191927,0.09797979797979799,0.036924803591470254,-0.021045454545454534,0.09165151515151519,0.5838066196271972,0.33302270731094313,0.7264699517986815,peak_pck,LOBO,motion_recall,shuffle,g,891
-0.07216994193438125,-0.12559147250337774,-0.01155808080808079,-0.029862008245085333,-0.14470831394305708,0.062294317334232636,0.04365881032547699,-0.01944949494949495,0.09629629629629628,0.03838383838383838,-0.027934343434343433,0.09545454545454544,0.5838737488566217,0.3171403631809899,0.7483598413457843,peak_pck,LOBO,motion_recall,shuffle,g_zridge,891
,,,,,,0.04365881032547699,-0.008952020202020197,0.09629629629629628,0.04365881032547699,-0.008952020202020197,0.09629629629629628,0.5839580884822625,0.281397497941407,0.7265280673249563,peak_pck,LOBO,motion_recall,shuffle,g_rank,891
,,,,,,0.04365881032547699,-0.019222222222222227,0.09458922558922561,0.04365881032547699,-0.019222222222222227,0.09458922558922561,0.5839580884822625,0.3100784505482522,0.7466228557633704,peak_pck,LOBO,motion_recall,shuffle,g_gbm,891
0.36075466835977493,0.24842242276938473,0.4930707070707071,0.1674131979723456,0.09763973863583798,0.2913662859105833,0.6342312008978676,0.5365492424242425,0.758196127946128,0.6804713804713806,0.5991919191919192,0.7752651515151515,0.22426191032853887,0.10823586970133882,0.47441824683608375,peak_pck,LOBO,motion_recall,uniform_level,g,891
0.36075466835977493,0.28166071844373997,0.47396028536794516,0.16814176497338781,0.11668905194999785,0.29161077537941166,0.6342312008978676,0.5302878787878786,0.7163059163059166,0.684736251402918,0.6027929292929293,0.7523809523809524,0.22687748579544753,0.11756840322088997,0.4264342742065938,peak_pck,LOBO,motion_recall,uniform_level,g_zridge,891
,,,,,,0.6342312008978676,0.5284494949494949,0.7636363636363637,0.6342312008978676,0.5284494949494949,0.7636363636363637,0.22077052762215568,0.1090865275882435,0.5786513540399153,peak_pck,LOBO,motion_recall,uniform_level,g_rank,891
,,,,,,0.6342312008978676,0.5435909090909091,0.7169399350649355,0.6342312008978676,0.5435909090909091,0.7169399350649355,0.22077052762215568,0.1099265873730569,0.5762415852912254,peak_pck,LOBO,motion_recall,uniform_level,g_gbm,891
0.22581369248035918,-0.010993990485149322,0.38170993604820613,0.1817179539423419,0.011403147034746128,0.3471775480198542,-0.6342312008978676,-0.6876025677860487,-0.5013097683987983,0.16913580246913582,-0.058347754053822184,0.3285634221772733,0.45230739863916036,0.3352509919592828,0.5561837033940593,peak_pck,JOINT,motion,main,g,891
0.2144781144781145,0.0237390747113501,0.3740218997108862,0.14260830468120697,-0.033706664703044474,0.33372751145266366,-0.6342312008978676,-0.6897033140982199,-0.5031477789923342,0.09337822671156006,-0.07550047939453051,0.233713502246857,0.2828285716045534,0.17586469757939457,0.39460474954074864,peak_pck,JOINT,motion,main,g_zridge,891
,,,,,,-0.6342312008978676,-0.6745131936936111,-0.5137149768770614,-0.6342312008978676,-0.6745131936936111,-0.5137149768770614,-0.015096639728041022,-0.0818477682900134,0.053860880909485605,peak_pck,JOINT,motion,main,g_rank,891
,,,,,,-0.6342312008978676,-0.6743538200595937,-0.5168775814996031,-0.6342312008978676,-0.6743538200595937,-0.5168775814996031,-0.015096639728041022,-0.07107900497030224,0.06457761190411673,peak_pck,JOINT,motion,main,g_gbm,891
-0.07800224466891134,-0.1487252158295666,0.014468283176848975,-0.024605043135191434,-0.11719157677353206,0.046643941203773444,-0.022671156004489327,-0.09470738945583833,0.05728753627720765,-0.0468013468013468,-0.10508845460171823,0.04576653476865652,0.00021631722040044268,-0.05813129348877393,0.056411970307705166,peak_pck,JOINT,motion,shuffle,g,891
-0.04882154882154882,-0.1151262517462435,0.038205279861723916,0.018499217388908536,-0.07991027097216237,0.07355412308018844,-0.022671156004489327,-0.08822170304831323,0.06259300126616293,-0.03232323232323233,-0.10523775262701004,0.05108421688101459,-0.01321916462923364,-0.06321310696088005,0.060673207622243694,peak_pck,JOINT,motion,shuffle,g_zridge,891
,,,,,,-0.022671156004489327,-0.09265535939939196,0.04354794441202932,-0.022671156004489327,-0.09265535939939196,0.04354794441202932,0.013857384430943021,-0.03854692846222752,0.07478854517098572,peak_pck,JOINT,motion,shuffle,g_rank,891
,,,,,,-0.022671156004489327,-0.10041415252800068,0.0551308938002596,-0.022671156004489327,-0.10041415252800068,0.0551308938002596,0.013857384430943021,-0.03830336996368615,0.07767421750452307,peak_pck,JOINT,motion,shuffle,g_gbm,891
-0.0734006734006734,-0.21970250743992176,0.09767515587938667,-0.10715617936610505,-0.31286008152463585,0.04891116765281996,-0.6342312008978676,-0.6747267603534102,-0.511619659921674,-0.14163860830527497,-0.2771761563637622,0.017540828284130984,-0.2832792358646328,-0.40470906753928343,-0.10376606681708314,peak_pck,JOINT,appearance,main,g,891
-0.0708193041526375,-0.241782684285862,0.14001691884169645,-0.10698619096098014,-0.2763581628227525,0.10044591181020629,-0.6342312008978676,-0.6853701610783759,-0.5210224557378595,-0.14006734006734006,-0.29668608102382377,0.0636385997789834,-0.24571093070338784,-0.38406316419853476,-0.0926887739725731,peak_pck,JOINT,appearance,main,g_zridge,891
,,,,,,-0.6342312008978676,-0.6772174451337287,-0.5080983327692419,-0.6342312008978676,-0.6772174451337287,-0.5080983327692419,-0.015096639728041022,-0.08135689857197026,0.06795919671452003,peak_pck,JOINT,appearance,main,g_rank,891
,,,,,,-0.6342312008978676,-0.6920526841198107,-0.5179515942341426,-0.6342312008978676,-0.6920526841198107,-0.5179515942341426,-0.015096639728041022,-0.07232299326301456,0.06315362785282057,peak_pck,JOINT,appearance,main,g_gbm,891
-0.015824915824915825,-0.09964086656622934,0.06618334397043331,-0.026384291888828272,-0.12774450919073083,0.045883605156256634,-0.022671156004489327,-0.09564203720863551,0.054479619255031,-0.017732884399551074,-0.09661924215083553,0.05758409900512219,0.00817534588937639,-0.04130260131650139,0.09045453435119967,peak_pck,JOINT,appearance,shuffle,g,891
-0.02918069584736251,-0.09824065390457962,0.04472270152833534,0.024575279588763353,-0.1036466514417114,0.06062472508498225,-0.022671156004489327,-0.09897331532742061,0.061322902616291884,-0.002805836139169472,-0.08075629293004676,0.08209026736065261,0.002695395691377903,-0.05321027694567891,0.0802744959224157,peak_pck,JOINT,appearance,shuffle,g_zridge,891
,,,,,,-0.022671156004489327,-0.08979228223160318,0.060777845733300875,-0.022671156004489327,-0.08979228223160318,0.060777845733300875,0.013857384430943021,-0.04216072918676469,0.08780998890823762,peak_pck,JOINT,appearance,shuffle,g_rank,891
,,,,,,-0.022671156004489327,-0.10030302955308472,0.05301031567609178,-0.022671156004489327,-0.10030302955308472,0.05301031567609178,0.013857384430943021,-0.04077378642235122,0.07639288546060174,peak_pck,JOINT,appearance,shuffle,g_gbm,891
0.3731762065095398,0.1664306193417967,0.47579658731612723,0.3327395189575492,0.15641018954044095,0.45763434755129834,-0.6342312008978676,-0.688725087790848,-0.5255925876304542,0.17373737373737375,-0.029917046483423526,0.2812591845873865,0.2209612510552892,0.09531669003895216,0.34102953319549495,peak_pck,JOINT,motion_sym,main,g,891
0.24691358024691357,0.09116980831858897,0.3784431271139979,0.31329983335391304,0.12446010493857303,0.4332490403182969,-0.6342312008978676,-0.6833799045072277,-0.5168463666698123,0.0654320987654321,-0.07609036959808356,0.1968278181178777,0.12532024440371747,0.024876662297158653,0.24194315709699482,peak_pck,JOINT,motion_sym,main,g_zridge,891
,,,,,,-0.6342312008978676,-0.7015180555193175,-0.5038633579718917,-0.6342312008978676,-0.7015180555193175,-0.5038633579718917,-0.015096639728041022,-0.08337803318133036,0.05785266905147082,peak_pck,JOINT,motion_sym,main,g_rank,891
,,,,,,-0.6342312008978676,-0.675443174901461,-0.5040511470437532,-0.6342312008978676,-0.675443174901461,-0.5040511470437532,-0.015096639728041022,-0.08711365826972735,0.0689566885245185,peak_pck,JOINT,motion_sym,main,g_gbm,891
-0.039842873176206516,-0.11352557970947881,0.04564279809074584,0.040485068411097815,-0.07177677486692352,0.10944935998164855,-0.022671156004489327,-0.09189349643420751,0.05021096271354818,-0.034455667789001124,-0.109286287295662,0.04639460471807689,-0.0044122996623457925,-0.05143913607812391,0.06798310980861558,peak_pck,JOINT,motion_sym,shuffle,g,891
0.05207631874298541,-0.01926684006121576,0.11402186396107349,0.05120106645804308,-0.03724249011877494,0.11496567867504051,-0.022671156004489327,-0.09680296832336976,0.05913790019786722,0.009315375982042644,-0.06930273611726886,0.07737459820171978,-0.0021442056648252775,-0.04935017856132621,0.07568602060420647,peak_pck,JOINT,motion_sym,shuffle,g_zridge,891
,,,,,,-0.022671156004489327,-0.10680111874521056,0.06302435794375215,-0.022671156004489327,-0.10680111874521056,0.06302435794375215,0.013857384430943021,-0.03986252273289843,0.07715765783163892,peak_pck,JOINT,motion_sym,shuffle,g_rank,891
,,,,,,-0.022671156004489327,-0.10359753745387369,0.0621505595066961,-0.022671156004489327,-0.10359753745387369,0.0621505595066961,0.013857384430943021,-0.03251271756143479,0.08117984115023279,peak_pck,JOINT,motion_sym,shuffle,g_gbm,891
0.48754208754208755,0.34915334924748426,0.558425357319426,0.411757796165739,0.3193440116434817,0.5191555480494544,-0.6342312008978676,-0.6829057232778244,-0.5141688554199288,0.017845117845117834,-0.10338936175100089,0.12013888109008941,-0.020141397886297693,-0.10592190777218202,0.07964857725389049,peak_pck,JOINT,motion_rule,main,g,891
0.5484848484848485,0.4115549820477095,0.5934537528916684,0.4444905468977359,0.3735600603682787,0.5660624334045319,-0.6342312008978676,-0.6924591398009062,-0.5139869290014751,-0.11784511784511784,-0.2095614310688516,0.027326399025378863,-0.020946999548422666,-0.10323603592390383,0.08334427537437415,peak_pck,JOINT,motion_rule,main,g_zridge,891
,,,,,,-0.6342312008978676,-0.6814020720944985,-0.5334493025019771,-0.6342312008978676,-0.6814020720944985,-0.5334493025019771,-0.015096639728041022,-0.07985219758932838,0.05363334044817614,peak_pck,JOINT,motion_rule,main,g_rank,891
,,,,,,-0.6342312008978676,-0.690933126987955,-0.5101301586771163,-0.6342312008978676,-0.690933126987955,-0.5101301586771163,-0.015096639728041022,-0.07191292138091199,0.058224963497186796,peak_pck,JOINT,motion_rule,main,g_gbm,891
0.040628507295173956,-0.038392963908957245,0.1051184007324788,0.03569311974497716,-0.033992467416158724,0.10495265151691094,-0.022671156004489327,-0.09590035367876586,0.058081753954312566,-0.0068462401795735105,-0.07646107369211945,0.059638275491388955,0.02235157271695661,-0.028578014204569003,0.0865901779639579,peak_pck,JOINT,motion_rule,shuffle,g,891
-0.0031425364758698076,-0.0752825802889502,0.07398742968823828,-0.007425780515162524,-0.07071239530900905,0.06086675239355042,-0.022671156004489327,-0.09587480502173011,0.04632394109546356,-0.02626262626262626,-0.09838548908967232,0.045717990816396846,0.016868524651669006,-0.02962302210614177,0.08373787703673265,peak_pck,JOINT,motion_rule,shuffle,g_zridge,891
,,,,,,-0.022671156004489327,-0.08552631782971384,0.0603827897750841,-0.022671156004489327,-0.08552631782971384,0.0603827897750841,0.013857384430943021,-0.03934901602364433,0.07443971044338399,peak_pck,JOINT,motion_rule,shuffle,g_rank,891
,,,,,,-0.022671156004489327,-0.09711433704442682,0.049852118899640877,-0.022671156004489327,-0.09711433704442682,0.049852118899640877,0.013857384430943021,-0.036847551058871775,0.07418172638138404,peak_pck,JOINT,motion_rule,shuffle,g_gbm,891
0.12379349046015713,-0.03040144049442682,0.2612056132452162,0.2172123841161653,0.047098938335057475,0.35160778169692697,-0.6342312008978676,-0.6804619367059589,-0.5254429525877949,-0.2804713804713805,-0.3910937910386651,-0.12314958899648261,-0.1553117507690273,-0.24834510756287922,-0.04944656298010896,peak_pck,JOINT,motion_precision,main,g,891
0.25342312008978674,0.07244476871316297,0.40806942732987705,0.2849477342765141,0.13874243784773937,0.43260370254931657,-0.6342312008978676,-0.6880666061345506,-0.5176833474633248,-0.2941638608305275,-0.40370858817734834,-0.15550788537915106,-0.11240540774445557,-0.19515696820929218,-0.012602895058430494,peak_pck,JOINT,motion_precision,main,g_zridge,891
,,,,,,-0.6342312008978676,-0.6896836098437865,-0.5274812669518059,-0.6342312008978676,-0.6896836098437865,-0.5274812669518059,-0.015096639728041022,-0.0653285367889408,0.060135011349949946,peak_pck,JOINT,motion_precision,main,g_rank,891
,,,,,,-0.6342312008978676,-0.6906066377889561,-0.5253823831985974,-0.6342312008978676,-0.6906066377889561,-0.5253823831985974,-0.015096639728041022,-0.07929436895426752,0.07320606075505838,peak_pck,JOINT,motion_precision,main,g_gbm,891
0.016498316498316495,-0.05472681031459474,0.09495212014658522,-0.0429940848102287,-0.10168213541626356,0.06464839923234728,-0.022671156004489327,-0.08698857397822711,0.044957726748798985,-0.036475869809203136,-0.11192203720051938,0.03738354067925781,0.026954904348199436,-0.02560022125848419,0.10269873743184389,peak_pck,JOINT,motion_precision,shuffle,g,891
0.016835016835016838,-0.06056863125675832,0.09016864366078382,0.14263358178975966,-0.006782100744724211,0.18101653530518474,-0.022671156004489327,-0.09282711275665452,0.04738110118689445,-0.018855218855218858,-0.08918242477441501,0.056014871347393115,0.003763995343401315,-0.05306958739103523,0.06625042938528171,peak_pck,JOINT,motion_precision,shuffle,g_zridge,891
,,,,,,-0.022671156004489327,-0.09661740547569436,0.05536256045524623,-0.022671156004489327,-0.09661740547569436,0.05536256045524623,0.013857384430943021,-0.04159195017943599,0.07580176944829581,peak_pck,JOINT,motion_precision,shuffle,g_rank,891
,,,,,,-0.022671156004489327,-0.09056606649078867,0.044666386319438096,-0.022671156004489327,-0.09056606649078867,0.044666386319438096,0.013857384430943021,-0.040305517085183463,0.09518335706861022,peak_pck,JOINT,motion_precision,shuffle,g_gbm,891
0.19494949494949496,-0.00996305335877295,0.3364253958346288,0.1376395214583104,-0.043864092747344215,0.3054094163229298,-0.6342312008978676,-0.6759683203651387,-0.5195089621078194,-0.3460157126823794,-0.46099627112781955,-0.20523121971309188,0.0427590425935522,-0.028009176937003045,0.11747557267292355,peak_pck,JOINT,motion_recall,main,g,891
0.3738496071829406,0.18504857466715396,0.45162523398713295,0.2396962676232504,0.08813875646796844,0.3563018260902424,-0.6342312008978676,-0.693018638188735,-0.52446585988926,-0.2846240179573513,-0.4109023924138574,-0.16746778224630463,0.06183596232591595,-0.006812116494650273,0.1312823560051981,peak_pck,JOINT,motion_recall,main,g_zridge,891
,,,,,,-0.6342312008978676,-0.6859769628975763,-0.513573031842712,-0.6342312008978676,-0.6859769628975763,-0.513573031842712,-0.015096639728041022,-0.07394369180897589,0.0626478912165231,peak_pck,JOINT,motion_recall,main,g_rank,891
,,,,,,-0.6342312008978676,-0.6858163345819849,-0.5095812017872464,-0.6342312008978676,-0.6858163345819849,-0.5095812017872464,-0.015096639728041022,-0.06999579892469955,0.05471303603013574,peak_pck,JOINT,motion_recall,main,g_gbm,891
0.02626262626262627,-0.05766907410384064,0.1066913035584021,0.04866823028297108,-0.044111406674549596,0.11702688480722641,-0.022671156004489327,-0.09037419593195747,0.05363795516124009,-0.030415263748597078,-0.09772805733863782,0.05891932805283028,0.011760346846627356,-0.043397934028634254,0.08531391136592334,peak_pck,JOINT,motion_recall,shuffle,g,891
0.016386083052749717,-0.05277566400268666,0.09769729793363433,0.03668596683936123,-0.038615099946428845,0.1127649642260069,-0.022671156004489327,-0.09205636127195696,0.06023304916726116,-0.024803591470258138,-0.08912541165992471,0.06301484414794592,0.012368954876767401,-0.04676850591922049,0.073891220693903,peak_pck,JOINT,motion_recall,shuffle,g_zridge,891
,,,,,,-0.022671156004489327,-0.08117952449292823,0.04499397535111843,-0.022671156004489327,-0.08117952449292823,0.04499397535111843,0.013857384430943021,-0.032302010903975026,0.07318223501713596,peak_pck,JOINT,motion_recall,shuffle,g_rank,891
,,,,,,-0.022671156004489327,-0.11086798436476077,0.05482116643755906,-0.022671156004489327,-0.11086798436476077,0.05482116643755906,0.013857384430943021,-0.03701777144982419,0.07850514660513426,peak_pck,JOINT,motion_recall,shuffle,g_gbm,891
