run_id,run_name,train_dataset,step_tag,logsteps,pretrained,freeze,timestamp,benchmark,auc_steps,auc,auc_normalized,auc_points,flow_recall,flow_precision,flow_outside,resnet_recall,resnet_precision,resnet_outside,dino_recall,dino_precision,dino_outside,flow_mmd,feature_mmd,dino_mmd,flow_recall_logit,flow_precision_logit,flow_outside_logit,resnet_recall_logit,resnet_precision_logit,resnet_outside_logit,dino_recall_logit,dino_precision_logit,dino_outside_logit,prediction,target,fold
snapshots/flyingthings_logsteps100_pretrainedTrue_freezeFalse_2025_12_10_01_43,flyingthings_logsteps100_pretrainedTrue_freezeFalse_2025_12_10_01_43,flyingthings,logsteps,100,True,False,2025_12_10_01_43,flyingthings,5000,360156.05,72.03121,5,0.29802204216020833,0.3442046172428665,0.6557953827571334,0.4057849136901841,0.37436925073848204,0.625630749261518,,,,0.120961382985115,0.0060516977682709,,-0.8567345536936865,-0.6446125256532295,0.6446125256532292,-0.3814181019971683,-0.5135177278632456,0.5135177278632457,,,,68.29647125080434,72.03121,flyingthings
snapshots/flyingthings_logsteps100_pretrainedTrue_freezeFalse_2025_12_10_01_43,flyingthings_logsteps100_pretrainedTrue_freezeFalse_2025_12_10_01_43,flyingthings,logsteps,100,True,False,2025_12_10_01_43,kitti2012,5000,386865.65,77.37313,5,0.40695717243439034,0.05555629512221702,0.944443704877783,0.37591873432511413,0.2106714357042166,0.7893285642957835,,,,0.3795063495635986,0.0222196206450462,,-0.376558665782417,-2.833199248874027,2.8331992488740263,-0.5069076054272054,-1.3208829224035434,1.3208829224035439,,,,61.934581065464506,77.37313,flyingthings
snapshots/flyingthings_logsteps100_pretrainedTrue_freezeFalse_2025_12_10_01_43,flyingthings_logsteps100_pretrainedTrue_freezeFalse_2025_12_10_01_43,flyingthings,logsteps,100,True,False,2025_12_10_01_43,middlebury,5000,208389.55,41.67791,5,0.29838550036559086,0.06671639320341378,0.9332836067965862,0.34331084808352363,0.41708274420570207,0.5829172557942979,,,,0.0860338509082794,0.0204798858612775,,-0.8549978314892076,-2.638258429756175,2.6382584297561746,-0.6485744745827918,-0.3347606184995471,0.334760618499547,,,,48.34601170582079,41.67791,flyingthings
snapshots/flyingthings_logsteps100_pretrainedTrue_freezeFalse_2025_12_10_01_43,flyingthings_logsteps100_pretrainedTrue_freezeFalse_2025_12_10_01_43,flyingthings,logsteps,100,True,False,2025_12_10_01_43,pfpascal,5000,167096.84999999998,33.419369999999994,5,0.24287120836394,0.17258085962646133,0.8274191403735387,0.359136189177216,0.2024012012866136,0.7975987987133863,,,,0.203537255525589,0.0530802756547927,,-1.1370020771233191,-1.567445508816546,1.5674455088165462,-0.5791152971418884,-1.3713538399136087,1.3713538399136085,,,,49.83191288838792,33.419369999999994,flyingthings
snapshots/flyingthings_logsteps100_pretrainedTrue_freezeFalse_2025_12_10_01_43,flyingthings_logsteps100_pretrainedTrue_freezeFalse_2025_12_10_01_43,flyingthings,logsteps,100,True,False,2025_12_10_01_43,pfwillow,5000,183633.3,36.726659999999995,5,0.18840606858816797,0.09377621517890769,0.9062237848210923,0.3231465107329058,0.36291376886619464,0.6370862311338054,,,,0.3096532523632049,0.1238195747137069,,-1.4604005577962051,-2.2683750243197687,2.268375024319769,-0.7393490237936415,-0.5627397623948225,0.5627397623948226,,,,29.441393279199843,36.726659999999995,flyingthings
snapshots/flyingthings_logsteps100_pretrainedTrue_freezeFalse_2025_12_10_01_43,flyingthings_logsteps100_pretrainedTrue_freezeFalse_2025_12_10_01_43,flyingthings,logsteps,100,True,False,2025_12_10_01_43,pointodyssey,5000,174928.44999999998,34.98569,5,0.4122196981863808,0.01612767000151461,0.9838723299984854,0.25145673986796657,0.36726840198275523,0.6327315980172448,,,,0.2527019083499908,0.0285462290048599,,-0.3547967864592523,-4.11095971223401,4.110959712234011,-1.0908580316897827,-0.5439533951456732,0.5439533951456732,,,,45.55288388098327,34.98569,flyingthings
snapshots/flyingthings_logsteps100_pretrainedTrue_freezeFalse_2025_12_10_01_43,flyingthings_logsteps100_pretrainedTrue_freezeFalse_2025_12_10_01_43,flyingthings,logsteps,100,True,False,2025_12_10_01_43,spair,5000,59588.5,11.9177,5,0.07275440486615477,0.11119906435353334,0.8888009356464667,0.3639400558766407,0.2765998229205412,0.7234001770794588,,,,0.3054104149341583,0.0825123786926269,,-2.5451290136891025,-2.078551323338259,2.078551323338259,-0.5583036382473445,-0.9613907852757672,0.9613907852757672,,,,30.477490605748528,11.9177,flyingthings
snapshots/flyingthings_logsteps100_pretrainedTrue_freezeFalse_2025_12_10_01_43,flyingthings_logsteps100_pretrainedTrue_freezeFalse_2025_12_10_01_43,flyingthings,logsteps,100,True,False,2025_12_10_01_43,tss,5000,255616.45,51.123290000000004,5,0.2826338847295449,0.19022310193219988,0.8097768980678002,0.35936281164093814,0.3934301028196687,0.6065698971803313,,,,0.1674795448780059,0.0387242063879966,,-0.9314339647316844,-1.4485611712448945,1.448561171244895,-0.5781307923344422,-0.43291654588689243,0.4329165458868923,,,,55.393632013344615,51.123290000000004,flyingthings
snapshots/flyingthings_steps100_pretrainedTrue_freezeFalse_2025_12_10_18_38,flyingthings_steps100_pretrainedTrue_freezeFalse_2025_12_10_18_38,flyingthings,steps,100,True,False,2025_12_10_18_38,flyingthings,5000,359820.25,71.96405,5,0.29802204216020833,0.3442046172428665,0.6557953827571334,0.4057849136901841,0.37436925073848204,0.625630749261518,,,,0.120961382985115,0.0060516977682709,,-0.8567345536936865,-0.6446125256532295,0.6446125256532292,-0.3814181019971683,-0.5135177278632456,0.5135177278632457,,,,68.29647125080434,71.96405,flyingthings
snapshots/flyingthings_steps100_pretrainedTrue_freezeFalse_2025_12_10_18_38,flyingthings_steps100_pretrainedTrue_freezeFalse_2025_12_10_18_38,flyingthings,steps,100,True,False,2025_12_10_18_38,kitti2012,5000,384327.14999999997,76.86542999999999,5,0.40695717243439034,0.05555629512221702,0.944443704877783,0.37591873432511413,0.2106714357042166,0.7893285642957835,,,,0.3795063495635986,0.0222196206450462,,-0.376558665782417,-2.833199248874027,2.8331992488740263,-0.5069076054272054,-1.3208829224035434,1.3208829224035439,,,,61.934581065464506,76.86542999999999,flyingthings
snapshots/flyingthings_steps100_pretrainedTrue_freezeFalse_2025_12_10_18_38,flyingthings_steps100_pretrainedTrue_freezeFalse_2025_12_10_18_38,flyingthings,steps,100,True,False,2025_12_10_18_38,middlebury,5000,207869.7,41.57394,5,0.29838550036559086,0.06671639320341378,0.9332836067965862,0.34331084808352363,0.41708274420570207,0.5829172557942979,,,,0.0860338509082794,0.0204798858612775,,-0.8549978314892076,-2.638258429756175,2.6382584297561746,-0.6485744745827918,-0.3347606184995471,0.334760618499547,,,,48.34601170582079,41.57394,flyingthings
snapshots/flyingthings_steps100_pretrainedTrue_freezeFalse_2025_12_10_18_38,flyingthings_steps100_pretrainedTrue_freezeFalse_2025_12_10_18_38,flyingthings,steps,100,True,False,2025_12_10_18_38,pfpascal,5000,179224.94999999998,35.844989999999996,5,0.24287120836394,0.17258085962646133,0.8274191403735387,0.359136189177216,0.2024012012866136,0.7975987987133863,,,,0.203537255525589,0.0530802756547927,,-1.1370020771233191,-1.567445508816546,1.5674455088165462,-0.5791152971418884,-1.3713538399136087,1.3713538399136085,,,,49.83191288838792,35.844989999999996,flyingthings
snapshots/flyingthings_steps100_pretrainedTrue_freezeFalse_2025_12_10_18_38,flyingthings_steps100_pretrainedTrue_freezeFalse_2025_12_10_18_38,flyingthings,steps,100,True,False,2025_12_10_18_38,pfwillow,5000,189577.75,37.91555,5,0.18840606858816797,0.09377621517890769,0.9062237848210923,0.3231465107329058,0.36291376886619464,0.6370862311338054,,,,0.3096532523632049,0.1238195747137069,,-1.4604005577962051,-2.2683750243197687,2.268375024319769,-0.7393490237936415,-0.5627397623948225,0.5627397623948226,,,,29.441393279199843,37.91555,flyingthings
snapshots/flyingthings_steps100_pretrainedTrue_freezeFalse_2025_12_10_18_38,flyingthings_steps100_pretrainedTrue_freezeFalse_2025_12_10_18_38,flyingthings,steps,100,True,False,2025_12_10_18_38,pointodyssey,5000,171590.8,34.31816,5,0.4122196981863808,0.01612767000151461,0.9838723299984854,0.25145673986796657,0.36726840198275523,0.6327315980172448,,,,0.2527019083499908,0.0285462290048599,,-0.3547967864592523,-4.11095971223401,4.110959712234011,-1.0908580316897827,-0.5439533951456732,0.5439533951456732,,,,45.55288388098327,34.31816,flyingthings
snapshots/flyingthings_steps100_pretrainedTrue_freezeFalse_2025_12_10_18_38,flyingthings_steps100_pretrainedTrue_freezeFalse_2025_12_10_18_38,flyingthings,steps,100,True,False,2025_12_10_18_38,spair,5000,63285.850000000006,12.65717,5,0.07275440486615477,0.11119906435353334,0.8888009356464667,0.3639400558766407,0.2765998229205412,0.7234001770794588,,,,0.3054104149341583,0.0825123786926269,,-2.5451290136891025,-2.078551323338259,2.078551323338259,-0.5583036382473445,-0.9613907852757672,0.9613907852757672,,,,30.477490605748528,12.65717,flyingthings
snapshots/flyingthings_steps100_pretrainedTrue_freezeFalse_2025_12_10_18_38,flyingthings_steps100_pretrainedTrue_freezeFalse_2025_12_10_18_38,flyingthings,steps,100,True,False,2025_12_10_18_38,tss,5000,259868.75,51.97375,5,0.2826338847295449,0.19022310193219988,0.8097768980678002,0.35936281164093814,0.3934301028196687,0.6065698971803313,,,,0.1674795448780059,0.0387242063879966,,-0.9314339647316844,-1.4485611712448945,1.448561171244895,-0.5781307923344422,-0.43291654588689243,0.4329165458868923,,,,55.393632013344615,51.97375,flyingthings
snapshots/flyingthings_steps100_pretrainedTrue_freezeFalse_2025_12_12_11_46,flyingthings_steps100_pretrainedTrue_freezeFalse_2025_12_12_11_46,flyingthings,steps,100,True,False,2025_12_12_11_46,flyingthings,5000,360656.7,72.13134000000001,5,0.29802204216020833,0.3442046172428665,0.6557953827571334,0.4057849136901841,0.37436925073848204,0.625630749261518,,,,0.120961382985115,0.0060516977682709,,-0.8567345536936865,-0.6446125256532295,0.6446125256532292,-0.3814181019971683,-0.5135177278632456,0.5135177278632457,,,,68.29647125080434,72.13134000000001,flyingthings
snapshots/flyingthings_steps100_pretrainedTrue_freezeFalse_2025_12_12_11_46,flyingthings_steps100_pretrainedTrue_freezeFalse_2025_12_12_11_46,flyingthings,steps,100,True,False,2025_12_12_11_46,kitti2012,5000,385018.15,77.00363,5,0.40695717243439034,0.05555629512221702,0.944443704877783,0.37591873432511413,0.2106714357042166,0.7893285642957835,,,,0.3795063495635986,0.0222196206450462,,-0.376558665782417,-2.833199248874027,2.8331992488740263,-0.5069076054272054,-1.3208829224035434,1.3208829224035439,,,,61.934581065464506,77.00363,flyingthings
snapshots/flyingthings_steps100_pretrainedTrue_freezeFalse_2025_12_12_11_46,flyingthings_steps100_pretrainedTrue_freezeFalse_2025_12_12_11_46,flyingthings,steps,100,True,False,2025_12_12_11_46,middlebury,5000,209132.80000000002,41.82656,5,0.29838550036559086,0.06671639320341378,0.9332836067965862,0.34331084808352363,0.41708274420570207,0.5829172557942979,,,,0.0860338509082794,0.0204798858612775,,-0.8549978314892076,-2.638258429756175,2.6382584297561746,-0.6485744745827918,-0.3347606184995471,0.334760618499547,,,,48.34601170582079,41.82656,flyingthings
snapshots/flyingthings_steps100_pretrainedTrue_freezeFalse_2025_12_12_11_46,flyingthings_steps100_pretrainedTrue_freezeFalse_2025_12_12_11_46,flyingthings,steps,100,True,False,2025_12_12_11_46,pfpascal,5000,173037.8,34.60756,5,0.24287120836394,0.17258085962646133,0.8274191403735387,0.359136189177216,0.2024012012866136,0.7975987987133863,,,,0.203537255525589,0.0530802756547927,,-1.1370020771233191,-1.567445508816546,1.5674455088165462,-0.5791152971418884,-1.3713538399136087,1.3713538399136085,,,,49.83191288838792,34.60756,flyingthings
snapshots/flyingthings_steps100_pretrainedTrue_freezeFalse_2025_12_12_11_46,flyingthings_steps100_pretrainedTrue_freezeFalse_2025_12_12_11_46,flyingthings,steps,100,True,False,2025_12_12_11_46,pfwillow,5000,184444.40000000002,36.88888000000001,5,0.18840606858816797,0.09377621517890769,0.9062237848210923,0.3231465107329058,0.36291376886619464,0.6370862311338054,,,,0.3096532523632049,0.1238195747137069,,-1.4604005577962051,-2.2683750243197687,2.268375024319769,-0.7393490237936415,-0.5627397623948225,0.5627397623948226,,,,29.441393279199843,36.88888000000001,flyingthings
snapshots/flyingthings_steps100_pretrainedTrue_freezeFalse_2025_12_12_11_46,flyingthings_steps100_pretrainedTrue_freezeFalse_2025_12_12_11_46,flyingthings,steps,100,True,False,2025_12_12_11_46,pointodyssey,5000,171724.7,34.34494,5,0.4122196981863808,0.01612767000151461,0.9838723299984854,0.25145673986796657,0.36726840198275523,0.6327315980172448,,,,0.2527019083499908,0.0285462290048599,,-0.3547967864592523,-4.11095971223401,4.110959712234011,-1.0908580316897827,-0.5439533951456732,0.5439533951456732,,,,45.55288388098327,34.34494,flyingthings
snapshots/flyingthings_steps100_pretrainedTrue_freezeFalse_2025_12_12_11_46,flyingthings_steps100_pretrainedTrue_freezeFalse_2025_12_12_11_46,flyingthings,steps,100,True,False,2025_12_12_11_46,spair,5000,59818.45,11.96369,5,0.07275440486615477,0.11119906435353334,0.8888009356464667,0.3639400558766407,0.2765998229205412,0.7234001770794588,,,,0.3054104149341583,0.0825123786926269,,-2.5451290136891025,-2.078551323338259,2.078551323338259,-0.5583036382473445,-0.9613907852757672,0.9613907852757672,,,,30.477490605748528,11.96369,flyingthings
snapshots/flyingthings_steps100_pretrainedTrue_freezeFalse_2025_12_12_11_46,flyingthings_steps100_pretrainedTrue_freezeFalse_2025_12_12_11_46,flyingthings,steps,100,True,False,2025_12_12_11_46,tss,5000,258596.05,51.71921,5,0.2826338847295449,0.19022310193219988,0.8097768980678002,0.35936281164093814,0.3934301028196687,0.6065698971803313,,,,0.1674795448780059,0.0387242063879966,,-0.9314339647316844,-1.4485611712448945,1.448561171244895,-0.5781307923344422,-0.43291654588689243,0.4329165458868923,,,,55.393632013344615,51.71921,flyingthings
snapshots/pointodyssey_logsteps100_pretrainedTrue_freezeFalse_2025_12_10_11_14,pointodyssey_logsteps100_pretrainedTrue_freezeFalse_2025_12_10_11_14,pointodyssey,logsteps,100,True,False,2025_12_10_11_14,flyingthings,5000,332832.95,66.56659,5,0.011720746075177535,0.4954926200048128,0.5045073799951871,0.3950082247167559,0.2794855929302831,0.7205144070697169,,,,0.6785438060760498,0.0284111928194761,,-4.43460486306964,-0.018030008399606005,0.018030008399605797,-0.42630827661320203,-0.9470146657726355,0.9470146657726354,,,,95.0397199500899,66.56659,pointodyssey
snapshots/pointodyssey_logsteps100_pretrainedTrue_freezeFalse_2025_12_10_11_14,pointodyssey_logsteps100_pretrainedTrue_freezeFalse_2025_12_10_11_14,pointodyssey,logsteps,100,True,False,2025_12_10_11_14,kitti2012,5000,377759.75,75.55195,5,0.04645995012679681,0.11872465304052665,0.8812753469594734,0.3816639411454963,0.14707171947490544,0.8529282805250946,,,,1.0156478881835938,0.053868368268013,,-3.021590773295423,-2.004563144168358,2.0045631441683582,-0.48249160802343133,-1.7577551094691022,1.7577551094691024,,,,100.83997136245499,75.55195,pointodyssey
snapshots/pointodyssey_logsteps100_pretrainedTrue_freezeFalse_2025_12_10_11_14,pointodyssey_logsteps100_pretrainedTrue_freezeFalse_2025_12_10_11_14,pointodyssey,logsteps,100,True,False,2025_12_10_11_14,middlebury,5000,213891.55,42.77831,5,0.018953212297502166,0.23519000750179145,0.7648099924982086,0.36770262317897073,0.35509226882697453,0.6449077311730255,,,,0.5650716423988342,0.0374895259737968,,-3.946646720771826,-1.1792336971462953,1.1792336971462956,-0.5420852941243304,-0.5967295862251187,0.5967295862251186,,,,73.74267511777735,42.77831,pointodyssey
snapshots/pointodyssey_logsteps100_pretrainedTrue_freezeFalse_2025_12_10_11_14,pointodyssey_logsteps100_pretrainedTrue_freezeFalse_2025_12_10_11_14,pointodyssey,logsteps,100,True,False,2025_12_10_11_14,pfpascal,5000,96804.85,19.360970000000002,5,0.0038986585003528812,0.2381245539543177,0.7618754460456822,0.41915466822997605,0.17621831318750086,0.8237816868124992,,,,0.8396538496017456,0.0300277210772037,,-5.543216481207803,-1.1629892129717019,1.1629892129717017,-0.32624452263797765,-1.5421819094210212,1.5421819094210214,,,,86.35069352309333,19.360970000000002,pointodyssey
snapshots/pointodyssey_logsteps100_pretrainedTrue_freezeFalse_2025_12_10_11_14,pointodyssey_logsteps100_pretrainedTrue_freezeFalse_2025_12_10_11_14,pointodyssey,logsteps,100,True,False,2025_12_10_11_14,pfwillow,5000,123716.65,24.74333,5,0.0032292982007029623,0.15228295424699248,0.8477170457530075,0.38011184849167895,0.3265369296798365,0.6734630703201635,,,,0.804984450340271,0.1024791523814201,,-5.732255917042604,-1.7168065762252145,1.7168065762252147,-0.48907351342446853,-0.7238901117916602,0.7238901117916602,,,,54.45818276954005,24.74333,pointodyssey
snapshots/pointodyssey_logsteps100_pretrainedTrue_freezeFalse_2025_12_10_11_14,pointodyssey_logsteps100_pretrainedTrue_freezeFalse_2025_12_10_11_14,pointodyssey,logsteps,100,True,False,2025_12_10_11_14,pointodyssey,5000,130670.2,26.13404,5,0.10896048940877356,0.15270063117932753,0.8472993688206725,0.2975566426125626,0.32459599663343575,0.6754040033665643,,,,0.2805671989917755,0.0461983606219291,,-2.1014034365573657,-1.7135747325980282,1.7135747325980282,-0.8589601657045158,-0.7327297135606865,0.7327297135606865,,,,51.88861035320951,26.13404,pointodyssey
snapshots/pointodyssey_logsteps100_pretrainedTrue_freezeFalse_2025_12_10_11_14,pointodyssey_logsteps100_pretrainedTrue_freezeFalse_2025_12_10_11_14,pointodyssey,logsteps,100,True,False,2025_12_10_11_14,spair,5000,45531.200000000004,9.106240000000001,5,0.0006376658773013244,0.12041113348616866,0.8795888665138314,0.4296341672615527,0.253888317954017,0.746111682045983,,,,0.9863914251327516,0.0372311100363731,,-7.357058245816752,-1.9885426017433765,1.988542601743377,-0.2833438940134807,-1.0779808196043372,1.0779808196043372,,,,78.40963516496798,9.106240000000001,pointodyssey
snapshots/pointodyssey_logsteps100_pretrainedTrue_freezeFalse_2025_12_10_11_14,pointodyssey_logsteps100_pretrainedTrue_freezeFalse_2025_12_10_11_14,pointodyssey,logsteps,100,True,False,2025_12_10_11_14,tss,5000,201117.19999999998,40.22344,5,0.00408117935157362,0.26365794011573784,0.7363420598842622,0.4141483238151876,0.3527509206069136,0.6472490793930864,,,,0.6731200218200684,0.0187124498188495,,-5.4972797454843345,-1.0270421843954707,1.0270421843954707,-0.34684246547917147,-0.6069689957653173,0.6069689957653173,,,,80.85204423077568,40.22344,pointodyssey
snapshots/pointodyssey_steps100_pretrainedTrue_freezeFalse_2025_12_11_00_21,pointodyssey_steps100_pretrainedTrue_freezeFalse_2025_12_11_00_21,pointodyssey,steps,100,True,False,2025_12_11_00_21,flyingthings,5000,336081.4,67.21628,5,0.011720746075177535,0.4954926200048128,0.5045073799951871,0.3950082247167559,0.2794855929302831,0.7205144070697169,,,,0.6785438060760498,0.0284111928194761,,-4.43460486306964,-0.018030008399606005,0.018030008399605797,-0.42630827661320203,-0.9470146657726355,0.9470146657726354,,,,95.0397199500899,67.21628,pointodyssey
snapshots/pointodyssey_steps100_pretrainedTrue_freezeFalse_2025_12_11_00_21,pointodyssey_steps100_pretrainedTrue_freezeFalse_2025_12_11_00_21,pointodyssey,steps,100,True,False,2025_12_11_00_21,kitti2012,5000,378099.1,75.61981999999999,5,0.04645995012679681,0.11872465304052665,0.8812753469594734,0.3816639411454963,0.14707171947490544,0.8529282805250946,,,,1.0156478881835938,0.053868368268013,,-3.021590773295423,-2.004563144168358,2.0045631441683582,-0.48249160802343133,-1.7577551094691022,1.7577551094691024,,,,100.83997136245499,75.61981999999999,pointodyssey
snapshots/pointodyssey_steps100_pretrainedTrue_freezeFalse_2025_12_11_00_21,pointodyssey_steps100_pretrainedTrue_freezeFalse_2025_12_11_00_21,pointodyssey,steps,100,True,False,2025_12_11_00_21,middlebury,5000,214391.19999999998,42.87824,5,0.018953212297502166,0.23519000750179145,0.7648099924982086,0.36770262317897073,0.35509226882697453,0.6449077311730255,,,,0.5650716423988342,0.0374895259737968,,-3.946646720771826,-1.1792336971462953,1.1792336971462956,-0.5420852941243304,-0.5967295862251187,0.5967295862251186,,,,73.74267511777735,42.87824,pointodyssey
snapshots/pointodyssey_steps100_pretrainedTrue_freezeFalse_2025_12_11_00_21,pointodyssey_steps100_pretrainedTrue_freezeFalse_2025_12_11_00_21,pointodyssey,steps,100,True,False,2025_12_11_00_21,pfpascal,5000,126848.65,25.36973,5,0.0038986585003528812,0.2381245539543177,0.7618754460456822,0.41915466822997605,0.17621831318750086,0.8237816868124992,,,,0.8396538496017456,0.0300277210772037,,-5.543216481207803,-1.1629892129717019,1.1629892129717017,-0.32624452263797765,-1.5421819094210212,1.5421819094210214,,,,86.35069352309333,25.36973,pointodyssey
snapshots/pointodyssey_steps100_pretrainedTrue_freezeFalse_2025_12_11_00_21,pointodyssey_steps100_pretrainedTrue_freezeFalse_2025_12_11_00_21,pointodyssey,steps,100,True,False,2025_12_11_00_21,pfwillow,5000,142144.4,28.42888,5,0.0032292982007029623,0.15228295424699248,0.8477170457530075,0.38011184849167895,0.3265369296798365,0.6734630703201635,,,,0.804984450340271,0.1024791523814201,,-5.732255917042604,-1.7168065762252145,1.7168065762252147,-0.48907351342446853,-0.7238901117916602,0.7238901117916602,,,,54.45818276954005,28.42888,pointodyssey
snapshots/pointodyssey_steps100_pretrainedTrue_freezeFalse_2025_12_11_00_21,pointodyssey_steps100_pretrainedTrue_freezeFalse_2025_12_11_00_21,pointodyssey,steps,100,True,False,2025_12_11_00_21,pointodyssey,5000,130346.1,26.06922,5,0.10896048940877356,0.15270063117932753,0.8472993688206725,0.2975566426125626,0.32459599663343575,0.6754040033665643,,,,0.2805671989917755,0.0461983606219291,,-2.1014034365573657,-1.7135747325980282,1.7135747325980282,-0.8589601657045158,-0.7327297135606865,0.7327297135606865,,,,51.88861035320951,26.06922,pointodyssey
snapshots/pointodyssey_steps100_pretrainedTrue_freezeFalse_2025_12_11_00_21,pointodyssey_steps100_pretrainedTrue_freezeFalse_2025_12_11_00_21,pointodyssey,steps,100,True,False,2025_12_11_00_21,spair,5000,58347.1,11.66942,5,0.0006376658773013244,0.12041113348616866,0.8795888665138314,0.4296341672615527,0.253888317954017,0.746111682045983,,,,0.9863914251327516,0.0372311100363731,,-7.357058245816752,-1.9885426017433765,1.988542601743377,-0.2833438940134807,-1.0779808196043372,1.0779808196043372,,,,78.40963516496798,11.66942,pointodyssey
snapshots/pointodyssey_steps100_pretrainedTrue_freezeFalse_2025_12_11_00_21,pointodyssey_steps100_pretrainedTrue_freezeFalse_2025_12_11_00_21,pointodyssey,steps,100,True,False,2025_12_11_00_21,tss,5000,224271.75,44.85435,5,0.00408117935157362,0.26365794011573784,0.7363420598842622,0.4141483238151876,0.3527509206069136,0.6472490793930864,,,,0.6731200218200684,0.0187124498188495,,-5.4972797454843345,-1.0270421843954707,1.0270421843954707,-0.34684246547917147,-0.6069689957653173,0.6069689957653173,,,,80.85204423077568,44.85435,pointodyssey
snapshots/pointodyssey_steps100_pretrainedTrue_freezeFalse_2025_12_12_23_45,pointodyssey_steps100_pretrainedTrue_freezeFalse_2025_12_12_23_45,pointodyssey,steps,100,True,False,2025_12_12_23_45,flyingthings,5000,304056.2,60.811240000000005,5,0.011720746075177535,0.4954926200048128,0.5045073799951871,0.3950082247167559,0.2794855929302831,0.7205144070697169,,,,0.6785438060760498,0.0284111928194761,,-4.43460486306964,-0.018030008399606005,0.018030008399605797,-0.42630827661320203,-0.9470146657726355,0.9470146657726354,,,,95.0397199500899,60.811240000000005,pointodyssey
snapshots/pointodyssey_steps100_pretrainedTrue_freezeFalse_2025_12_12_23_45,pointodyssey_steps100_pretrainedTrue_freezeFalse_2025_12_12_23_45,pointodyssey,steps,100,True,False,2025_12_12_23_45,kitti2012,5000,332594.3,66.51886,5,0.04645995012679681,0.11872465304052665,0.8812753469594734,0.3816639411454963,0.14707171947490544,0.8529282805250946,,,,1.0156478881835938,0.053868368268013,,-3.021590773295423,-2.004563144168358,2.0045631441683582,-0.48249160802343133,-1.7577551094691022,1.7577551094691024,,,,100.83997136245499,66.51886,pointodyssey
snapshots/pointodyssey_steps100_pretrainedTrue_freezeFalse_2025_12_12_23_45,pointodyssey_steps100_pretrainedTrue_freezeFalse_2025_12_12_23_45,pointodyssey,steps,100,True,False,2025_12_12_23_45,middlebury,5000,206192.45,41.238490000000006,5,0.018953212297502166,0.23519000750179145,0.7648099924982086,0.36770262317897073,0.35509226882697453,0.6449077311730255,,,,0.5650716423988342,0.0374895259737968,,-3.946646720771826,-1.1792336971462953,1.1792336971462956,-0.5420852941243304,-0.5967295862251187,0.5967295862251186,,,,73.74267511777735,41.238490000000006,pointodyssey
snapshots/pointodyssey_steps100_pretrainedTrue_freezeFalse_2025_12_12_23_45,pointodyssey_steps100_pretrainedTrue_freezeFalse_2025_12_12_23_45,pointodyssey,steps,100,True,False,2025_12_12_23_45,pfpascal,5000,90199.65000000001,18.039930000000002,5,0.0038986585003528812,0.2381245539543177,0.7618754460456822,0.41915466822997605,0.17621831318750086,0.8237816868124992,,,,0.8396538496017456,0.0300277210772037,,-5.543216481207803,-1.1629892129717019,1.1629892129717017,-0.32624452263797765,-1.5421819094210212,1.5421819094210214,,,,86.35069352309333,18.039930000000002,pointodyssey
snapshots/pointodyssey_steps100_pretrainedTrue_freezeFalse_2025_12_12_23_45,pointodyssey_steps100_pretrainedTrue_freezeFalse_2025_12_12_23_45,pointodyssey,steps,100,True,False,2025_12_12_23_45,pfwillow,5000,109877.8,21.97556,5,0.0032292982007029623,0.15228295424699248,0.8477170457530075,0.38011184849167895,0.3265369296798365,0.6734630703201635,,,,0.804984450340271,0.1024791523814201,,-5.732255917042604,-1.7168065762252145,1.7168065762252147,-0.48907351342446853,-0.7238901117916602,0.7238901117916602,,,,54.45818276954005,21.97556,pointodyssey
snapshots/pointodyssey_steps100_pretrainedTrue_freezeFalse_2025_12_12_23_45,pointodyssey_steps100_pretrainedTrue_freezeFalse_2025_12_12_23_45,pointodyssey,steps,100,True,False,2025_12_12_23_45,pointodyssey,5000,115114.75,23.02295,5,0.10896048940877356,0.15270063117932753,0.8472993688206725,0.2975566426125626,0.32459599663343575,0.6754040033665643,,,,0.2805671989917755,0.0461983606219291,,-2.1014034365573657,-1.7135747325980282,1.7135747325980282,-0.8589601657045158,-0.7327297135606865,0.7327297135606865,,,,51.88861035320951,23.02295,pointodyssey
snapshots/pointodyssey_steps100_pretrainedTrue_freezeFalse_2025_12_12_23_45,pointodyssey_steps100_pretrainedTrue_freezeFalse_2025_12_12_23_45,pointodyssey,steps,100,True,False,2025_12_12_23_45,spair,5000,43150.65,8.63013,5,0.0006376658773013244,0.12041113348616866,0.8795888665138314,0.4296341672615527,0.253888317954017,0.746111682045983,,,,0.9863914251327516,0.0372311100363731,,-7.357058245816752,-1.9885426017433765,1.988542601743377,-0.2833438940134807,-1.0779808196043372,1.0779808196043372,,,,78.40963516496798,8.63013,pointodyssey
snapshots/pointodyssey_steps100_pretrainedTrue_freezeFalse_2025_12_12_23_45,pointodyssey_steps100_pretrainedTrue_freezeFalse_2025_12_12_23_45,pointodyssey,steps,100,True,False,2025_12_12_23_45,tss,5000,177075.75,35.41515,5,0.00408117935157362,0.26365794011573784,0.7363420598842622,0.4141483238151876,0.3527509206069136,0.6472490793930864,,,,0.6731200218200684,0.0187124498188495,,-5.4972797454843345,-1.0270421843954707,1.0270421843954707,-0.34684246547917147,-0.6069689957653173,0.6069689957653173,,,,80.85204423077568,35.41515,pointodyssey
snapshots/sintel_logsteps100_pretrainedTrue_freezeFalse_2025_12_10_01_43,sintel_logsteps100_pretrainedTrue_freezeFalse_2025_12_10_01_43,sintel,logsteps,100,True,False,2025_12_10_01_43,flyingthings,5000,357374.75,71.47495,5,0.10812714299753373,0.468138018718825,0.531861981281175,0.3725248745587929,0.3225590445824691,0.6774409554175309,,,,0.1390412896871566,0.018274150788784,,-2.110015800741889,-0.12762085776883011,0.12762085776883025,-0.5214002165599321,-0.7420361948261344,0.7420361948261345,,,,53.42885105024362,71.47495,sintel
snapshots/sintel_logsteps100_pretrainedTrue_freezeFalse_2025_12_10_01_43,sintel_logsteps100_pretrainedTrue_freezeFalse_2025_12_10_01_43,sintel,logsteps,100,True,False,2025_12_10_01_43,kitti2012,5000,391073.35,78.21467,5,0.3548005013013994,0.188870355862029,0.811129644137971,0.38719408509935777,0.19648523014528918,0.8035147698547108,,,,0.3250104188919067,0.0135165369138121,,-0.5980039059331498,-1.4573670666066108,1.4573670666066105,-0.45912219143343314,-1.4084083030769141,1.4084083030769141,,,,68.93629796139157,78.21467,sintel
snapshots/sintel_logsteps100_pretrainedTrue_freezeFalse_2025_12_10_01_43,sintel_logsteps100_pretrainedTrue_freezeFalse_2025_12_10_01_43,sintel,logsteps,100,True,False,2025_12_10_01_43,middlebury,5000,212547.4,42.509479999999996,5,0.11823366064867638,0.17187568083169086,0.8281243191683092,0.33184669997834976,0.38874618593677057,0.6112538140632294,,,,0.0531929060816764,0.0288142971694469,,-2.009264258046278,-1.5723918574223126,1.572391857422313,-0.6998445230326505,-0.45258562819566817,0.45258562819566805,,,,37.18763034454767,42.509479999999996,sintel
snapshots/sintel_logsteps100_pretrainedTrue_freezeFalse_2025_12_10_01_43,sintel_logsteps100_pretrainedTrue_freezeFalse_2025_12_10_01_43,sintel,logsteps,100,True,False,2025_12_10_01_43,pfpascal,5000,166520.15,33.30403,5,0.05405219470489297,0.21534054772340172,0.7846594522765983,0.37423417313126783,0.18774258286105036,0.8122574171389496,,,,0.2253512740135193,0.0534295104444026,,-2.8622372450763245,-1.2930290869871848,1.2930290869871848,-0.5140944897877366,-1.4647455216402838,1.4647455216402836,,,,31.906817471983004,33.30403,sintel
snapshots/sintel_logsteps100_pretrainedTrue_freezeFalse_2025_12_10_01_43,sintel_logsteps100_pretrainedTrue_freezeFalse_2025_12_10_01_43,sintel,logsteps,100,True,False,2025_12_10_01_43,pfwillow,5000,182922.25,36.58445,5,0.03473077724219302,0.1123330881445904,0.8876669118554096,0.333279956984099,0.3485331913668394,0.6514668086331605,,,,0.3923173248767853,0.11776864528656,,-3.324780803675351,-2.067128114370155,2.067128114370155,-0.6933873837485317,-0.6254929828772969,0.6254929828772967,,,,16.019921935245755,36.58445,sintel
snapshots/sintel_logsteps100_pretrainedTrue_freezeFalse_2025_12_10_01_43,sintel_logsteps100_pretrainedTrue_freezeFalse_2025_12_10_01_43,sintel,logsteps,100,True,False,2025_12_10_01_43,pointodyssey,5000,232146.69999999995,46.42933999999999,5,0.35565003409432544,0.13344766619938758,0.8665523338006125,0.25651209243955897,0.3501068496322744,0.6498931503677257,,,,0.205006256699562,0.0429595969617366,,-0.594294806777311,-1.8708131166059687,1.8708131166059692,-1.0641766940452655,-0.6185695727702718,0.6185695727702719,,,,53.96616313342661,46.42933999999999,sintel
snapshots/sintel_logsteps100_pretrainedTrue_freezeFalse_2025_12_10_01_43,sintel_logsteps100_pretrainedTrue_freezeFalse_2025_12_10_01_43,sintel,logsteps,100,True,False,2025_12_10_01_43,spair,5000,66678.45,13.33569,5,0.011343485210581416,0.1260945933108505,0.8739054066891495,0.3512253384115164,0.25650266867928134,0.7434973313207187,,,,0.3481242060661316,0.0865340828895568,,-4.467703376851496,-1.9359397736163793,1.9359397736163793,-0.6136574405118218,-1.0642261077826296,1.0642261077826296,,,,9.471166791143538,13.33569,sintel
snapshots/sintel_logsteps100_pretrainedTrue_freezeFalse_2025_12_10_01_43,sintel_logsteps100_pretrainedTrue_freezeFalse_2025_12_10_01_43,sintel,logsteps,100,True,False,2025_12_10_01_43,tss,5000,254948.4,50.98968,5,0.06753539249013626,0.24880842167155007,0.75119157832845,0.3599667493838461,0.3681758873011539,0.6318241126988461,,,,0.1550674140453338,0.0444810017943382,,-2.625179402733594,-1.1049775074190094,1.1049775074190094,-0.5755084647300933,-0.5400502741140747,0.5400502741140747,,,,35.689829216136715,50.98968,sintel
snapshots/sintel_steps100_pretrainedTrue_freezeFalse_2025_12_10_12_22,sintel_steps100_pretrainedTrue_freezeFalse_2025_12_10_12_22,sintel,steps,100,True,False,2025_12_10_12_22,flyingthings,5000,357616.30000000005,71.52326000000001,5,0.10812714299753373,0.468138018718825,0.531861981281175,0.3725248745587929,0.3225590445824691,0.6774409554175309,,,,0.1390412896871566,0.018274150788784,,-2.110015800741889,-0.12762085776883011,0.12762085776883025,-0.5214002165599321,-0.7420361948261344,0.7420361948261345,,,,53.42885105024362,71.52326000000001,sintel
snapshots/sintel_steps100_pretrainedTrue_freezeFalse_2025_12_10_12_22,sintel_steps100_pretrainedTrue_freezeFalse_2025_12_10_12_22,sintel,steps,100,True,False,2025_12_10_12_22,kitti2012,5000,390102.9,78.02058000000001,5,0.3548005013013994,0.188870355862029,0.811129644137971,0.38719408509935777,0.19648523014528918,0.8035147698547108,,,,0.3250104188919067,0.0135165369138121,,-0.5980039059331498,-1.4573670666066108,1.4573670666066105,-0.45912219143343314,-1.4084083030769141,1.4084083030769141,,,,68.93629796139157,78.02058000000001,sintel
snapshots/sintel_steps100_pretrainedTrue_freezeFalse_2025_12_10_12_22,sintel_steps100_pretrainedTrue_freezeFalse_2025_12_10_12_22,sintel,steps,100,True,False,2025_12_10_12_22,middlebury,5000,210225.6,42.045120000000004,5,0.11823366064867638,0.17187568083169086,0.8281243191683092,0.33184669997834976,0.38874618593677057,0.6112538140632294,,,,0.0531929060816764,0.0288142971694469,,-2.009264258046278,-1.5723918574223126,1.572391857422313,-0.6998445230326505,-0.45258562819566817,0.45258562819566805,,,,37.18763034454767,42.045120000000004,sintel
snapshots/sintel_steps100_pretrainedTrue_freezeFalse_2025_12_10_12_22,sintel_steps100_pretrainedTrue_freezeFalse_2025_12_10_12_22,sintel,steps,100,True,False,2025_12_10_12_22,pfpascal,5000,173631.35,34.72627,5,0.05405219470489297,0.21534054772340172,0.7846594522765983,0.37423417313126783,0.18774258286105036,0.8122574171389496,,,,0.2253512740135193,0.0534295104444026,,-2.8622372450763245,-1.2930290869871848,1.2930290869871848,-0.5140944897877366,-1.4647455216402838,1.4647455216402836,,,,31.906817471983004,34.72627,sintel
snapshots/sintel_steps100_pretrainedTrue_freezeFalse_2025_12_10_12_22,sintel_steps100_pretrainedTrue_freezeFalse_2025_12_10_12_22,sintel,steps,100,True,False,2025_12_10_12_22,pfwillow,5000,185794.4,37.158879999999996,5,0.03473077724219302,0.1123330881445904,0.8876669118554096,0.333279956984099,0.3485331913668394,0.6514668086331605,,,,0.3923173248767853,0.11776864528656,,-3.324780803675351,-2.067128114370155,2.067128114370155,-0.6933873837485317,-0.6254929828772969,0.6254929828772967,,,,16.019921935245755,37.158879999999996,sintel
snapshots/sintel_steps100_pretrainedTrue_freezeFalse_2025_12_10_12_22,sintel_steps100_pretrainedTrue_freezeFalse_2025_12_10_12_22,sintel,steps,100,True,False,2025_12_10_12_22,pointodyssey,5000,210332.2,42.06644,5,0.35565003409432544,0.13344766619938758,0.8665523338006125,0.25651209243955897,0.3501068496322744,0.6498931503677257,,,,0.205006256699562,0.0429595969617366,,-0.594294806777311,-1.8708131166059687,1.8708131166059692,-1.0641766940452655,-0.6185695727702718,0.6185695727702719,,,,53.96616313342661,42.06644,sintel
snapshots/sintel_steps100_pretrainedTrue_freezeFalse_2025_12_10_12_22,sintel_steps100_pretrainedTrue_freezeFalse_2025_12_10_12_22,sintel,steps,100,True,False,2025_12_10_12_22,spair,5000,67833.85,13.566770000000002,5,0.011343485210581416,0.1260945933108505,0.8739054066891495,0.3512253384115164,0.25650266867928134,0.7434973313207187,,,,0.3481242060661316,0.0865340828895568,,-4.467703376851496,-1.9359397736163793,1.9359397736163793,-0.6136574405118218,-1.0642261077826296,1.0642261077826296,,,,9.471166791143538,13.566770000000002,sintel
snapshots/sintel_steps100_pretrainedTrue_freezeFalse_2025_12_10_12_22,sintel_steps100_pretrainedTrue_freezeFalse_2025_12_10_12_22,sintel,steps,100,True,False,2025_12_10_12_22,tss,5000,256703.4,51.34068,5,0.06753539249013626,0.24880842167155007,0.75119157832845,0.3599667493838461,0.3681758873011539,0.6318241126988461,,,,0.1550674140453338,0.0444810017943382,,-2.625179402733594,-1.1049775074190094,1.1049775074190094,-0.5755084647300933,-0.5400502741140747,0.5400502741140747,,,,35.689829216136715,51.34068,sintel
snapshots/sintel_steps100_pretrainedTrue_freezeFalse_2025_12_12_11_44,sintel_steps100_pretrainedTrue_freezeFalse_2025_12_12_11_44,sintel,steps,100,True,False,2025_12_12_11_44,flyingthings,5000,356941.9,71.38838,5,0.10812714299753373,0.468138018718825,0.531861981281175,0.3725248745587929,0.3225590445824691,0.6774409554175309,,,,0.1390412896871566,0.018274150788784,,-2.110015800741889,-0.12762085776883011,0.12762085776883025,-0.5214002165599321,-0.7420361948261344,0.7420361948261345,,,,53.42885105024362,71.38838,sintel
snapshots/sintel_steps100_pretrainedTrue_freezeFalse_2025_12_12_11_44,sintel_steps100_pretrainedTrue_freezeFalse_2025_12_12_11_44,sintel,steps,100,True,False,2025_12_12_11_44,kitti2012,5000,390317.25,78.06345,5,0.3548005013013994,0.188870355862029,0.811129644137971,0.38719408509935777,0.19648523014528918,0.8035147698547108,,,,0.3250104188919067,0.0135165369138121,,-0.5980039059331498,-1.4573670666066108,1.4573670666066105,-0.45912219143343314,-1.4084083030769141,1.4084083030769141,,,,68.93629796139157,78.06345,sintel
snapshots/sintel_steps100_pretrainedTrue_freezeFalse_2025_12_12_11_44,sintel_steps100_pretrainedTrue_freezeFalse_2025_12_12_11_44,sintel,steps,100,True,False,2025_12_12_11_44,middlebury,5000,210712.0,42.1424,5,0.11823366064867638,0.17187568083169086,0.8281243191683092,0.33184669997834976,0.38874618593677057,0.6112538140632294,,,,0.0531929060816764,0.0288142971694469,,-2.009264258046278,-1.5723918574223126,1.572391857422313,-0.6998445230326505,-0.45258562819566817,0.45258562819566805,,,,37.18763034454767,42.1424,sintel
snapshots/sintel_steps100_pretrainedTrue_freezeFalse_2025_12_12_11_44,sintel_steps100_pretrainedTrue_freezeFalse_2025_12_12_11_44,sintel,steps,100,True,False,2025_12_12_11_44,pfpascal,5000,159892.09999999998,31.978419999999996,5,0.05405219470489297,0.21534054772340172,0.7846594522765983,0.37423417313126783,0.18774258286105036,0.8122574171389496,,,,0.2253512740135193,0.0534295104444026,,-2.8622372450763245,-1.2930290869871848,1.2930290869871848,-0.5140944897877366,-1.4647455216402838,1.4647455216402836,,,,31.906817471983004,31.978419999999996,sintel
snapshots/sintel_steps100_pretrainedTrue_freezeFalse_2025_12_12_11_44,sintel_steps100_pretrainedTrue_freezeFalse_2025_12_12_11_44,sintel,steps,100,True,False,2025_12_12_11_44,pfwillow,5000,181627.75,36.32555,5,0.03473077724219302,0.1123330881445904,0.8876669118554096,0.333279956984099,0.3485331913668394,0.6514668086331605,,,,0.3923173248767853,0.11776864528656,,-3.324780803675351,-2.067128114370155,2.067128114370155,-0.6933873837485317,-0.6254929828772969,0.6254929828772967,,,,16.019921935245755,36.32555,sintel
snapshots/sintel_steps100_pretrainedTrue_freezeFalse_2025_12_12_11_44,sintel_steps100_pretrainedTrue_freezeFalse_2025_12_12_11_44,sintel,steps,100,True,False,2025_12_12_11_44,pointodyssey,5000,236177.64999999997,47.23552999999999,5,0.35565003409432544,0.13344766619938758,0.8665523338006125,0.25651209243955897,0.3501068496322744,0.6498931503677257,,,,0.205006256699562,0.0429595969617366,,-0.594294806777311,-1.8708131166059687,1.8708131166059692,-1.0641766940452655,-0.6185695727702718,0.6185695727702719,,,,53.96616313342661,47.23552999999999,sintel
snapshots/sintel_steps100_pretrainedTrue_freezeFalse_2025_12_12_11_44,sintel_steps100_pretrainedTrue_freezeFalse_2025_12_12_11_44,sintel,steps,100,True,False,2025_12_12_11_44,spair,5000,63951.600000000006,12.790320000000001,5,0.011343485210581416,0.1260945933108505,0.8739054066891495,0.3512253384115164,0.25650266867928134,0.7434973313207187,,,,0.3481242060661316,0.0865340828895568,,-4.467703376851496,-1.9359397736163793,1.9359397736163793,-0.6136574405118218,-1.0642261077826296,1.0642261077826296,,,,9.471166791143538,12.790320000000001,sintel
snapshots/sintel_steps100_pretrainedTrue_freezeFalse_2025_12_12_11_44,sintel_steps100_pretrainedTrue_freezeFalse_2025_12_12_11_44,sintel,steps,100,True,False,2025_12_12_11_44,tss,5000,253754.05000000002,50.75081,5,0.06753539249013626,0.24880842167155007,0.75119157832845,0.3599667493838461,0.3681758873011539,0.6318241126988461,,,,0.1550674140453338,0.0444810017943382,,-2.625179402733594,-1.1049775074190094,1.1049775074190094,-0.5755084647300933,-0.5400502741140747,0.5400502741140747,,,,35.689829216136715,50.75081,sintel
snapshots/spair_logsteps100_pretrainedTrue_freezeFalse_2025_12_10_06_42,spair_logsteps100_pretrainedTrue_freezeFalse_2025_12_10_06_42,spair,logsteps,100,True,False,2025_12_10_06_42,flyingthings,5000,259531.60000000003,51.90632000000001,5,0.04930994753527558,0.12119766650200803,0.878802333497992,0.43194517155020795,0.29943663506574203,0.700563364934258,,,,0.2729391753673553,0.0475737750530242,,-2.959062255672246,-1.9811371756639835,1.9811371756639835,-0.2739192805419079,-0.8499819922998267,0.8499819922998267,,,,29.87513995828784,51.90632000000001,spair
snapshots/spair_logsteps100_pretrainedTrue_freezeFalse_2025_12_10_06_42,spair_logsteps100_pretrainedTrue_freezeFalse_2025_12_10_06_42,spair,logsteps,100,True,False,2025_12_10_06_42,kitti2012,5000,315192.8,63.03856,5,0.11033844533360074,0.011585125619621342,0.9884148743803787,0.42765313481242195,0.17331896835905788,0.8266810316409421,,,,0.5936060547828674,0.054964892566204,,-2.08728869678298,-4.446380521824637,4.446380521824638,-0.29143278093711983,-1.5622852827034868,1.5622852827034865,,,,24.246791979606378,63.03856,spair
snapshots/spair_logsteps100_pretrainedTrue_freezeFalse_2025_12_10_06_42,spair_logsteps100_pretrainedTrue_freezeFalse_2025_12_10_06_42,spair,logsteps,100,True,False,2025_12_10_06_42,middlebury,5000,183598.05,36.719609999999996,5,0.05346264804107831,0.010323181094407358,0.9896768189055927,0.41510762158036985,0.3930738229145934,0.6069261770854066,,,,0.3155189752578735,0.0458586290478706,,-2.873827190500029,-4.5629864861461655,4.562986486146168,-0.34289004607407897,-0.43440972556903107,0.4344097255690311,,,,5.30453401215219,36.719609999999996,spair
snapshots/spair_logsteps100_pretrainedTrue_freezeFalse_2025_12_10_06_42,spair_logsteps100_pretrainedTrue_freezeFalse_2025_12_10_06_42,spair,logsteps,100,True,False,2025_12_10_06_42,pfpascal,5000,128382.04999999999,25.676409999999997,5,0.06623230969278054,0.08200525268390527,0.9179947473160948,0.4686413844176667,0.21208215724649174,0.7879178427535083,,,,0.3852902948856354,0.0381798967719078,,-2.646059276006361,-2.415408366392749,2.415408366392749,-0.12559931500920307,-1.312420090175687,1.312420090175687,,,,34.7495697957042,25.676409999999997,spair
snapshots/spair_logsteps100_pretrainedTrue_freezeFalse_2025_12_10_06_42,spair_logsteps100_pretrainedTrue_freezeFalse_2025_12_10_06_42,spair,logsteps,100,True,False,2025_12_10_06_42,pfwillow,5000,151894.5,30.3789,5,0.09213415031896738,0.08560674637319668,0.9143932536268033,0.43619967193500125,0.3718319068954487,0.6281680931045512,,,,0.4819046854972839,0.1109323427081108,,-2.287850954430863,-2.368496641716818,2.3684966417168183,-0.2566000588921267,-0.5243659058638189,0.5243659058638188,,,,31.404307056179512,30.3789,spair
snapshots/spair_logsteps100_pretrainedTrue_freezeFalse_2025_12_10_06_42,spair_logsteps100_pretrainedTrue_freezeFalse_2025_12_10_06_42,spair,logsteps,100,True,False,2025_12_10_06_42,pointodyssey,5000,126174.45,25.23489,5,0.06179973008051197,0.0020345553986227108,0.9979654446013773,0.3462573550986866,0.3612608396094352,0.6387391603905648,,,,0.5145089626312256,0.0322001613676548,,-2.7200644367687707,-6.195441333374467,6.195441333374453,-0.6355314652486692,-0.5698959265238378,0.5698959265238379,,,,1.6308426217498422,25.23489,spair
snapshots/spair_logsteps100_pretrainedTrue_freezeFalse_2025_12_10_06_42,spair_logsteps100_pretrainedTrue_freezeFalse_2025_12_10_06_42,spair,logsteps,100,True,False,2025_12_10_06_42,spair,5000,87388.85,17.47777,5,0.0661358350979418,0.15008890706796316,0.8499110929320368,0.4990134088037602,0.3087549760879852,0.6912450239120148,,,,0.3035252392292022,0.0673716217279434,,-2.647620259359524,-1.7339039151659783,1.733903915165978,-0.003946369906627482,-0.8059463494335304,0.8059463494335304,,,,33.54269230604541,17.47777,spair
snapshots/spair_logsteps100_pretrainedTrue_freezeFalse_2025_12_10_06_42,spair_logsteps100_pretrainedTrue_freezeFalse_2025_12_10_06_42,spair,logsteps,100,True,False,2025_12_10_06_42,tss,5000,213611.15000000002,42.72223,5,0.09820331590552803,0.10936093150247439,0.8906390684975256,0.46505151901629843,0.38896549216036236,0.6110345078396376,,,,0.3337436318397522,0.0193899981677532,,-2.217349107345649,-2.097285549398385,2.097285549398385,-0.14002225199876672,-0.4516628046351722,0.4516628046351722,,,,48.10593401650806,42.72223,spair
snapshots/spair_steps100_pretrainedTrue_freezeFalse_2025_12_10_20_45,spair_steps100_pretrainedTrue_freezeFalse_2025_12_10_20_45,spair,steps,100,True,False,2025_12_10_20_45,flyingthings,5000,209353.55,41.870709999999995,5,0.04930994753527558,0.12119766650200803,0.878802333497992,0.43194517155020795,0.29943663506574203,0.700563364934258,,,,0.2729391753673553,0.0475737750530242,,-2.959062255672246,-1.9811371756639835,1.9811371756639835,-0.2739192805419079,-0.8499819922998267,0.8499819922998267,,,,29.87513995828784,41.870709999999995,spair
snapshots/spair_steps100_pretrainedTrue_freezeFalse_2025_12_10_20_45,spair_steps100_pretrainedTrue_freezeFalse_2025_12_10_20_45,spair,steps,100,True,False,2025_12_10_20_45,kitti2012,5000,267564.55,53.51291,5,0.11033844533360074,0.011585125619621342,0.9884148743803787,0.42765313481242195,0.17331896835905788,0.8266810316409421,,,,0.5936060547828674,0.054964892566204,,-2.08728869678298,-4.446380521824637,4.446380521824638,-0.29143278093711983,-1.5622852827034868,1.5622852827034865,,,,24.246791979606378,53.51291,spair
snapshots/spair_steps100_pretrainedTrue_freezeFalse_2025_12_10_20_45,spair_steps100_pretrainedTrue_freezeFalse_2025_12_10_20_45,spair,steps,100,True,False,2025_12_10_20_45,middlebury,5000,155220.59999999998,31.044119999999996,5,0.05346264804107831,0.010323181094407358,0.9896768189055927,0.41510762158036985,0.3930738229145934,0.6069261770854066,,,,0.3155189752578735,0.0458586290478706,,-2.873827190500029,-4.5629864861461655,4.562986486146168,-0.34289004607407897,-0.43440972556903107,0.4344097255690311,,,,5.30453401215219,31.044119999999996,spair
snapshots/spair_steps100_pretrainedTrue_freezeFalse_2025_12_10_20_45,spair_steps100_pretrainedTrue_freezeFalse_2025_12_10_20_45,spair,steps,100,True,False,2025_12_10_20_45,pfpascal,5000,94579.95,18.91599,5,0.06623230969278054,0.08200525268390527,0.9179947473160948,0.4686413844176667,0.21208215724649174,0.7879178427535083,,,,0.3852902948856354,0.0381798967719078,,-2.646059276006361,-2.415408366392749,2.415408366392749,-0.12559931500920307,-1.312420090175687,1.312420090175687,,,,34.7495697957042,18.91599,spair
snapshots/spair_steps100_pretrainedTrue_freezeFalse_2025_12_10_20_45,spair_steps100_pretrainedTrue_freezeFalse_2025_12_10_20_45,spair,steps,100,True,False,2025_12_10_20_45,pfwillow,5000,120405.6,24.081120000000002,5,0.09213415031896738,0.08560674637319668,0.9143932536268033,0.43619967193500125,0.3718319068954487,0.6281680931045512,,,,0.4819046854972839,0.1109323427081108,,-2.287850954430863,-2.368496641716818,2.3684966417168183,-0.2566000588921267,-0.5243659058638189,0.5243659058638188,,,,31.404307056179512,24.081120000000002,spair
snapshots/spair_steps100_pretrainedTrue_freezeFalse_2025_12_10_20_45,spair_steps100_pretrainedTrue_freezeFalse_2025_12_10_20_45,spair,steps,100,True,False,2025_12_10_20_45,pointodyssey,5000,128408.84999999999,25.681769999999997,5,0.06179973008051197,0.0020345553986227108,0.9979654446013773,0.3462573550986866,0.3612608396094352,0.6387391603905648,,,,0.5145089626312256,0.0322001613676548,,-2.7200644367687707,-6.195441333374467,6.195441333374453,-0.6355314652486692,-0.5698959265238378,0.5698959265238379,,,,1.6308426217498422,25.681769999999997,spair
snapshots/spair_steps100_pretrainedTrue_freezeFalse_2025_12_10_20_45,spair_steps100_pretrainedTrue_freezeFalse_2025_12_10_20_45,spair,steps,100,True,False,2025_12_10_20_45,spair,5000,65488.149999999994,13.097629999999999,5,0.0661358350979418,0.15008890706796316,0.8499110929320368,0.4990134088037602,0.3087549760879852,0.6912450239120148,,,,0.3035252392292022,0.0673716217279434,,-2.647620259359524,-1.7339039151659783,1.733903915165978,-0.003946369906627482,-0.8059463494335304,0.8059463494335304,,,,33.54269230604541,13.097629999999999,spair
snapshots/spair_steps100_pretrainedTrue_freezeFalse_2025_12_10_20_45,spair_steps100_pretrainedTrue_freezeFalse_2025_12_10_20_45,spair,steps,100,True,False,2025_12_10_20_45,tss,5000,176153.0,35.2306,5,0.09820331590552803,0.10936093150247439,0.8906390684975256,0.46505151901629843,0.38896549216036236,0.6110345078396376,,,,0.3337436318397522,0.0193899981677532,,-2.217349107345649,-2.097285549398385,2.097285549398385,-0.14002225199876672,-0.4516628046351722,0.4516628046351722,,,,48.10593401650806,35.2306,spair
snapshots/spair_steps100_pretrainedTrue_freezeFalse_2025_12_12_23_44,spair_steps100_pretrainedTrue_freezeFalse_2025_12_12_23_44,spair,steps,100,True,False,2025_12_12_23_44,flyingthings,5000,254602.65000000002,50.92053000000001,5,0.04930994753527558,0.12119766650200803,0.878802333497992,0.43194517155020795,0.29943663506574203,0.700563364934258,,,,0.2729391753673553,0.0475737750530242,,-2.959062255672246,-1.9811371756639835,1.9811371756639835,-0.2739192805419079,-0.8499819922998267,0.8499819922998267,,,,29.87513995828784,50.92053000000001,spair
snapshots/spair_steps100_pretrainedTrue_freezeFalse_2025_12_12_23_44,spair_steps100_pretrainedTrue_freezeFalse_2025_12_12_23_44,spair,steps,100,True,False,2025_12_12_23_44,kitti2012,5000,309655.45,61.931090000000005,5,0.11033844533360074,0.011585125619621342,0.9884148743803787,0.42765313481242195,0.17331896835905788,0.8266810316409421,,,,0.5936060547828674,0.054964892566204,,-2.08728869678298,-4.446380521824637,4.446380521824638,-0.29143278093711983,-1.5622852827034868,1.5622852827034865,,,,24.246791979606378,61.931090000000005,spair
snapshots/spair_steps100_pretrainedTrue_freezeFalse_2025_12_12_23_44,spair_steps100_pretrainedTrue_freezeFalse_2025_12_12_23_44,spair,steps,100,True,False,2025_12_12_23_44,middlebury,5000,179135.05,35.827009999999994,5,0.05346264804107831,0.010323181094407358,0.9896768189055927,0.41510762158036985,0.3930738229145934,0.6069261770854066,,,,0.3155189752578735,0.0458586290478706,,-2.873827190500029,-4.5629864861461655,4.562986486146168,-0.34289004607407897,-0.43440972556903107,0.4344097255690311,,,,5.30453401215219,35.827009999999994,spair
snapshots/spair_steps100_pretrainedTrue_freezeFalse_2025_12_12_23_44,spair_steps100_pretrainedTrue_freezeFalse_2025_12_12_23_44,spair,steps,100,True,False,2025_12_12_23_44,pfpascal,5000,124921.75,24.98435,5,0.06623230969278054,0.08200525268390527,0.9179947473160948,0.4686413844176667,0.21208215724649174,0.7879178427535083,,,,0.3852902948856354,0.0381798967719078,,-2.646059276006361,-2.415408366392749,2.415408366392749,-0.12559931500920307,-1.312420090175687,1.312420090175687,,,,34.7495697957042,24.98435,spair
snapshots/spair_steps100_pretrainedTrue_freezeFalse_2025_12_12_23_44,spair_steps100_pretrainedTrue_freezeFalse_2025_12_12_23_44,spair,steps,100,True,False,2025_12_12_23_44,pfwillow,5000,142872.19999999998,28.574439999999996,5,0.09213415031896738,0.08560674637319668,0.9143932536268033,0.43619967193500125,0.3718319068954487,0.6281680931045512,,,,0.4819046854972839,0.1109323427081108,,-2.287850954430863,-2.368496641716818,2.3684966417168183,-0.2566000588921267,-0.5243659058638189,0.5243659058638188,,,,31.404307056179512,28.574439999999996,spair
snapshots/spair_steps100_pretrainedTrue_freezeFalse_2025_12_12_23_44,spair_steps100_pretrainedTrue_freezeFalse_2025_12_12_23_44,spair,steps,100,True,False,2025_12_12_23_44,pointodyssey,5000,118003.55,23.60071,5,0.06179973008051197,0.0020345553986227108,0.9979654446013773,0.3462573550986866,0.3612608396094352,0.6387391603905648,,,,0.5145089626312256,0.0322001613676548,,-2.7200644367687707,-6.195441333374467,6.195441333374453,-0.6355314652486692,-0.5698959265238378,0.5698959265238379,,,,1.6308426217498422,23.60071,spair
snapshots/spair_steps100_pretrainedTrue_freezeFalse_2025_12_12_23_44,spair_steps100_pretrainedTrue_freezeFalse_2025_12_12_23_44,spair,steps,100,True,False,2025_12_12_23_44,spair,5000,90641.29999999999,18.128259999999997,5,0.0661358350979418,0.15008890706796316,0.8499110929320368,0.4990134088037602,0.3087549760879852,0.6912450239120148,,,,0.3035252392292022,0.0673716217279434,,-2.647620259359524,-1.7339039151659783,1.733903915165978,-0.003946369906627482,-0.8059463494335304,0.8059463494335304,,,,33.54269230604541,18.128259999999997,spair
snapshots/spair_steps100_pretrainedTrue_freezeFalse_2025_12_12_23_44,spair_steps100_pretrainedTrue_freezeFalse_2025_12_12_23_44,spair,steps,100,True,False,2025_12_12_23_44,tss,5000,208331.19999999998,41.666239999999995,5,0.09820331590552803,0.10936093150247439,0.8906390684975256,0.46505151901629843,0.38896549216036236,0.6110345078396376,,,,0.3337436318397522,0.0193899981677532,,-2.217349107345649,-2.097285549398385,2.097285549398385,-0.14002225199876672,-0.4516628046351722,0.4516628046351722,,,,48.10593401650806,41.666239999999995,spair
snapshots/spair_synthetic_steps100_pretrainedTrue_freezeFalse_2025_12_16_15_25,spair_synthetic_steps100_pretrainedTrue_freezeFalse_2025_12_16_15_25,spair_synthetic_50_50,steps,100,True,False,2025_12_16_15_25,flyingthings,5000,355394.85,71.07897,5,0.23041522716510526,0.25223960176634524,0.7477603982336547,0.2754375575262704,0.34318796939137186,0.6568120306086281,,,,0.1104783117771148,0.035851165652275,,-1.2059680965741055,-1.0867031669961114,1.0867031669961111,-0.9672069935797729,-0.6491195621966254,0.6491195621966254,,,,51.84893891204301,71.07897,spair_synthetic_50_50
snapshots/spair_synthetic_steps100_pretrainedTrue_freezeFalse_2025_12_16_15_25,spair_synthetic_steps100_pretrainedTrue_freezeFalse_2025_12_16_15_25,spair_synthetic_50_50,steps,100,True,False,2025_12_16_15_25,kitti2012,5000,384946.8,76.98935999999999,5,0.30771727439386476,0.0335470127077994,0.9664529872922006,0.29876790366475525,0.2168942235712415,0.7831057764287586,,,,0.4121509492397308,0.0354292653501033,,-0.8108130140644382,-3.360684835795655,3.360684835795656,-0.8531718954032186,-1.2838579923731432,1.2838579923731435,,,,50.793453567108386,76.98935999999999,spair_synthetic_50_50
snapshots/spair_synthetic_steps100_pretrainedTrue_freezeFalse_2025_12_16_15_25,spair_synthetic_steps100_pretrainedTrue_freezeFalse_2025_12_16_15_25,spair_synthetic_50_50,steps,100,True,False,2025_12_16_15_25,middlebury,5000,214412.45,42.882490000000004,5,0.26969706120447506,0.03634674041779431,0.9636532595822057,0.2566748316278735,0.4255898253393061,0.5744101746606939,,,,0.1236079633235931,0.0342331901192665,,-0.9961600991603395,-3.277627012855748,3.2776270128557483,-1.0633235542621695,-0.29986770000881124,0.2998677000088112,,,,38.05513910062524,42.882490000000004,spair_synthetic_50_50
snapshots/spair_synthetic_steps100_pretrainedTrue_freezeFalse_2025_12_16_15_25,spair_synthetic_steps100_pretrainedTrue_freezeFalse_2025_12_16_15_25,spair_synthetic_50_50,steps,100,True,False,2025_12_16_15_25,pfpascal,5000,192068.75,38.41375,5,0.22222655431921018,0.145657701618237,0.854342298381763,0.3223116150894453,0.2455761239067268,0.7544238760932732,,,,0.2536724805831909,0.0515388920903205,,-1.2527379043944402,-1.7690725716812055,1.7690725716812055,-0.743168746708722,-1.1223474037508632,1.1223474037508636,,,,48.65053185460143,38.41375,spair_synthetic_50_50
snapshots/spair_synthetic_steps100_pretrainedTrue_freezeFalse_2025_12_16_15_25,spair_synthetic_steps100_pretrainedTrue_freezeFalse_2025_12_16_15_25,spair_synthetic_50_50,steps,100,True,False,2025_12_16_15_25,pfwillow,5000,204977.75,40.99555,5,0.21842730083653572,0.09922080329361137,0.9007791967063886,0.29969491275177895,0.3988699972902844,0.6011300027097156,,,,0.2627067863941192,0.1132879182696342,,-1.274854930807428,-2.205912459950575,2.205912459950575,-0.8487510793092267,-0.410175679337559,0.4101756793375589,,,,31.855677506031896,40.99555,spair_synthetic_50_50
snapshots/spair_synthetic_steps100_pretrainedTrue_freezeFalse_2025_12_16_15_25,spair_synthetic_steps100_pretrainedTrue_freezeFalse_2025_12_16_15_25,spair_synthetic_50_50,steps,100,True,False,2025_12_16_15_25,pointodyssey,5000,175975.2,35.195040000000006,5,0.31263284459879,0.008631925925862394,0.9913680740741376,0.17062533021097082,0.3824502699451825,0.6175497300548175,,,,0.274597555398941,0.027011290192604,,-0.7878391008003387,-4.74361823561963,4.743618235619633,-1.5812019057022975,-0.4791609681622015,0.4791609681622015,,,,35.78649861244207,35.195040000000006,spair_synthetic_50_50
snapshots/spair_synthetic_steps100_pretrainedTrue_freezeFalse_2025_12_16_15_25,spair_synthetic_steps100_pretrainedTrue_freezeFalse_2025_12_16_15_25,spair_synthetic_50_50,steps,100,True,False,2025_12_16_15_25,spair,5000,92423.09999999999,18.48462,5,0.09420785884293656,0.11717323829238444,0.8828267617076155,0.31920437322478035,0.3080873337529009,0.6919126662470991,,,,0.2671886682510376,0.0845907628536224,,-2.2633062496397813,-2.019475479645307,2.0194754796453065,-0.757430587522175,-0.8090764488816073,0.8090764488816075,,,,30.370899231630784,18.48462,spair_synthetic_50_50
snapshots/spair_synthetic_steps100_pretrainedTrue_freezeFalse_2025_12_16_15_25,spair_synthetic_steps100_pretrainedTrue_freezeFalse_2025_12_16_15_25,spair_synthetic_50_50,steps,100,True,False,2025_12_16_15_25,tss,5000,262968.19999999995,52.59363999999999,5,0.2587634396990833,0.16801685404374367,0.8319831459562563,0.3033871081201548,0.42663095083904823,0.5733690491609518,,,,0.1759923994541168,0.0421675592660903,,-1.0524055349222319,-1.5997478872915871,1.5997478872915871,-0.8312202899747062,-0.29561021847652375,0.2956102184765238,,,,51.4056591314354,52.59363999999999,spair_synthetic_50_50
snapshots/spair_synthetic_70_30_steps100_pretrainedTrue_freezeFalse_2025_12_17_03_25,spair_synthetic_70_30_steps100_pretrainedTrue_freezeFalse_2025_12_17_03_25,spair_synthetic_70_30,steps,100,True,False,2025_12_17_03_25,flyingthings,5000,346451.15,69.29023000000001,5,0.17276058804329186,0.23116375543553885,0.7688362445644612,0.23215171013150432,0.35369370158516267,0.6463062984148373,,,,0.1362178474664688,0.0282015278935432,,-1.5661873957316026,-1.201751643517805,1.2017516435178053,-1.1962010934680352,-0.6028422487341241,0.6028422487341242,,,,49.7505095325884,69.29023000000001,spair_synthetic_70_30
snapshots/spair_synthetic_70_30_steps100_pretrainedTrue_freezeFalse_2025_12_17_03_25,spair_synthetic_70_30_steps100_pretrainedTrue_freezeFalse_2025_12_17_03_25,spair_synthetic_70_30,steps,100,True,False,2025_12_17_03_25,kitti2012,5000,374041.25000000006,74.80825000000002,5,0.2616963317464847,0.02539030563907018,0.9746096943609298,0.25977569639618103,0.2310575959038936,0.7689424040961064,,,,0.3880236148834228,0.0269870143383741,,-1.0371704221460496,-3.6476696439573746,3.6476696439573746,-1.0471347007450298,-1.202349057195712,1.2023490571957118,,,,46.74516880607854,74.80825000000002,spair_synthetic_70_30
snapshots/spair_synthetic_70_30_steps100_pretrainedTrue_freezeFalse_2025_12_17_03_25,spair_synthetic_70_30_steps100_pretrainedTrue_freezeFalse_2025_12_17_03_25,spair_synthetic_70_30,steps,100,True,False,2025_12_17_03_25,middlebury,5000,211015.5,42.2031,5,0.1999671234740537,0.029940312414094915,0.9700596875859051,0.21573767187304554,0.4317521702636955,0.5682478297363045,,,,0.120305985212326,0.0279408656060695,,-1.386499852074957,-3.478151789588481,3.4781517895884817,-1.290680379052391,-0.27470589983790017,0.27470589983790017,,,,33.069977972032305,42.2031,spair_synthetic_70_30
snapshots/spair_synthetic_70_30_steps100_pretrainedTrue_freezeFalse_2025_12_17_03_25,spair_synthetic_70_30_steps100_pretrainedTrue_freezeFalse_2025_12_17_03_25,spair_synthetic_70_30,steps,100,True,False,2025_12_17_03_25,pfpascal,5000,173619.35,34.72387,5,0.17357905595125514,0.14071527173318715,0.8592847282668128,0.2797860057141694,0.25818411350221293,0.7418158864977871,,,,0.2742330431938171,0.0369174256920814,,-1.5604711116965873,-1.8093618325329903,1.8093618325329899,-0.9455233364734663,-1.0554281323302555,1.0554281323302555,,,,49.27748989301015,34.72387,spair_synthetic_70_30
snapshots/spair_synthetic_70_30_steps100_pretrainedTrue_freezeFalse_2025_12_17_03_25,spair_synthetic_70_30_steps100_pretrainedTrue_freezeFalse_2025_12_17_03_25,spair_synthetic_70_30,steps,100,True,False,2025_12_17_03_25,pfwillow,5000,190605.5,38.1211,5,0.15360161506268313,0.09544785052529256,0.9045521494747074,0.2656473683110775,0.4138924304944335,0.5861075695055664,,,,0.3708149492740631,0.1022386401891708,,-1.706627817557568,-2.248859928216821,2.2488599282168207,-1.0168195916463527,-0.3478972280999142,0.3478972280999141,,,,34.699953835435714,38.1211,spair_synthetic_70_30
snapshots/spair_synthetic_70_30_steps100_pretrainedTrue_freezeFalse_2025_12_17_03_25,spair_synthetic_70_30_steps100_pretrainedTrue_freezeFalse_2025_12_17_03_25,spair_synthetic_70_30,steps,100,True,False,2025_12_17_03_25,pointodyssey,5000,191502.3,38.30046,5,0.23104183374112514,0.006581416580988646,0.9934185834190113,0.1378931598136922,0.39361450967781386,0.6063854903221861,,,,0.3946229219436645,0.0167509280145168,,-1.2024377752705042,-5.016902101351642,5.016902101351641,-1.8329000264571695,-0.4321438779554656,0.4321438779554657,,,,35.863440636111775,38.30046,spair_synthetic_70_30
snapshots/spair_synthetic_70_30_steps100_pretrainedTrue_freezeFalse_2025_12_17_03_25,spair_synthetic_70_30_steps100_pretrainedTrue_freezeFalse_2025_12_17_03_25,spair_synthetic_70_30,steps,100,True,False,2025_12_17_03_25,spair,5000,85958.7,17.19174,5,0.07042671771884033,0.11463599350578561,0.8853640064942144,0.2798155606641637,0.3167019016540466,0.6832980983459533,,,,0.2784315347671509,0.0725450739264488,,-2.580152940374075,-2.0442370327924806,2.044237032792481,-0.9453766707399393,-0.7689702606209312,0.7689702606209311,,,,30.004073878384148,17.19174,spair_synthetic_70_30
snapshots/spair_synthetic_70_30_steps100_pretrainedTrue_freezeFalse_2025_12_17_03_25,spair_synthetic_70_30_steps100_pretrainedTrue_freezeFalse_2025_12_17_03_25,spair_synthetic_70_30,steps,100,True,False,2025_12_17_03_25,tss,5000,255648.3,51.12966,5,0.20164135962828172,0.15738156185552976,0.8426184381444702,0.2618612033036381,0.43841706603412023,0.5615829339658798,,,,0.1871063709259033,0.0306596495211124,,-1.376067248472054,-1.6778410445842615,1.6778410445842613,-1.036317273315061,-0.24758880113880802,0.24758880113880793,,,,50.38355001033097,51.12966,spair_synthetic_70_30
snapshots/synthetic_logsteps100_pretrainedTrue_freezeFalse_2025_12_10_12_17,synthetic_logsteps100_pretrainedTrue_freezeFalse_2025_12_10_12_17,synthetic,logsteps,100,True,False,2025_12_10_12_17,flyingthings,5000,355529.05,71.10580999999999,5,0.30249777253740917,0.22973769517055903,0.770262304829441,0.22364680580949392,0.26415440680550395,0.735845593194496,,,,0.1074327677488327,0.0655120611190795,,-0.8354317932540869,-1.2097929101319673,1.2097929101319675,-1.2445395161058372,-1.024486498426884,1.024486498426884,,,,48.867518271619595,71.10580999999999,synthetic
snapshots/synthetic_logsteps100_pretrainedTrue_freezeFalse_2025_12_10_12_17,synthetic_logsteps100_pretrainedTrue_freezeFalse_2025_12_10_12_17,synthetic,logsteps,100,True,False,2025_12_10_12_17,kitti2012,5000,387121.55000000005,77.42431,5,0.3944051355547829,0.02497130984819927,0.9750286901518007,0.2128626836913587,0.1342526283034775,0.8657473716965225,,,,0.3847016096115112,0.0641089379787445,,-0.42883257814977505,-3.6647393365695455,3.6647393365695446,-1.3077554335843773,-1.863869836532181,1.863869836532181,,,,45.717389458206924,77.42431,synthetic
snapshots/synthetic_logsteps100_pretrainedTrue_freezeFalse_2025_12_10_12_17,synthetic_logsteps100_pretrainedTrue_freezeFalse_2025_12_10_12_17,synthetic,logsteps,100,True,False,2025_12_10_12_17,middlebury,5000,211818.5,42.3637,5,0.35503550890400376,0.0305194343031971,0.9694805656968029,0.20130866036082515,0.3462849219668558,0.6537150780331442,,,,0.0808207094669342,0.0616263709962368,,-0.5969774531610359,-3.458396757822236,3.4583967578222348,-1.3781352089131305,-0.6354096859480465,0.6354096859480466,,,,33.56998503166847,42.3637,synthetic
snapshots/synthetic_logsteps100_pretrainedTrue_freezeFalse_2025_12_10_12_17,synthetic_logsteps100_pretrainedTrue_freezeFalse_2025_12_10_12_17,synthetic,logsteps,100,True,False,2025_12_10_12_17,pfpascal,5000,140310.90000000002,28.062180000000005,5,0.30500847133349196,0.13877235572367702,0.8612276442763229,0.23735163439225532,0.15535490073168357,0.8446450992683164,,,,0.1981388181447982,0.0921831429004669,,-0.8235601054358476,-1.82552400271153,1.8255240027115298,-1.1672543364257024,-1.6932043565347479,1.6932043565347479,,,,42.33284148426419,28.062180000000005,synthetic
snapshots/synthetic_logsteps100_pretrainedTrue_freezeFalse_2025_12_10_12_17,synthetic_logsteps100_pretrainedTrue_freezeFalse_2025_12_10_12_17,synthetic,logsteps,100,True,False,2025_12_10_12_17,pfwillow,5000,140016.65,28.00333,5,0.2841453865314071,0.09606580208764746,0.9039341979123525,0.2055971294097254,0.300643816903302,0.699356183096698,,,,0.2759363353252411,0.1517357230186462,,-0.9239910609486419,-2.2417231727476854,2.2417231727476854,-1.3516721547884194,-0.8442339418802766,0.8442339418802766,,,,29.72043584071054,28.00333,synthetic
snapshots/synthetic_logsteps100_pretrainedTrue_freezeFalse_2025_12_10_12_17,synthetic_logsteps100_pretrainedTrue_freezeFalse_2025_12_10_12_17,synthetic,logsteps,100,True,False,2025_12_10_12_17,pointodyssey,5000,175419.95,35.08399,5,0.41480264937105116,0.006668188234359309,0.9933318117656407,0.14758529732057166,0.31646453590305246,0.6835354640969475,,,,0.2769270837306976,0.0551739558577537,,-0.3441462784043824,-5.003716565052514,5.00371656505251,-1.753666853088225,-0.7700673563944729,0.7700673563944729,,,,33.43898122353389,35.08399,synthetic
snapshots/synthetic_logsteps100_pretrainedTrue_freezeFalse_2025_12_10_12_17,synthetic_logsteps100_pretrainedTrue_freezeFalse_2025_12_10_12_17,synthetic,logsteps,100,True,False,2025_12_10_12_17,spair,5000,82364.4,16.47288,5,0.14244068812095634,0.11434228946449532,0.8856577105355047,0.24981701189308467,0.2264773945380536,0.7735226054619464,,,,0.2742626965045929,0.1291054487228393,,-1.7951646556691507,-2.047134055797286,2.047134055797286,-1.099588463487,-1.2283097579100044,1.2283097579100042,,,,26.96098408349374,16.47288,synthetic
snapshots/synthetic_logsteps100_pretrainedTrue_freezeFalse_2025_12_10_12_17,synthetic_logsteps100_pretrainedTrue_freezeFalse_2025_12_10_12_17,synthetic,logsteps,100,True,False,2025_12_10_12_17,tss,5000,250983.40000000002,50.19668000000001,5,0.3447417122523325,0.166306697202445,0.833693302797555,0.23149990085233685,0.3367490918377315,0.6632509081622685,,,,0.1433193981647491,0.0803383141756057,,-0.6422340138385951,-1.6120319350752836,1.612031935075284,-1.1998612467506131,-0.6778152438350924,0.6778152438350924,,,,46.62423833848814,50.19668000000001,synthetic
snapshots/synthetic_steps100_pretrainedTrue_freezeFalse_2025_12_11_05_11,synthetic_steps100_pretrainedTrue_freezeFalse_2025_12_11_05_11,synthetic,steps,100,True,False,2025_12_11_05_11,flyingthings,5000,176812.80000000002,35.36256,3,0.30249777253740917,0.22973769517055903,0.770262304829441,0.22364680580949392,0.26415440680550395,0.735845593194496,,,,0.1074327677488327,0.0655120611190795,,-0.8354317932540869,-1.2097929101319673,1.2097929101319675,-1.2445395161058372,-1.024486498426884,1.024486498426884,,,,48.867518271619595,35.36256,synthetic
snapshots/synthetic_steps100_pretrainedTrue_freezeFalse_2025_12_11_05_11,synthetic_steps100_pretrainedTrue_freezeFalse_2025_12_11_05_11,synthetic,steps,100,True,False,2025_12_11_05_11,kitti2012,5000,191825.5,38.3651,3,0.3944051355547829,0.02497130984819927,0.9750286901518007,0.2128626836913587,0.1342526283034775,0.8657473716965225,,,,0.3847016096115112,0.0641089379787445,,-0.42883257814977505,-3.6647393365695455,3.6647393365695446,-1.3077554335843773,-1.863869836532181,1.863869836532181,,,,45.717389458206924,38.3651,synthetic
snapshots/synthetic_steps100_pretrainedTrue_freezeFalse_2025_12_11_05_11,synthetic_steps100_pretrainedTrue_freezeFalse_2025_12_11_05_11,synthetic,steps,100,True,False,2025_12_11_05_11,middlebury,5000,105052.65,21.01053,3,0.35503550890400376,0.0305194343031971,0.9694805656968029,0.20130866036082515,0.3462849219668558,0.6537150780331442,,,,0.0808207094669342,0.0616263709962368,,-0.5969774531610359,-3.458396757822236,3.4583967578222348,-1.3781352089131305,-0.6354096859480465,0.6354096859480466,,,,33.56998503166847,21.01053,synthetic
snapshots/synthetic_steps100_pretrainedTrue_freezeFalse_2025_12_11_05_11,synthetic_steps100_pretrainedTrue_freezeFalse_2025_12_11_05_11,synthetic,steps,100,True,False,2025_12_11_05_11,pfpascal,5000,68090.04999999999,13.618009999999998,3,0.30500847133349196,0.13877235572367702,0.8612276442763229,0.23735163439225532,0.15535490073168357,0.8446450992683164,,,,0.1981388181447982,0.0921831429004669,,-0.8235601054358476,-1.82552400271153,1.8255240027115298,-1.1672543364257024,-1.6932043565347479,1.6932043565347479,,,,42.33284148426419,13.618009999999998,synthetic
snapshots/synthetic_steps100_pretrainedTrue_freezeFalse_2025_12_11_05_11,synthetic_steps100_pretrainedTrue_freezeFalse_2025_12_11_05_11,synthetic,steps,100,True,False,2025_12_11_05_11,pfwillow,5000,67900.05000000002,13.580010000000003,3,0.2841453865314071,0.09606580208764746,0.9039341979123525,0.2055971294097254,0.300643816903302,0.699356183096698,,,,0.2759363353252411,0.1517357230186462,,-0.9239910609486419,-2.2417231727476854,2.2417231727476854,-1.3516721547884194,-0.8442339418802766,0.8442339418802766,,,,29.72043584071054,13.580010000000003,synthetic
snapshots/synthetic_steps100_pretrainedTrue_freezeFalse_2025_12_11_05_11,synthetic_steps100_pretrainedTrue_freezeFalse_2025_12_11_05_11,synthetic,steps,100,True,False,2025_12_11_05_11,pointodyssey,5000,86512.35,17.30247,3,0.41480264937105116,0.006668188234359309,0.9933318117656407,0.14758529732057166,0.31646453590305246,0.6835354640969475,,,,0.2769270837306976,0.0551739558577537,,-0.3441462784043824,-5.003716565052514,5.00371656505251,-1.753666853088225,-0.7700673563944729,0.7700673563944729,,,,33.43898122353389,17.30247,synthetic
snapshots/synthetic_steps100_pretrainedTrue_freezeFalse_2025_12_11_05_11,synthetic_steps100_pretrainedTrue_freezeFalse_2025_12_11_05_11,synthetic,steps,100,True,False,2025_12_11_05_11,spair,5000,43538.7,8.70774,3,0.14244068812095634,0.11434228946449532,0.8856577105355047,0.24981701189308467,0.2264773945380536,0.7735226054619464,,,,0.2742626965045929,0.1291054487228393,,-1.7951646556691507,-2.047134055797286,2.047134055797286,-1.099588463487,-1.2283097579100044,1.2283097579100042,,,,26.96098408349374,8.70774,synthetic
snapshots/synthetic_steps100_pretrainedTrue_freezeFalse_2025_12_11_05_11,synthetic_steps100_pretrainedTrue_freezeFalse_2025_12_11_05_11,synthetic,steps,100,True,False,2025_12_11_05_11,tss,5000,123737.95,24.74759,3,0.3447417122523325,0.166306697202445,0.833693302797555,0.23149990085233685,0.3367490918377315,0.6632509081622685,,,,0.1433193981647491,0.0803383141756057,,-0.6422340138385951,-1.6120319350752836,1.612031935075284,-1.1998612467506131,-0.6778152438350924,0.6778152438350924,,,,46.62423833848814,24.74759,synthetic
snapshots/synthetic_steps100_pretrainedTrue_freezeFalse_2025_12_12_23_46,synthetic_steps100_pretrainedTrue_freezeFalse_2025_12_12_23_46,synthetic,steps,100,True,False,2025_12_12_23_46,flyingthings,5000,178833.5,35.7667,3,0.30249777253740917,0.22973769517055903,0.770262304829441,0.22364680580949392,0.26415440680550395,0.735845593194496,,,,0.1074327677488327,0.0655120611190795,,-0.8354317932540869,-1.2097929101319673,1.2097929101319675,-1.2445395161058372,-1.024486498426884,1.024486498426884,,,,48.867518271619595,35.7667,synthetic
snapshots/synthetic_steps100_pretrainedTrue_freezeFalse_2025_12_12_23_46,synthetic_steps100_pretrainedTrue_freezeFalse_2025_12_12_23_46,synthetic,steps,100,True,False,2025_12_12_23_46,kitti2012,5000,194521.8,38.90436,3,0.3944051355547829,0.02497130984819927,0.9750286901518007,0.2128626836913587,0.1342526283034775,0.8657473716965225,,,,0.3847016096115112,0.0641089379787445,,-0.42883257814977505,-3.6647393365695455,3.6647393365695446,-1.3077554335843773,-1.863869836532181,1.863869836532181,,,,45.717389458206924,38.90436,synthetic
snapshots/synthetic_steps100_pretrainedTrue_freezeFalse_2025_12_12_23_46,synthetic_steps100_pretrainedTrue_freezeFalse_2025_12_12_23_46,synthetic,steps,100,True,False,2025_12_12_23_46,middlebury,5000,107176.70000000001,21.435340000000004,3,0.35503550890400376,0.0305194343031971,0.9694805656968029,0.20130866036082515,0.3462849219668558,0.6537150780331442,,,,0.0808207094669342,0.0616263709962368,,-0.5969774531610359,-3.458396757822236,3.4583967578222348,-1.3781352089131305,-0.6354096859480465,0.6354096859480466,,,,33.56998503166847,21.435340000000004,synthetic
snapshots/synthetic_steps100_pretrainedTrue_freezeFalse_2025_12_12_23_46,synthetic_steps100_pretrainedTrue_freezeFalse_2025_12_12_23_46,synthetic,steps,100,True,False,2025_12_12_23_46,pfpascal,5000,91229.09999999999,18.24582,3,0.30500847133349196,0.13877235572367702,0.8612276442763229,0.23735163439225532,0.15535490073168357,0.8446450992683164,,,,0.1981388181447982,0.0921831429004669,,-0.8235601054358476,-1.82552400271153,1.8255240027115298,-1.1672543364257024,-1.6932043565347479,1.6932043565347479,,,,42.33284148426419,18.24582,synthetic
snapshots/synthetic_steps100_pretrainedTrue_freezeFalse_2025_12_12_23_46,synthetic_steps100_pretrainedTrue_freezeFalse_2025_12_12_23_46,synthetic,steps,100,True,False,2025_12_12_23_46,pfwillow,5000,99761.15,19.95223,3,0.2841453865314071,0.09606580208764746,0.9039341979123525,0.2055971294097254,0.300643816903302,0.699356183096698,,,,0.2759363353252411,0.1517357230186462,,-0.9239910609486419,-2.2417231727476854,2.2417231727476854,-1.3516721547884194,-0.8442339418802766,0.8442339418802766,,,,29.72043584071054,19.95223,synthetic
snapshots/synthetic_steps100_pretrainedTrue_freezeFalse_2025_12_12_23_46,synthetic_steps100_pretrainedTrue_freezeFalse_2025_12_12_23_46,synthetic,steps,100,True,False,2025_12_12_23_46,pointodyssey,5000,89910.5,17.9821,3,0.41480264937105116,0.006668188234359309,0.9933318117656407,0.14758529732057166,0.31646453590305246,0.6835354640969475,,,,0.2769270837306976,0.0551739558577537,,-0.3441462784043824,-5.003716565052514,5.00371656505251,-1.753666853088225,-0.7700673563944729,0.7700673563944729,,,,33.43898122353389,17.9821,synthetic
snapshots/synthetic_steps100_pretrainedTrue_freezeFalse_2025_12_12_23_46,synthetic_steps100_pretrainedTrue_freezeFalse_2025_12_12_23_46,synthetic,steps,100,True,False,2025_12_12_23_46,spair,5000,41273.95,8.25479,3,0.14244068812095634,0.11434228946449532,0.8856577105355047,0.24981701189308467,0.2264773945380536,0.7735226054619464,,,,0.2742626965045929,0.1291054487228393,,-1.7951646556691507,-2.047134055797286,2.047134055797286,-1.099588463487,-1.2283097579100044,1.2283097579100042,,,,26.96098408349374,8.25479,synthetic
snapshots/synthetic_steps100_pretrainedTrue_freezeFalse_2025_12_12_23_46,synthetic_steps100_pretrainedTrue_freezeFalse_2025_12_12_23_46,synthetic,steps,100,True,False,2025_12_12_23_46,tss,5000,130985.95000000001,26.197190000000003,3,0.3447417122523325,0.166306697202445,0.833693302797555,0.23149990085233685,0.3367490918377315,0.6632509081622685,,,,0.1433193981647491,0.0803383141756057,,-0.6422340138385951,-1.6120319350752836,1.612031935075284,-1.1998612467506131,-0.6778152438350924,0.6778152438350924,,,,46.62423833848814,26.197190000000003,synthetic
snapshots/synthetic_large_zoom_steps100_pretrainedTrue_freezeFalse_2025_12_11_12_20,synthetic_large_zoom_steps100_pretrainedTrue_freezeFalse_2025_12_11_12_20,synthetic_large_zoom,steps,100,True,False,2025_12_11_12_20,flyingthings,5000,175084.25000000003,35.016850000000005,3,0.20201529260535273,0.3720430639889017,0.6279569360110984,0.18399995896799728,0.2647010957717415,0.7352989042282585,,,,0.1182552427053451,0.0699124634265899,,-1.3737460330975826,-0.5234619799021061,0.5234619799021062,-1.4894788706394768,-1.0216758400648052,1.0216758400648052,,,,46.08568504392081,35.016850000000005,synthetic_large_zoom
snapshots/synthetic_large_zoom_steps100_pretrainedTrue_freezeFalse_2025_12_11_12_20,synthetic_large_zoom_steps100_pretrainedTrue_freezeFalse_2025_12_11_12_20,synthetic_large_zoom,steps,100,True,False,2025_12_11_12_20,kitti2012,5000,195250.45,39.050090000000004,3,0.4608056459165639,0.11904885805132762,0.8809511419486724,0.1755977219986397,0.1353376462102548,0.8646623537897452,,,,0.2798783183097839,0.0687143802642822,,-0.15709972690004817,-2.0014681861955,2.0014681861955004,-1.5464629037918975,-1.854566349314325,1.8545663493143252,,,,53.0400011124105,39.050090000000004,synthetic_large_zoom
snapshots/synthetic_large_zoom_steps100_pretrainedTrue_freezeFalse_2025_12_11_12_20,synthetic_large_zoom_steps100_pretrainedTrue_freezeFalse_2025_12_11_12_20,synthetic_large_zoom,steps,100,True,False,2025_12_11_12_20,middlebury,5000,104762.45,20.95249,3,0.26850162792678267,0.10338996132354866,0.8966100386764513,0.16702781484821438,0.34864473684073227,0.6513552631592677,,,,0.0393068566918373,0.0650183260440826,,-1.0022380180213246,-2.160113156525615,2.1601131565256146,-1.6068398959098382,-0.6250017547682749,0.6250017547682749,,,,35.41820804255128,20.95249,synthetic_large_zoom
snapshots/synthetic_large_zoom_steps100_pretrainedTrue_freezeFalse_2025_12_11_12_20,synthetic_large_zoom_steps100_pretrainedTrue_freezeFalse_2025_12_11_12_20,synthetic_large_zoom,steps,100,True,False,2025_12_11_12_20,pfpascal,5000,72673.5,14.5347,3,0.1507173027974378,0.20220779037250158,0.7977922096274984,0.1997424989996467,0.15839635146503325,0.8416036485349667,,,,0.1723425090312957,0.1000214964151382,,-1.7289861923526948,-1.3725523407066518,1.3725523407066518,-1.3879045201277234,-1.6702087317757626,1.6702087317757623,,,,30.262447336091494,14.5347,synthetic_large_zoom
snapshots/synthetic_large_zoom_steps100_pretrainedTrue_freezeFalse_2025_12_11_12_20,synthetic_large_zoom_steps100_pretrainedTrue_freezeFalse_2025_12_11_12_20,synthetic_large_zoom,steps,100,True,False,2025_12_11_12_20,pfwillow,5000,70261.15,14.052229999999998,3,0.10942838199324052,0.12030943734636018,0.8796905626536398,0.17429314409320593,0.3042736539386703,0.6957263460613297,,,,0.3164510726928711,0.1613987684249878,,-2.096593234432547,-1.9895031439509758,1.9895031439509752,-1.5555011967275334,-0.8270289281528239,0.8270289281528236,,,,14.364662266259398,14.052229999999998,synthetic_large_zoom
snapshots/synthetic_large_zoom_steps100_pretrainedTrue_freezeFalse_2025_12_11_12_20,synthetic_large_zoom_steps100_pretrainedTrue_freezeFalse_2025_12_11_12_20,synthetic_large_zoom,steps,100,True,False,2025_12_11_12_20,pointodyssey,5000,88276.65,17.65533,3,0.4290203352236338,0.03996324692071573,0.9600367530792843,0.11699813665190827,0.3174477583984624,0.6825522416015376,,,,0.236817866563797,0.0575177446007728,,-0.28584927641217167,-3.17901136343507,3.1790113634350696,-2.021169302229854,-0.7655258042836605,0.7655258042836606,,,,44.931216386378466,17.65533,synthetic_large_zoom
snapshots/synthetic_large_zoom_steps100_pretrainedTrue_freezeFalse_2025_12_11_12_20,synthetic_large_zoom_steps100_pretrainedTrue_freezeFalse_2025_12_11_12_20,synthetic_large_zoom,steps,100,True,False,2025_12_11_12_20,spair,5000,40643.100000000006,8.128620000000002,3,0.03835315777659012,0.12823207532570147,0.8717679246742985,0.21078890406748707,0.22873539099629248,0.7712646090037075,,,,0.3250285983085632,0.1388348639011383,,-3.2218104099856224,-1.9166815363177518,1.9166815363177518,-1.3201766557407015,-1.2154656794031926,1.2154656794031924,,,,9.563440710036364,8.128620000000002,synthetic_large_zoom
snapshots/synthetic_large_zoom_steps100_pretrainedTrue_freezeFalse_2025_12_11_12_20,synthetic_large_zoom_steps100_pretrainedTrue_freezeFalse_2025_12_11_12_20,synthetic_large_zoom,steps,100,True,False,2025_12_11_12_20,tss,5000,134995.05,26.99901,3,0.17894210476578426,0.2380835282593386,0.7619164717406615,0.1928748852405142,0.338913314611434,0.661086685388566,,,,0.0972432792186737,0.0855816900730133,,-1.523531308451775,-1.1632153613674128,1.1632153613674132,-1.4314369774406064,-0.6681406084793547,0.6681406084793545,,,,35.485256332785085,26.99901,synthetic_large_zoom
snapshots/synthetic_large_zoom_steps100_pretrainedTrue_freezeFalse_2025_12_13_11_44,synthetic_large_zoom_steps100_pretrainedTrue_freezeFalse_2025_12_13_11_44,synthetic_large_zoom,steps,100,True,False,2025_12_13_11_44,flyingthings,5000,353783.55000000005,70.75671000000001,5,0.20201529260535273,0.3720430639889017,0.6279569360110984,0.18399995896799728,0.2647010957717415,0.7352989042282585,,,,0.1182552427053451,0.0699124634265899,,-1.3737460330975826,-0.5234619799021061,0.5234619799021062,-1.4894788706394768,-1.0216758400648052,1.0216758400648052,,,,46.08568504392081,70.75671000000001,synthetic_large_zoom
snapshots/synthetic_large_zoom_steps100_pretrainedTrue_freezeFalse_2025_12_13_11_44,synthetic_large_zoom_steps100_pretrainedTrue_freezeFalse_2025_12_13_11_44,synthetic_large_zoom,steps,100,True,False,2025_12_13_11_44,kitti2012,5000,393104.1,78.62082,5,0.4608056459165639,0.11904885805132762,0.8809511419486724,0.1755977219986397,0.1353376462102548,0.8646623537897452,,,,0.2798783183097839,0.0687143802642822,,-0.15709972690004817,-2.0014681861955,2.0014681861955004,-1.5464629037918975,-1.854566349314325,1.8545663493143252,,,,53.0400011124105,78.62082,synthetic_large_zoom
snapshots/synthetic_large_zoom_steps100_pretrainedTrue_freezeFalse_2025_12_13_11_44,synthetic_large_zoom_steps100_pretrainedTrue_freezeFalse_2025_12_13_11_44,synthetic_large_zoom,steps,100,True,False,2025_12_13_11_44,middlebury,5000,214377.1,42.87542,5,0.26850162792678267,0.10338996132354866,0.8966100386764513,0.16702781484821438,0.34864473684073227,0.6513552631592677,,,,0.0393068566918373,0.0650183260440826,,-1.0022380180213246,-2.160113156525615,2.1601131565256146,-1.6068398959098382,-0.6250017547682749,0.6250017547682749,,,,35.41820804255128,42.87542,synthetic_large_zoom
snapshots/synthetic_large_zoom_steps100_pretrainedTrue_freezeFalse_2025_12_13_11_44,synthetic_large_zoom_steps100_pretrainedTrue_freezeFalse_2025_12_13_11_44,synthetic_large_zoom,steps,100,True,False,2025_12_13_11_44,pfpascal,5000,156726.2,31.345240000000004,5,0.1507173027974378,0.20220779037250158,0.7977922096274984,0.1997424989996467,0.15839635146503325,0.8416036485349667,,,,0.1723425090312957,0.1000214964151382,,-1.7289861923526948,-1.3725523407066518,1.3725523407066518,-1.3879045201277234,-1.6702087317757626,1.6702087317757623,,,,30.262447336091494,31.345240000000004,synthetic_large_zoom
snapshots/synthetic_large_zoom_steps100_pretrainedTrue_freezeFalse_2025_12_13_11_44,synthetic_large_zoom_steps100_pretrainedTrue_freezeFalse_2025_12_13_11_44,synthetic_large_zoom,steps,100,True,False,2025_12_13_11_44,pfwillow,5000,190201.35,38.04027,5,0.10942838199324052,0.12030943734636018,0.8796905626536398,0.17429314409320593,0.3042736539386703,0.6957263460613297,,,,0.3164510726928711,0.1613987684249878,,-2.096593234432547,-1.9895031439509758,1.9895031439509752,-1.5555011967275334,-0.8270289281528239,0.8270289281528236,,,,14.364662266259398,38.04027,synthetic_large_zoom
snapshots/synthetic_large_zoom_steps100_pretrainedTrue_freezeFalse_2025_12_13_11_44,synthetic_large_zoom_steps100_pretrainedTrue_freezeFalse_2025_12_13_11_44,synthetic_large_zoom,steps,100,True,False,2025_12_13_11_44,pointodyssey,5000,151558.7,30.311740000000004,5,0.4290203352236338,0.03996324692071573,0.9600367530792843,0.11699813665190827,0.3174477583984624,0.6825522416015376,,,,0.236817866563797,0.0575177446007728,,-0.28584927641217167,-3.17901136343507,3.1790113634350696,-2.021169302229854,-0.7655258042836605,0.7655258042836606,,,,44.931216386378466,30.311740000000004,synthetic_large_zoom
snapshots/synthetic_large_zoom_steps100_pretrainedTrue_freezeFalse_2025_12_13_11_44,synthetic_large_zoom_steps100_pretrainedTrue_freezeFalse_2025_12_13_11_44,synthetic_large_zoom,steps,100,True,False,2025_12_13_11_44,spair,5000,61541.6,12.30832,5,0.03835315777659012,0.12823207532570147,0.8717679246742985,0.21078890406748707,0.22873539099629248,0.7712646090037075,,,,0.3250285983085632,0.1388348639011383,,-3.2218104099856224,-1.9166815363177518,1.9166815363177518,-1.3201766557407015,-1.2154656794031926,1.2154656794031924,,,,9.563440710036364,12.30832,synthetic_large_zoom
snapshots/synthetic_large_zoom_steps100_pretrainedTrue_freezeFalse_2025_12_13_11_44,synthetic_large_zoom_steps100_pretrainedTrue_freezeFalse_2025_12_13_11_44,synthetic_large_zoom,steps,100,True,False,2025_12_13_11_44,tss,5000,262833.25,52.56665,5,0.17894210476578426,0.2380835282593386,0.7619164717406615,0.1928748852405142,0.338913314611434,0.661086685388566,,,,0.0972432792186737,0.0855816900730133,,-1.523531308451775,-1.1632153613674128,1.1632153613674132,-1.4314369774406064,-0.6681406084793547,0.6681406084793545,,,,35.485256332785085,52.56665,synthetic_large_zoom
snapshots/synthetic_random_flipping_steps100_pretrainedTrue_freezeFalse_2025_12_13_11_45,synthetic_random_flipping_steps100_pretrainedTrue_freezeFalse_2025_12_13_11_45,synthetic_random_flipping,steps,100,True,False,2025_12_13_11_45,flyingthings,5000,177062.65,35.41253,3,0.3299784458153623,0.15130841350540658,0.8486915864945934,0.22563581972283014,0.26219558332621073,0.7378044166737893,,,,0.0879511833190918,0.071447916328907,,-0.7082825456760485,-1.724375626175741,1.724375626175741,-1.233119997697623,-1.0345880449070752,1.0345880449070752,,,,42.81440886302652,35.41253,synthetic_random_flipping
snapshots/synthetic_random_flipping_steps100_pretrainedTrue_freezeFalse_2025_12_13_11_45,synthetic_random_flipping_steps100_pretrainedTrue_freezeFalse_2025_12_13_11_45,synthetic_random_flipping,steps,100,True,False,2025_12_13_11_45,kitti2012,5000,192384.34999999998,38.47687,3,0.4400901488697764,0.018588566815879184,0.9814114331841208,0.21667302990312337,0.13389966007422852,0.8661003399257715,,,,0.4162845015525818,0.0686514154076576,,-0.24079620092446838,-3.96644506905655,3.966445069056551,-1.2851607525825526,-1.8669100537756889,1.866910053775689,,,,45.348016500852964,38.47687,synthetic_random_flipping
snapshots/synthetic_random_flipping_steps100_pretrainedTrue_freezeFalse_2025_12_13_11_45,synthetic_random_flipping_steps100_pretrainedTrue_freezeFalse_2025_12_13_11_45,synthetic_random_flipping,steps,100,True,False,2025_12_13_11_45,middlebury,5000,105815.30000000002,21.163060000000005,3,0.38835881975121445,0.023723195984126293,0.9762768040158737,0.20500753794824356,0.3455851483234298,0.6544148516765702,,,,0.1243077963590622,0.0669085681438446,,-0.45421609834550447,-3.7172928538740186,3.7172928538740178,-1.355285883971849,-0.6385024177304687,0.6385024177304687,,,,33.20157272362981,21.163060000000005,synthetic_random_flipping
snapshots/synthetic_random_flipping_steps100_pretrainedTrue_freezeFalse_2025_12_13_11_45,synthetic_random_flipping_steps100_pretrainedTrue_freezeFalse_2025_12_13_11_45,synthetic_random_flipping,steps,100,True,False,2025_12_13_11_45,pfpascal,5000,79090.34999999999,15.818069999999999,3,0.32983345437240386,0.09223386065988523,0.9077661393401147,0.2388604088579183,0.15362945263133676,0.8463705473686632,,,,0.2623971402645111,0.1000061184167862,,-0.7089384137139574,-2.286659474216929,2.2866594742169286,-1.1589374542946957,-1.7064137117322562,1.7064137117322562,,,,39.7109994877459,15.818069999999999,synthetic_random_flipping
snapshots/synthetic_random_flipping_steps100_pretrainedTrue_freezeFalse_2025_12_13_11_45,synthetic_random_flipping_steps100_pretrainedTrue_freezeFalse_2025_12_13_11_45,synthetic_random_flipping,steps,100,True,False,2025_12_13_11_45,pfwillow,5000,79838.9,15.96778,3,0.3108524698441598,0.06614550213704509,0.9338544978629549,0.20647228113678415,0.29979147240718573,0.7002085275928143,,,,0.3608250319957733,0.1609171777963638,,-0.7961369440977013,-2.647463748876265,2.6474637488762656,-1.3463223001530826,-0.8482910462504751,0.8482910462504751,,,,27.921646698161226,15.96778,synthetic_random_flipping
snapshots/synthetic_random_flipping_steps100_pretrainedTrue_freezeFalse_2025_12_13_11_45,synthetic_random_flipping_steps100_pretrainedTrue_freezeFalse_2025_12_13_11_45,synthetic_random_flipping,steps,100,True,False,2025_12_13_11_45,pointodyssey,5000,93530.4,18.70608,3,0.45907160373919265,0.0047363856615730395,0.9952636143384269,0.1487578125976634,0.3148991334088628,0.6851008665911372,,,,0.3494367301464081,0.0582637824118137,,-0.16408071834491894,-5.347733314915751,5.347733314915741,-1.744377114915505,-0.7773137017733653,0.7773137017733655,,,,35.27121253082964,18.70608,synthetic_random_flipping
snapshots/synthetic_random_flipping_steps100_pretrainedTrue_freezeFalse_2025_12_13_11_45,synthetic_random_flipping_steps100_pretrainedTrue_freezeFalse_2025_12_13_11_45,synthetic_random_flipping,steps,100,True,False,2025_12_13_11_45,spair,5000,46392.25,9.27845,3,0.23701714762183734,0.11432154574560408,0.885678454254396,0.24743413077910364,0.2243249642967557,0.7756750357032443,,,,0.1852936893701553,0.1401875615119934,,-1.169103065732004,-2.0473389115376084,2.047338911537609,-1.1123441183191103,-1.240637930026034,1.2406379300260335,,,,25.041022755563997,9.27845,synthetic_random_flipping
snapshots/synthetic_random_flipping_steps100_pretrainedTrue_freezeFalse_2025_12_13_11_45,synthetic_random_flipping_steps100_pretrainedTrue_freezeFalse_2025_12_13_11_45,synthetic_random_flipping,steps,100,True,False,2025_12_13_11_45,tss,5000,134630.8,26.92616,3,0.3711281366111789,0.10904925256895834,0.8909507474310416,0.23249109503563928,0.3345230946006758,0.6654769053993241,,,,0.1888346523046493,0.0865283459424972,,-0.5273801364664193,-2.1004895094850844,2.1004895094850844,-1.1942981585815404,-0.6877980152629288,0.6877980152629286,,,,43.6334262852842,26.92616,synthetic_random_flipping
snapshots/synthetic_small_zoom_steps100_pretrainedTrue_freezeFalse_2025_12_11_07_44,synthetic_small_zoom_steps100_pretrainedTrue_freezeFalse_2025_12_11_07_44,synthetic_small_zoom,steps,100,True,False,2025_12_11_07_44,flyingthings,5000,351473.0,70.2946,5,0.1420828126550647,0.43015732452243727,0.5698426754775627,0.1985866969235261,0.26020077574357386,0.7397992242564262,,,,0.1359754502773285,0.0695071220397949,,-1.7980975012586633,-0.2812093020417419,0.281209302041742,-1.3951510327649683,-1.0449252834025198,1.04492528340252,,,,38.4107991509913,70.2946,synthetic_small_zoom
snapshots/synthetic_small_zoom_steps100_pretrainedTrue_freezeFalse_2025_12_11_07_44,synthetic_small_zoom_steps100_pretrainedTrue_freezeFalse_2025_12_11_07_44,synthetic_small_zoom,steps,100,True,False,2025_12_11_07_44,kitti2012,5000,392485.0,78.497,5,0.4147984015395766,0.15534185856601412,0.8446581414339859,0.1894319744527396,0.13336506232447065,0.8666349376755293,,,,0.2799808979034424,0.0672902390360832,,-0.3441637778404387,-1.693303751724129,1.693303751724129,-1.453705281790262,-1.8715276267332548,1.8715276267332548,,,,48.87164752077455,78.497,synthetic_small_zoom
snapshots/synthetic_small_zoom_steps100_pretrainedTrue_freezeFalse_2025_12_11_07_44,synthetic_small_zoom_steps100_pretrainedTrue_freezeFalse_2025_12_11_07_44,synthetic_small_zoom,steps,100,True,False,2025_12_11_07_44,middlebury,5000,212445.84999999998,42.489169999999994,5,0.20296123899860977,0.14689366865302028,0.8531063313469798,0.18052723142310426,0.34615402132386314,0.6538459786761368,,,,0.0393171161413192,0.0643457248806953,,-1.3678882913187747,-1.759175212919822,1.7591752129198222,-1.5127795353137263,-0.6359879927662881,0.635987992766288,,,,29.856243842567967,42.489169999999994,synthetic_small_zoom
snapshots/synthetic_small_zoom_steps100_pretrainedTrue_freezeFalse_2025_12_11_07_44,synthetic_small_zoom_steps100_pretrainedTrue_freezeFalse_2025_12_11_07_44,synthetic_small_zoom,steps,100,True,False,2025_12_11_07_44,pfpascal,5000,119886.5,23.9773,5,0.08673073811450145,0.21911677143306207,0.7808832285669379,0.21322635876619334,0.14974398795440622,0.8502560120455938,,,,0.1920190453529358,0.0960041508078575,,-2.3542224018863025,-1.270820832776909,1.270820832776909,-1.3055862660883102,-1.7366104058037888,1.7366104058037886,,,,19.790924253039,23.9773,synthetic_small_zoom
snapshots/synthetic_small_zoom_steps100_pretrainedTrue_freezeFalse_2025_12_11_07_44,synthetic_small_zoom_steps100_pretrainedTrue_freezeFalse_2025_12_11_07_44,synthetic_small_zoom,steps,100,True,False,2025_12_11_07_44,pfwillow,5000,131438.8,26.28776,5,0.05080388067003415,0.11884225355222786,0.8811577464477721,0.18348732078181001,0.2984448559703923,0.7015551440296077,,,,0.3465851545333862,0.1539370119571685,,-2.9276426933854114,-2.003439650440031,2.0034396504400305,-1.492896872481921,-0.8547143265418293,0.8547143265418294,,,,4.35859309460492,26.28776,synthetic_small_zoom
snapshots/synthetic_small_zoom_steps100_pretrainedTrue_freezeFalse_2025_12_11_07_44,synthetic_small_zoom_steps100_pretrainedTrue_freezeFalse_2025_12_11_07_44,synthetic_small_zoom,steps,100,True,False,2025_12_11_07_44,pointodyssey,5000,165877.80000000002,33.175560000000004,5,0.37280662818538174,0.06346206552600847,0.9365379344739915,0.12754158712339786,0.3150384468169212,0.6849615531830788,,,,0.2174844741821289,0.0587944574654102,,-0.5201950389621375,-2.6917476936128133,2.6917476936128124,-1.9228725036834815,-0.776668025182254,0.7766680251822541,,,,40.073869160866934,33.175560000000004,synthetic_small_zoom
snapshots/synthetic_small_zoom_steps100_pretrainedTrue_freezeFalse_2025_12_11_07_44,synthetic_small_zoom_steps100_pretrainedTrue_freezeFalse_2025_12_11_07_44,synthetic_small_zoom,steps,100,True,False,2025_12_11_07_44,spair,5000,65043.549999999996,13.008709999999999,5,0.018249873417671952,0.13332366203414936,0.8666763379658506,0.2229993374002422,0.2224335050720839,0.7775664949279161,,,,0.3653904795646667,0.1327691376209259,,-3.985178678407039,-1.8718858734053458,1.8718858734053458,-1.248272402977683,-1.2515409610874173,1.2515409610874173,,,,-0.2204942152699374,13.008709999999999,synthetic_small_zoom
snapshots/synthetic_small_zoom_steps100_pretrainedTrue_freezeFalse_2025_12_11_07_44,synthetic_small_zoom_steps100_pretrainedTrue_freezeFalse_2025_12_11_07_44,synthetic_small_zoom,steps,100,True,False,2025_12_11_07_44,tss,5000,251240.75000000003,50.24815,5,0.10347353870307549,0.2557837820268021,0.7442162179731979,0.20960221905037998,0.3344358102421152,0.6655641897578848,,,,0.1177047789096832,0.0850886106491088,,-2.1592118935228974,-1.0679991220229577,1.0679991220229579,-1.3273247994634378,-0.6881901230925294,0.6881901230925294,,,,25.930400976488514,50.24815,synthetic_small_zoom
snapshots/synthetic_small_zoom_steps100_pretrainedTrue_freezeFalse_2025_12_13_11_38,synthetic_small_zoom_steps100_pretrainedTrue_freezeFalse_2025_12_13_11_38,synthetic_small_zoom,steps,100,True,False,2025_12_13_11_38,flyingthings,5000,354648.80000000005,70.92976000000002,5,0.1420828126550647,0.43015732452243727,0.5698426754775627,0.1985866969235261,0.26020077574357386,0.7397992242564262,,,,0.1359754502773285,0.0695071220397949,,-1.7980975012586633,-0.2812093020417419,0.281209302041742,-1.3951510327649683,-1.0449252834025198,1.04492528340252,,,,38.4107991509913,70.92976000000002,synthetic_small_zoom
snapshots/synthetic_small_zoom_steps100_pretrainedTrue_freezeFalse_2025_12_13_11_38,synthetic_small_zoom_steps100_pretrainedTrue_freezeFalse_2025_12_13_11_38,synthetic_small_zoom,steps,100,True,False,2025_12_13_11_38,kitti2012,5000,394272.39999999997,78.85448,5,0.4147984015395766,0.15534185856601412,0.8446581414339859,0.1894319744527396,0.13336506232447065,0.8666349376755293,,,,0.2799808979034424,0.0672902390360832,,-0.3441637778404387,-1.693303751724129,1.693303751724129,-1.453705281790262,-1.8715276267332548,1.8715276267332548,,,,48.87164752077455,78.85448,synthetic_small_zoom
snapshots/synthetic_small_zoom_steps100_pretrainedTrue_freezeFalse_2025_12_13_11_38,synthetic_small_zoom_steps100_pretrainedTrue_freezeFalse_2025_12_13_11_38,synthetic_small_zoom,steps,100,True,False,2025_12_13_11_38,middlebury,5000,216281.40000000002,43.256280000000004,5,0.20296123899860977,0.14689366865302028,0.8531063313469798,0.18052723142310426,0.34615402132386314,0.6538459786761368,,,,0.0393171161413192,0.0643457248806953,,-1.3678882913187747,-1.759175212919822,1.7591752129198222,-1.5127795353137263,-0.6359879927662881,0.635987992766288,,,,29.856243842567967,43.256280000000004,synthetic_small_zoom
snapshots/synthetic_small_zoom_steps100_pretrainedTrue_freezeFalse_2025_12_13_11_38,synthetic_small_zoom_steps100_pretrainedTrue_freezeFalse_2025_12_13_11_38,synthetic_small_zoom,steps,100,True,False,2025_12_13_11_38,pfpascal,5000,160376.8,32.075359999999996,5,0.08673073811450145,0.21911677143306207,0.7808832285669379,0.21322635876619334,0.14974398795440622,0.8502560120455938,,,,0.1920190453529358,0.0960041508078575,,-2.3542224018863025,-1.270820832776909,1.270820832776909,-1.3055862660883102,-1.7366104058037888,1.7366104058037886,,,,19.790924253039,32.075359999999996,synthetic_small_zoom
snapshots/synthetic_small_zoom_steps100_pretrainedTrue_freezeFalse_2025_12_13_11_38,synthetic_small_zoom_steps100_pretrainedTrue_freezeFalse_2025_12_13_11_38,synthetic_small_zoom,steps,100,True,False,2025_12_13_11_38,pfwillow,5000,178666.69999999998,35.73334,5,0.05080388067003415,0.11884225355222786,0.8811577464477721,0.18348732078181001,0.2984448559703923,0.7015551440296077,,,,0.3465851545333862,0.1539370119571685,,-2.9276426933854114,-2.003439650440031,2.0034396504400305,-1.492896872481921,-0.8547143265418293,0.8547143265418294,,,,4.35859309460492,35.73334,synthetic_small_zoom
snapshots/synthetic_small_zoom_steps100_pretrainedTrue_freezeFalse_2025_12_13_11_38,synthetic_small_zoom_steps100_pretrainedTrue_freezeFalse_2025_12_13_11_38,synthetic_small_zoom,steps,100,True,False,2025_12_13_11_38,pointodyssey,5000,165420.1,33.08402,5,0.37280662818538174,0.06346206552600847,0.9365379344739915,0.12754158712339786,0.3150384468169212,0.6849615531830788,,,,0.2174844741821289,0.0587944574654102,,-0.5201950389621375,-2.6917476936128133,2.6917476936128124,-1.9228725036834815,-0.776668025182254,0.7766680251822541,,,,40.073869160866934,33.08402,synthetic_small_zoom
snapshots/synthetic_small_zoom_steps100_pretrainedTrue_freezeFalse_2025_12_13_11_38,synthetic_small_zoom_steps100_pretrainedTrue_freezeFalse_2025_12_13_11_38,synthetic_small_zoom,steps,100,True,False,2025_12_13_11_38,spair,5000,55795.799999999996,11.15916,5,0.018249873417671952,0.13332366203414936,0.8666763379658506,0.2229993374002422,0.2224335050720839,0.7775664949279161,,,,0.3653904795646667,0.1327691376209259,,-3.985178678407039,-1.8718858734053458,1.8718858734053458,-1.248272402977683,-1.2515409610874173,1.2515409610874173,,,,-0.2204942152699374,11.15916,synthetic_small_zoom
snapshots/synthetic_small_zoom_steps100_pretrainedTrue_freezeFalse_2025_12_13_11_38,synthetic_small_zoom_steps100_pretrainedTrue_freezeFalse_2025_12_13_11_38,synthetic_small_zoom,steps,100,True,False,2025_12_13_11_38,tss,5000,254252.45,50.85049,5,0.10347353870307549,0.2557837820268021,0.7442162179731979,0.20960221905037998,0.3344358102421152,0.6655641897578848,,,,0.1177047789096832,0.0850886106491088,,-2.1592118935228974,-1.0679991220229577,1.0679991220229579,-1.3273247994634378,-0.6881901230925294,0.6881901230925294,,,,25.930400976488514,50.85049,synthetic_small_zoom
