split,family,gap_bin,acc,n,measure
JOINT,appearance,0-1,0.5186246418338109,349,predictor_accuracy
JOINT,appearance,1-2,0.5542635658914729,258,predictor_accuracy
JOINT,appearance,2-5,0.5311355311355311,546,predictor_accuracy
JOINT,appearance,5-10,0.5104529616724739,574,predictor_accuracy
JOINT,appearance,>10,0.4805194805194805,1078,predictor_accuracy
JOINT,motion_meannn_sym,0-1,0.5644699140401146,349,predictor_accuracy
JOINT,motion_meannn_sym,1-2,0.5193798449612403,258,predictor_accuracy
JOINT,motion_meannn_sym,2-5,0.6336996336996337,546,predictor_accuracy
JOINT,motion_meannn_sym,5-10,0.6881533101045296,574,predictor_accuracy
JOINT,motion_meannn_sym,>10,0.7346938775510204,1078,predictor_accuracy
JOINT,motion_policy,0-1,0.4813753581661891,349,predictor_accuracy
JOINT,motion_policy,1-2,0.5465116279069767,258,predictor_accuracy
JOINT,motion_policy,2-5,0.6813186813186813,546,predictor_accuracy
JOINT,motion_policy,5-10,0.7125435540069687,574,predictor_accuracy
JOINT,motion_policy,>10,0.7717996289424861,1078,predictor_accuracy
JOINT,motion_precision,0-1,0.5415472779369628,349,predictor_accuracy
JOINT,motion_precision,1-2,0.437984496124031,258,predictor_accuracy
JOINT,motion_precision,2-5,0.43772893772893773,546,predictor_accuracy
JOINT,motion_precision,5-10,0.4738675958188153,574,predictor_accuracy
JOINT,motion_precision,>10,0.5009276437847866,1078,predictor_accuracy
JOINT,motion_recall,0-1,0.5186246418338109,349,predictor_accuracy
JOINT,motion_recall,1-2,0.49612403100775193,258,predictor_accuracy
JOINT,motion_recall,2-5,0.6446886446886447,546,predictor_accuracy
JOINT,motion_recall,5-10,0.6742160278745645,574,predictor_accuracy
JOINT,motion_recall,>10,0.6855287569573284,1078,predictor_accuracy
JOINT,motion_rule,0-1,0.49570200573065903,349,predictor_accuracy
JOINT,motion_rule,1-2,0.562015503875969,258,predictor_accuracy
JOINT,motion_rule,2-5,0.6794871794871795,546,predictor_accuracy
JOINT,motion_rule,5-10,0.6794425087108014,574,predictor_accuracy
JOINT,motion_rule,>10,0.7467532467532467,1078,predictor_accuracy
JOINT,motion_w2,0-1,0.5213178294573644,516,predictor_accuracy
JOINT,motion_w2,1-2,0.6099476439790575,382,predictor_accuracy
JOINT,motion_w2,2-5,0.6114649681528662,785,predictor_accuracy
JOINT,motion_w2,5-10,0.6481481481481481,810,predictor_accuracy
JOINT,motion_w2,>10,0.7224744608399546,1762,predictor_accuracy
LOBO,appearance,0-1,0.5587392550143266,349,predictor_accuracy
LOBO,appearance,1-2,0.5271317829457365,258,predictor_accuracy
LOBO,appearance,2-5,0.5659340659340659,546,predictor_accuracy
LOBO,appearance,5-10,0.5505226480836237,574,predictor_accuracy
LOBO,appearance,>10,0.6437847866419295,1078,predictor_accuracy
LOBO,motion_meannn_sym,0-1,0.5616045845272206,349,predictor_accuracy
LOBO,motion_meannn_sym,1-2,0.49224806201550386,258,predictor_accuracy
LOBO,motion_meannn_sym,2-5,0.6336996336996337,546,predictor_accuracy
LOBO,motion_meannn_sym,5-10,0.6655052264808362,574,predictor_accuracy
LOBO,motion_meannn_sym,>10,0.7040816326530612,1078,predictor_accuracy
LOBO,motion_policy,0-1,0.5759312320916905,349,predictor_accuracy
LOBO,motion_policy,1-2,0.6434108527131783,258,predictor_accuracy
LOBO,motion_policy,2-5,0.7161172161172161,546,predictor_accuracy
LOBO,motion_policy,5-10,0.6724738675958188,574,predictor_accuracy
LOBO,motion_policy,>10,0.7551020408163265,1078,predictor_accuracy
LOBO,motion_precision,0-1,0.5386819484240688,349,predictor_accuracy
LOBO,motion_precision,1-2,0.4418604651162791,258,predictor_accuracy
LOBO,motion_precision,2-5,0.45604395604395603,546,predictor_accuracy
LOBO,motion_precision,5-10,0.524390243902439,574,predictor_accuracy
LOBO,motion_precision,>10,0.5324675324675324,1078,predictor_accuracy
LOBO,motion_recall,0-1,0.5530085959885387,349,predictor_accuracy
LOBO,motion_recall,1-2,0.6124031007751938,258,predictor_accuracy
LOBO,motion_recall,2-5,0.6886446886446886,546,predictor_accuracy
LOBO,motion_recall,5-10,0.6968641114982579,574,predictor_accuracy
LOBO,motion_recall,>10,0.7578849721706865,1078,predictor_accuracy
LOBO,motion_rule,0-1,0.5845272206303725,349,predictor_accuracy
LOBO,motion_rule,1-2,0.6472868217054264,258,predictor_accuracy
LOBO,motion_rule,2-5,0.7014652014652014,546,predictor_accuracy
LOBO,motion_rule,5-10,0.6498257839721254,574,predictor_accuracy
LOBO,motion_rule,>10,0.7198515769944341,1078,predictor_accuracy
LOBO,motion_w2,0-1,0.5251937984496124,516,predictor_accuracy
LOBO,motion_w2,1-2,0.6047120418848168,382,predictor_accuracy
LOBO,motion_w2,2-5,0.5961783439490446,785,predictor_accuracy
LOBO,motion_w2,5-10,0.6493827160493827,810,predictor_accuracy
LOBO,motion_w2,>10,0.7162315550510783,1762,predictor_accuracy
LOTO,appearance,0-1,0.5272206303724928,349,predictor_accuracy
LOTO,appearance,1-2,0.5271317829457365,258,predictor_accuracy
LOTO,appearance,2-5,0.48534798534798534,546,predictor_accuracy
LOTO,appearance,5-10,0.5087108013937283,574,predictor_accuracy
LOTO,appearance,>10,0.4805194805194805,1078,predictor_accuracy
LOTO,motion_meannn_sym,0-1,0.5530085959885387,349,predictor_accuracy
LOTO,motion_meannn_sym,1-2,0.49612403100775193,258,predictor_accuracy
LOTO,motion_meannn_sym,2-5,0.63003663003663,546,predictor_accuracy
LOTO,motion_meannn_sym,5-10,0.6829268292682927,574,predictor_accuracy
LOTO,motion_meannn_sym,>10,0.7142857142857143,1078,predictor_accuracy
LOTO,motion_policy,0-1,0.5816618911174785,349,predictor_accuracy
LOTO,motion_policy,1-2,0.6085271317829457,258,predictor_accuracy
LOTO,motion_policy,2-5,0.7216117216117216,546,predictor_accuracy
LOTO,motion_policy,5-10,0.6881533101045296,574,predictor_accuracy
LOTO,motion_policy,>10,0.75139146567718,1078,predictor_accuracy
LOTO,motion_precision,0-1,0.5272206303724928,349,predictor_accuracy
LOTO,motion_precision,1-2,0.45348837209302323,258,predictor_accuracy
LOTO,motion_precision,2-5,0.4597069597069597,546,predictor_accuracy
LOTO,motion_precision,5-10,0.519163763066202,574,predictor_accuracy
LOTO,motion_precision,>10,0.5204081632653061,1078,predictor_accuracy
LOTO,motion_recall,0-1,0.5644699140401146,349,predictor_accuracy
LOTO,motion_recall,1-2,0.6007751937984496,258,predictor_accuracy
LOTO,motion_recall,2-5,0.6941391941391941,546,predictor_accuracy
LOTO,motion_recall,5-10,0.6951219512195121,574,predictor_accuracy
LOTO,motion_recall,>10,0.7829313543599258,1078,predictor_accuracy
LOTO,motion_rule,0-1,0.5931232091690545,349,predictor_accuracy
LOTO,motion_rule,1-2,0.6201550387596899,258,predictor_accuracy
LOTO,motion_rule,2-5,0.7106227106227107,546,predictor_accuracy
LOTO,motion_rule,5-10,0.6463414634146342,574,predictor_accuracy
LOTO,motion_rule,>10,0.7115027829313544,1078,predictor_accuracy
LOTO,motion_w2,0-1,0.5213178294573644,516,predictor_accuracy
LOTO,motion_w2,1-2,0.6020942408376964,382,predictor_accuracy
LOTO,motion_w2,2-5,0.5987261146496815,785,predictor_accuracy
LOTO,motion_w2,5-10,0.6530864197530865,810,predictor_accuracy
LOTO,motion_w2,>10,0.7196367763904654,1762,predictor_accuracy
JOINT,appearance,ALL,0.5080213903743316,2805,predictor_accuracy
JOINT,motion_meannn_sym,ALL,0.6645276292335116,2805,predictor_accuracy
JOINT,motion_policy,ALL,0.685204991087344,2805,predictor_accuracy
JOINT,motion_precision,ALL,0.4823529411764706,2805,predictor_accuracy
JOINT,motion_recall,ALL,0.6370766488413547,2805,predictor_accuracy
JOINT,motion_rule,ALL,0.6716577540106952,2805,predictor_accuracy
JOINT,motion_w2,ALL,0.6533490011750881,4255,predictor_accuracy
LOBO,appearance,ALL,0.5882352941176471,2805,predictor_accuracy
LOBO,motion_meannn_sym,ALL,0.6452762923351159,2805,predictor_accuracy
LOBO,motion_policy,ALL,0.6980392156862745,2805,predictor_accuracy
LOBO,motion_precision,ALL,0.5083778966131908,2805,predictor_accuracy
LOBO,motion_recall,ALL,0.6930481283422459,2805,predictor_accuracy
LOBO,motion_rule,ALL,0.6784313725490196,2805,predictor_accuracy
LOBO,motion_w2,ALL,0.6481786133960047,4255,predictor_accuracy
LOTO,appearance,ALL,0.49732620320855614,2805,predictor_accuracy
LOTO,motion_meannn_sym,ALL,0.651336898395722,2805,predictor_accuracy
LOTO,motion_policy,ALL,0.6983957219251337,2805,predictor_accuracy
LOTO,motion_precision,ALL,0.503030303030303,2805,predictor_accuracy
LOTO,motion_recall,ALL,0.7037433155080214,2805,predictor_accuracy
LOTO,motion_rule,ALL,0.6748663101604279,2805,predictor_accuracy
LOTO,motion_w2,ALL,0.6500587544065805,4255,predictor_accuracy
n/a,cross_arch,0-1,0.5861774744027304,1172,empirical_reproducibility
n/a,cross_arch,1-2,0.6577181208053692,894,empirical_reproducibility
n/a,cross_arch,2-5,0.7668678003291278,1823,empirical_reproducibility
n/a,cross_arch,5-10,0.7224744608399546,1762,empirical_reproducibility
n/a,cross_arch,>10,0.8101864006300866,3809,empirical_reproducibility
n/a,same_arch,0-1,0.5725552050473186,634,empirical_reproducibility
n/a,same_arch,1-2,0.6838235294117647,408,empirical_reproducibility
n/a,same_arch,2-5,0.7837528604118993,874,empirical_reproducibility
n/a,same_arch,5-10,0.8234086242299795,974,empirical_reproducibility
n/a,same_arch,>10,0.8929347826086956,1840,empirical_reproducibility
n/a,cross_arch,ALL,0.7433403805496829,9460,empirical_reproducibility
n/a,same_arch,ALL,0.7974630021141649,4730,empirical_reproducibility
