benchmark,n_options,top1,top3,regret,spearman,true_best_option,pred_best_option,pred_top3_options
flyingthings,10,1.0,1.0,0.0,0.9757575757575757,flyingthings,flyingthings,"flyingthings,sintel,spair_synthetic_70_30"
kitti2012,10,1.0,1.0,0.0,0.9030303030303031,sintel,sintel,"sintel,flyingthings,spair_synthetic_70_30"
middlebury,10,0.0,0.0,0.9761966666666693,0.7696969696969697,pointodyssey,flyingthings,"flyingthings,sintel,spair_synthetic_70_30"
pfpascal,10,1.0,1.0,0.0,0.9272727272727272,spair_synthetic_70_30,spair_synthetic_70_30,"spair_synthetic_70_30,spair_synthetic_50_50,sintel"
pfwillow,10,0.0,1.0,0.9303733333333337,0.7818181818181819,flyingthings,spair_synthetic_70_30,"spair_synthetic_70_30,spair_synthetic_50_50,pointodyssey"
pointodyssey,10,0.0,0.0,6.634126666666666,0.7090909090909091,spair_synthetic_70_30,pointodyssey,"pointodyssey,sintel,flyingthings"
spair,10,0.0,1.0,1.8306966666666646,0.806060606060606,spair_synthetic_70_30,spair,"spair,spair_synthetic_70_30,spair_synthetic_50_50"
tss,10,0.0,1.0,1.1593866666666628,0.8787878787878788,flyingthings,spair_synthetic_70_30,"spair_synthetic_70_30,spair_synthetic_50_50,sintel"
__overall__,80,0.375,0.75,1.4413474999999996,0.843939393939394,n/a,n/a,
