src,bench,variant,actual,L2,L2K
flyingthings,flyingthings,catspp|False|False,76.3251,35.28128466704419,35.33485508420198
flyingthings,kitti2012,catspp|False|False,94.359,75.39253418859016,78.38565556698786
flyingthings,kitti2015,catspp|False|False,91.4836,73.5328135833134,76.65803189823708
flyingthings,pfpascal,catspp|False|False,16.4969,44.81808932615521,45.221844134822625
flyingthings,pfwillow,catspp|False|False,17.4889,38.549698500048926,38.41491370795045
flyingthings,pointodyssey,catspp|False|False,46.0158,45.110178923516315,45.99311907790355
flyingthings,spair,catspp|False|False,3.633,34.63293454970919,33.821808835275405
flyingthings,synthetic,catspp|False|False,20.6718,23.91442738578338,22.397142027626575
flyingthings,tss,catspp|False|False,33.5001,38.205960257657225,38.13341184046573
imagenet2dwarp,flyingthings,catspp|False|False,57.94145,36.936469831898265,38.05646028446211
imagenet2dwarp,kitti2012,catspp|False|False,69.0475,77.90703783447027,81.91214146972075
imagenet2dwarp,kitti2015,catspp|False|False,78.94014999999999,77.37543415948922,82.42900020359285
imagenet2dwarp,pfpascal,catspp|False|False,9.00725,47.19957847939079,48.7473448777897
imagenet2dwarp,pfwillow,catspp|False|False,11.4111,40.97851023693438,41.26112770246802
imagenet2dwarp,pointodyssey,catspp|False|False,51.33235,47.73143608527538,49.38069447058362
imagenet2dwarp,spair,catspp|False|False,3.93925,37.09088308268327,34.98655032442344
imagenet2dwarp,synthetic,catspp|False|False,19.63085,26.519506897235892,24.02120138614019
imagenet2dwarp,tss,catspp|False|False,21.05095,40.58195994272894,40.61886355941101
movi_f,flyingthings,catspp|False|False,61.2423,37.282667729900155,39.58362311916362
movi_f,kitti2012,catspp|False|False,86.277,78.8356806468472,82.66381095105224
movi_f,kitti2015,catspp|False|False,84.7086,77.59705938022974,84.1317270634752
movi_f,pfpascal,catspp|False|False,10.5168,47.777473013633944,50.14658776765596
movi_f,pfwillow,catspp|False|False,13.6778,41.88024287226401,42.534300173829514
movi_f,pointodyssey,catspp|False|False,84.7224,48.717712426434616,50.208210376418165
movi_f,spair,catspp|False|False,3.0896,39.049413621614555,36.92345991292533
movi_f,synthetic,catspp|False|False,15.2654,28.03828565946295,24.528670728735026
movi_f,tss,catspp|False|False,24.3569,41.77632421319336,41.9399535910592
pointodyssey,flyingthings,catspp|False|False,64.4318,37.36211927613938,39.13891583200967
pointodyssey,kitti2012,catspp|False|False,87.0735,78.39955618109285,82.16650792777774
pointodyssey,kitti2015,catspp|False|False,85.69685,76.99430684843841,82.5214285116174
pointodyssey,pfpascal,catspp|False|False,12.26865,47.598161112134676,49.41934948887022
pointodyssey,pfwillow,catspp|False|False,15.5,41.5249303165608,41.91426249419004
pointodyssey,pointodyssey,catspp|False|False,68.8301,48.09829947619879,49.24666699145882
pointodyssey,spair,catspp|False|False,3.1626,38.24496767161959,36.89845498151821
pointodyssey,synthetic,catspp|False|False,17.907249999999998,27.16601946266886,24.052227639247604
pointodyssey,tss,catspp|False|False,27.7243,41.32976248793436,41.46194948911156
sintel,flyingthings,catspp|False|False,70.7445,38.47208911119347,42.233883911770306
sintel,kitti2012,catspp|False|False,91.745,78.41517588346213,82.02257317689103
sintel,kitti2015,catspp|False|False,89.5554,77.01335593446386,82.99488584669082
sintel,pfpascal,catspp|False|False,15.8031,48.475024515855296,51.884297922027756
sintel,pfwillow,catspp|False|False,17.9333,42.09146883206043,43.27069143193409
sintel,pointodyssey,catspp|False|False,47.6015,47.200676956843246,48.48995764616659
sintel,spair,catspp|False|False,3.7321,38.2730525194533,35.777512326667654
sintel,synthetic,catspp|False|False,22.7542,27.56191041209752,23.811901868815117
sintel,tss,catspp|False|False,32.9288,41.75498127812242,42.06417821574428
spair,flyingthings,catspp|False|False,3.3861,30.31506387105693,27.408860095362694
spair,kitti2012,catspp|False|False,10.184,75.02108336918101,74.87479841641951
spair,kitti2015,catspp|False|False,10.8859,73.0630758740879,70.2810934044149
spair,pfpascal,catspp|False|False,3.0238,40.06503032474647,37.407072378904154
spair,pfwillow,catspp|False|False,4.8667,33.117855855058934,31.772858873115602
spair,pointodyssey,catspp|False|False,3.4912,42.65553552575276,41.39819849648739
spair,spair,catspp|False|False,3.018,28.046468567799298,29.045275458143198
spair,synthetic,catspp|False|False,4.0712,17.084124484456368,19.318003766787577
spair,tss,catspp|False|False,5.2821,33.328599251236554,32.58859709944381
synthetic,flyingthings,catspp|False|False,58.1203,31.07894535925993,31.405919448237203
synthetic,kitti2012,catspp|False|False,83.2552,71.7909848941782,72.46358285029812
synthetic,kitti2015,catspp|False|False,86.5834,70.16548405627644,68.99634251440098
synthetic,pfpascal,catspp|False|False,14.1789,40.63570097881678,41.201027134311545
synthetic,pfwillow,catspp|False|False,15.2778,34.20766435399994,34.30469491755337
synthetic,pointodyssey,catspp|False|False,38.9858,41.422860869898955,42.082451065840964
synthetic,spair,catspp|False|False,4.0731,29.793417689185027,29.313502650189534
synthetic,synthetic,catspp|False|False,22.1053,19.639505535882737,19.917334068082116
synthetic,tss,catspp|False|False,32.3684,34.363712147014404,34.577807422198774
synthetic_2d_warp,flyingthings,catspp|False|False,62.5568,31.811379700526736,29.85563214596496
synthetic_2d_warp,kitti2012,catspp|False|False,76.4616,72.39337421498426,73.66887267630719
synthetic_2d_warp,kitti2015,catspp|False|False,83.0162,71.26961157575309,71.96655306629378
synthetic_2d_warp,pfpascal,catspp|False|False,10.5271,40.796637917584995,39.09454111875653
synthetic_2d_warp,pfwillow,catspp|False|False,11.9667,34.71836722311269,34.065053642653844
synthetic_2d_warp,pointodyssey,catspp|False|False,51.6048,42.98357925750722,42.51788940714697
synthetic_2d_warp,spair,catspp|False|False,3.1293,30.551617149644105,29.780356748971105
synthetic_2d_warp,synthetic,catspp|False|False,20.1312,20.45727270440208,21.037741080325112
synthetic_2d_warp,tss,catspp|False|False,20.8428,34.24115967113018,33.38795238348164
synthetic_large_zoom,flyingthings,catspp|False|False,67.1619,37.598509863973106,39.32802441631824
synthetic_large_zoom,kitti2012,catspp|False|False,88.0451,77.29094821576665,80.81697189245489
synthetic_large_zoom,kitti2015,catspp|False|False,90.7618,76.15875062176326,81.2510932593395
synthetic_large_zoom,pfpascal,catspp|False|False,16.3109,47.62075732551188,49.50980504688901
synthetic_large_zoom,pfwillow,catspp|False|False,18.7222,41.03099863546848,41.50400260093469
synthetic_large_zoom,pointodyssey,catspp|False|False,34.7757,46.901589359509984,48.27106480593484
synthetic_large_zoom,spair,catspp|False|False,4.0943,36.24998802074784,34.43872036827642
synthetic_large_zoom,synthetic,catspp|False|False,39.135,26.33095921180958,23.573182003729936
synthetic_large_zoom,tss,catspp|False|False,33.0076,40.47192788144453,40.60819856369552
synthetic_random_flipping,flyingthings,catspp|False|False,43.8954,21.999500713879666,21.08321858108495
synthetic_random_flipping,kitti2012,catspp|False|False,62.5595,62.83314763945603,49.61748473084901
synthetic_random_flipping,kitti2015,catspp|False|False,72.005,61.92796957043544,47.94439799871401
synthetic_random_flipping,pfpascal,catspp|False|False,5.3233,29.149657946528407,27.04138977867485
synthetic_random_flipping,pfwillow,catspp|False|False,8.2333,22.63076078448479,23.371095057198882
synthetic_random_flipping,pointodyssey,catspp|False|False,17.1954,31.756434856957085,28.524319907293588
synthetic_random_flipping,spair,catspp|False|False,3.3223,17.235641042260216,20.672129282935373
synthetic_random_flipping,synthetic,catspp|False|False,19.2799,7.699746889633671,14.461251491871643
synthetic_random_flipping,tss,catspp|False|False,11.4546,22.736226872830443,23.14371991024548
synthetic_small_zoom,flyingthings,catspp|False|False,66.7727,37.81489123556962,40.90001302986064
synthetic_small_zoom,kitti2012,catspp|False|False,90.3601,78.04698906236018,81.92033524073439
synthetic_small_zoom,kitti2015,catspp|False|False,88.7903,76.68209339939412,82.86880633975143
synthetic_small_zoom,pfpascal,catspp|False|False,15.9431,48.037482138931935,51.059324520073325
synthetic_small_zoom,pfwillow,catspp|False|False,19.4444,41.519682032992876,42.50317711331905
synthetic_small_zoom,pointodyssey,catspp|False|False,46.4111,47.17030681157264,48.740784177367985
synthetic_small_zoom,spair,catspp|False|False,3.622,36.5617690576304,33.6537527733141
synthetic_small_zoom,synthetic,catspp|False|False,49.4854,27.359434255411706,23.879298839570517
synthetic_small_zoom,tss,catspp|False|False,33.4343,40.955930513727075,41.13266880003172
flyingthings,flyingthings,catspp|False|True,76.5009,37.75164171538616,38.485973910489484
flyingthings,kitti2012,catspp|False|True,94.1642,76.5088484749611,79.0026469351852
flyingthings,kitti2015,catspp|False|True,91.5434,75.84912614958483,78.4728856461235
flyingthings,pfpascal,catspp|False|True,16.0706,47.0689603378353,47.93516788761113
flyingthings,pfwillow,catspp|False|True,19.0444,40.28096382758458,40.44832475036491
flyingthings,pointodyssey,catspp|False|True,68.9316,45.75300784726182,46.50519799962338
flyingthings,spair,catspp|False|True,3.6918,35.734393778352256,34.87613709466865
flyingthings,synthetic,catspp|False|True,22.0954,24.472529047365626,22.897241851807458
flyingthings,tss,catspp|False|True,32.7945,39.66642733051776,39.707215859207984
imagenet2dwarp,flyingthings,catspp|False|True,60.329,40.92971749671905,44.01823296749107
imagenet2dwarp,kitti2012,catspp|False|True,72.7553,79.42532887290763,82.67122442389545
imagenet2dwarp,kitti2015,catspp|False|True,81.1634,79.85344170288138,83.82878911274466
imagenet2dwarp,pfpascal,catspp|False|True,7.8772,50.75111950732489,53.72598627117754
imagenet2dwarp,pfwillow,catspp|False|True,11.5778,43.73103348189853,44.821751319353424
imagenet2dwarp,pointodyssey,catspp|False|True,48.7736,48.154057217480855,49.659001912213085
imagenet2dwarp,spair,catspp|False|True,3.9251,38.76744666361595,36.584213708058094
imagenet2dwarp,synthetic,catspp|False|True,19.6472,27.48437544238269,24.6489113073294
imagenet2dwarp,tss,catspp|False|True,20.9901,42.90544191825141,43.32520943083231
movi_f,flyingthings,catspp|False|True,61.1514,40.12691990014342,42.21916330587437
movi_f,kitti2012,catspp|False|True,86.332,79.50766205123374,82.93520575676199
movi_f,kitti2015,catspp|False|True,83.9623,79.25475020713338,84.90659582593187
movi_f,pfpascal,catspp|False|True,8.1291,50.188835316425745,52.342363195215114
movi_f,pfwillow,catspp|False|True,11.4889,43.61756583648669,44.32587759916495
movi_f,pointodyssey,catspp|False|True,84.993,49.14230236000354,50.57359518374655
movi_f,spair,catspp|False|True,2.6465,39.61537182428923,37.526683560852454
movi_f,synthetic,catspp|False|True,15.8474,28.152869831959123,25.160819189952978
movi_f,tss,catspp|False|True,19.1092,42.898885884734426,43.036431499066396
pointodyssey,flyingthings,catspp|False|True,63.8607,39.74579420651689,40.900102051029705
pointodyssey,kitti2012,catspp|False|True,86.4889,79.09282763312572,82.62847158946431
pointodyssey,kitti2015,catspp|False|True,85.19040000000001,78.85108465054641,84.18270843457238
pointodyssey,pfpascal,catspp|False|True,11.4723,49.781718759497515,51.109031799332755
pointodyssey,pfwillow,catspp|False|True,14.47225,43.07990598297834,43.261747555280465
pointodyssey,pointodyssey,catspp|False|True,80.8951,48.79771797475122,49.955864016206824
pointodyssey,spair,catspp|False|True,3.32435,38.977316200384266,37.97428849425367
pointodyssey,synthetic,catspp|False|True,17.94525,27.236462888355963,24.505932111201336
pointodyssey,tss,catspp|False|True,26.72155,42.50934409212851,42.60189550262706
sintel,flyingthings,catspp|False|True,69.0867,41.40019716624085,45.339252879086224
sintel,kitti2012,catspp|False|True,92.0926,79.13781296294064,82.33185739426925
sintel,kitti2015,catspp|False|True,89.3623,78.75333759947056,83.92118129576595
sintel,pfpascal,catspp|False|True,15.5569,51.09244502357254,54.617160728617854
sintel,pfwillow,catspp|False|True,18.5333,43.90211191510028,45.17055095853868
sintel,pointodyssey,catspp|False|True,43.8201,47.47275696598666,48.76339171051235
sintel,spair,catspp|False|True,3.9026,39.04721033903264,36.82156815366593
sintel,synthetic,catspp|False|True,20.3562,27.514233737065545,24.065295631816188
sintel,tss,catspp|False|True,35.3243,43.20690137895929,43.63287186418122
spair,flyingthings,catspp|False|True,3.963,34.12747384145096,30.895374299347793
spair,kitti2012,catspp|False|True,11.8574,76.42052307218181,76.98754295552092
spair,kitti2015,catspp|False|True,12.2973,75.62390999886381,73.88828838457096
spair,pfpascal,catspp|False|True,3.1542,43.58228671751212,40.73236365747851
spair,pfwillow,catspp|False|True,5.5667,35.871846603973275,34.32084359730133
spair,pointodyssey,catspp|False|True,4.4014,44.03582762351292,42.860599788112275
spair,spair,catspp|False|True,2.944,29.87084816495353,30.49300852240256
spair,synthetic,catspp|False|True,4.077,18.257043081675167,20.187312157527924
spair,tss,catspp|False|True,5.6335,35.68050595286981,34.75191124583892
synthetic,flyingthings,catspp|False|True,57.0993,34.53673012606376,36.8110706424335
synthetic,kitti2012,catspp|False|True,82.5049,72.92066300507392,72.25841124819249
synthetic,kitti2015,catspp|False|True,86.8286,72.65258288292013,70.82195397889303
synthetic,pfpascal,catspp|False|True,14.3443,43.51071668829506,45.40402200655041
synthetic,pfwillow,catspp|False|True,15.1333,36.28424871141436,37.175396964309364
synthetic,pointodyssey,catspp|False|True,43.2626,41.59146713505082,41.75784565218346
synthetic,spair,catspp|False|True,4.0341,31.02267509988331,29.842362337209348
synthetic,synthetic,catspp|False|True,21.8997,20.36831076863012,20.256351392703646
synthetic,tss,catspp|False|True,29.7936,36.216025761248495,36.575054447674084
synthetic_2d_warp,flyingthings,catspp|False|True,58.9743,34.191078274298086,32.59670371353004
synthetic_2d_warp,kitti2012,catspp|False|True,77.1277,73.38226246974314,74.802807600251
synthetic_2d_warp,kitti2015,catspp|False|True,79.9745,72.94668668533411,72.90436419224491
synthetic_2d_warp,pfpascal,catspp|False|True,10.9336,42.905024294526925,41.45139318618735
synthetic_2d_warp,pfwillow,catspp|False|True,13.4667,36.19736604199743,35.58997897216169
synthetic_2d_warp,pointodyssey,catspp|False|True,65.9417,43.369323595791656,42.70157786107799
synthetic_2d_warp,spair,catspp|False|True,3.183,31.35355366350963,30.415804058992425
synthetic_2d_warp,synthetic,catspp|False|True,18.8784,20.62974651799489,21.13656431116645
synthetic_2d_warp,tss,catspp|False|True,20.0086,35.62487895193688,34.75921941765687
synthetic_large_zoom,flyingthings,catspp|False|True,72.1858,39.52677338276174,42.051933135026026
synthetic_large_zoom,kitti2012,catspp|False|True,94.8248,78.11505353910889,81.14496002660209
synthetic_large_zoom,kitti2015,catspp|False|True,93.0548,77.70657738034397,81.95517764763129
synthetic_large_zoom,pfpascal,catspp|False|True,17.9071,49.36899764814469,51.82327651889802
synthetic_large_zoom,pfwillow,catspp|False|True,19.8667,42.258411424589575,43.11152215898327
synthetic_large_zoom,pointodyssey,catspp|False|True,62.7536,47.04315485341201,48.36662896433139
synthetic_large_zoom,spair,catspp|False|True,4.1558,36.64731499199478,34.86576350016694
synthetic_large_zoom,synthetic,catspp|False|True,48.6509,26.57250772675009,23.87165133814713
synthetic_large_zoom,tss,catspp|False|True,37.3118,41.431574447985525,41.753125391686886
synthetic_random_flipping,flyingthings,catspp|False|True,50.8063,25.115133808296946,24.074791796491485
synthetic_random_flipping,kitti2012,catspp|False|True,71.5744,63.216208663961254,50.13842737539718
synthetic_random_flipping,kitti2015,catspp|False|True,78.5201,63.189846960436185,49.20959825594195
synthetic_random_flipping,pfpascal,catspp|False|True,6.5354,31.686305625836305,29.458186745810725
synthetic_random_flipping,pfwillow,catspp|False|True,8.9444,24.354054411806146,25.015613979257694
synthetic_random_flipping,pointodyssey,catspp|False|True,17.5356,31.964427239097105,28.573513315533535
synthetic_random_flipping,spair,catspp|False|True,3.4986,17.99071355800647,21.154343765484874
synthetic_random_flipping,synthetic,catspp|False|True,21.8158,7.9536955698794145,14.661583612752297
synthetic_random_flipping,tss,catspp|False|True,15.3875,24.148108231219915,24.422317499662377
synthetic_small_zoom,flyingthings,catspp|False|True,70.0137,40.85099745328133,44.23270546342878
synthetic_small_zoom,kitti2012,catspp|False|True,91.7972,78.77273684686486,82.31288413239344
synthetic_small_zoom,kitti2015,catspp|False|True,88.9381,78.36200806101161,83.85989789846319
synthetic_small_zoom,pfpascal,catspp|False|True,18.9586,50.6581606072108,53.84648117291551
synthetic_small_zoom,pfwillow,catspp|False|True,20.5333,43.23276023835255,44.35020651505355
synthetic_small_zoom,pointodyssey,catspp|False|True,39.8187,47.12745699546075,48.594859280274555
synthetic_small_zoom,spair,catspp|False|True,3.8854,37.10425215614871,34.34112539759841
synthetic_small_zoom,synthetic,catspp|False|True,50.3084,27.237475423199975,24.001744624083813
synthetic_small_zoom,tss,catspp|False|True,38.3962,42.263056767828736,42.51321810394666
flyingthings,flyingthings,catspp|True|False,85.2977,54.70195979417058,54.26562828259731
flyingthings,kitti2012,catspp|True|False,98.098,90.97360256374719,91.28090551006859
flyingthings,kitti2015,catspp|True|False,96.7896,92.08409747611238,92.59771503748439
flyingthings,pfpascal,catspp|True|False,48.3555,63.40246242399819,63.36616401247683
flyingthings,pfwillow,catspp|True|False,51.4778,60.211177755447984,60.1246401360091
flyingthings,pointodyssey,catspp|True|False,64.7289,69.36635092008326,69.90548459844076
flyingthings,spair,catspp|True|False,19.9484,58.27725652404224,57.521284052284955
flyingthings,synthetic,catspp|True|False,38.1694,45.810310053165885,45.438291724214494
flyingthings,tss,catspp|True|False,66.7564,58.92073840549673,58.894277620953716
imagenet2dwarp,flyingthings,catspp|True|False,78.9297,56.4539717892504,57.421846815147326
imagenet2dwarp,kitti2012,catspp|True|False,92.9336,91.67417907553205,92.22187649399685
imagenet2dwarp,kitti2015,catspp|True|False,92.1125,92.81402624275411,93.64556734527434
imagenet2dwarp,pfpascal,catspp|True|False,34.5998,65.0226686111152,66.20784386128034
imagenet2dwarp,pfwillow,catspp|True|False,40.8778,61.63012011790037,62.157161209716875
imagenet2dwarp,pointodyssey,catspp|True|False,36.487,69.75257057800738,70.63915567514317
imagenet2dwarp,spair,catspp|True|False,16.6978,59.01720077462443,57.15938328528866
imagenet2dwarp,synthetic,catspp|True|False,37.1935,46.88005440837049,46.03454074887121
imagenet2dwarp,tss,catspp|True|False,58.4608,60.09699626490405,60.20705307846335
movi_f,flyingthings,catspp|True|False,77.7052,54.262034393617256,56.488856426700735
movi_f,kitti2012,catspp|True|False,94.5198,91.38473905536586,92.15656506149976
movi_f,kitti2015,catspp|True|False,94.1351,92.66727248107014,93.75089245393488
movi_f,pfpascal,catspp|True|False,34.8945,63.24542084844266,65.27775104236926
movi_f,pfwillow,catspp|True|False,38.0889,60.564162148426924,61.47422331018938
movi_f,pointodyssey,catspp|True|False,95.4377,69.59291303810079,70.25033520215787
movi_f,spair,catspp|True|False,14.7345,59.16747546700542,56.899193921419474
movi_f,synthetic,catspp|True|False,33.1069,47.09784000210011,45.8476115485532
movi_f,tss,catspp|True|False,58.5563,59.54333924678846,59.64045971926535
pointodyssey,flyingthings,catspp|True|False,79.6231,54.44001828758174,56.38161619386267
pointodyssey,kitti2012,catspp|True|False,96.6249,90.90434816183532,91.91425762740833
pointodyssey,kitti2015,catspp|True|False,95.30515,92.03287669207297,93.17551370823202
pointodyssey,pfpascal,catspp|True|False,42.4378,63.45229840050768,65.25932300417405
pointodyssey,pfwillow,catspp|True|False,44.75,60.35844815888895,61.154148399580386
pointodyssey,pointodyssey,catspp|True|False,72.7112,68.84275830798941,69.51404509598203
pointodyssey,spair,catspp|True|False,20.8771,58.40453213375854,56.68990849841878
pointodyssey,synthetic,catspp|True|False,40.1523,46.0776730252747,44.71681070746381
pointodyssey,tss,catspp|True|False,62.2398,59.04485737653964,59.234745933491
sintel,flyingthings,catspp|True|False,82.138,55.039523579129714,58.92320243396249
sintel,kitti2012,catspp|True|False,98.205,90.97706176127834,91.97769800957917
sintel,kitti2015,catspp|True|False,96.8068,92.08368900704947,93.18530015045482
sintel,pfpascal,catspp|True|False,48.9548,63.99079358929885,67.29593237871615
sintel,pfwillow,catspp|True|False,50.7444,60.73527623391901,62.290023196631054
sintel,pointodyssey,catspp|True|False,58.6808,67.92792549949436,68.68076629222953
sintel,spair,catspp|True|False,22.5826,58.41556003783854,55.86685891894208
sintel,synthetic,catspp|True|False,40.9952,46.20082855294632,44.42284009515108
sintel,tss,catspp|True|False,65.8113,59.238545483418505,59.621081387273115
spair,flyingthings,catspp|True|False,63.3569,56.92744012729822,54.72903993129203
spair,kitti2012,catspp|True|False,83.7234,93.63112260966503,92.11949768723129
spair,kitti2015,catspp|True|False,85.7568,94.99453292536973,93.48494412996585
spair,pfpascal,catspp|True|False,38.806,66.12518462526121,63.77045629543355
spair,pfwillow,catspp|True|False,44.0889,62.83661982001669,61.71680767221178
spair,pointodyssey,catspp|True|False,54.5198,72.75908636361044,71.58259071319354
spair,spair,catspp|True|False,27.8596,60.31943639644238,65.00072194304448
spair,synthetic,catspp|True|False,34.9252,45.86572675226552,47.00410814254282
spair,tss,catspp|True|False,60.1788,61.2785143253794,61.445172919905275
synthetic,flyingthings,catspp|True|False,83.7548,55.089215184993705,54.08271752769271
synthetic,kitti2012,catspp|True|False,98.3518,91.3039483600676,90.45750957082257
synthetic,kitti2015,catspp|True|False,97.4319,92.3945641711699,91.51129428609659
synthetic,pfpascal,catspp|True|False,49.2406,63.58468856985973,63.109986984630936
synthetic,pfwillow,catspp|True|False,51.6333,60.235861976949764,60.094277704351086
synthetic,pointodyssey,catspp|True|False,58.2916,69.83418643221188,70.28174621339478
synthetic,spair,catspp|True|False,22.4135,57.56383008981811,56.686731405905924
synthetic,synthetic,catspp|True|False,53.8161,46.02647491102824,46.432599084322696
synthetic,tss,catspp|True|False,66.0565,58.89625246645963,58.82097743739689
synthetic_2d_warp,flyingthings,catspp|True|False,82.2203,56.40866535121223,55.75656715030526
synthetic_2d_warp,kitti2012,catspp|True|False,95.9663,92.48328409013286,91.64800188292007
synthetic_2d_warp,kitti2015,catspp|True|False,95.364,93.61502819547025,92.8299324984023
synthetic_2d_warp,pfpascal,catspp|True|False,49.2846,64.96041991160214,64.55390543795757
synthetic_2d_warp,pfwillow,catspp|True|False,52.3889,61.63304963776256,61.44835748470033
synthetic_2d_warp,pointodyssey,catspp|True|False,53.0839,70.75020460273655,70.84907303486233
synthetic_2d_warp,spair,catspp|True|False,22.7753,59.19458805409422,59.61052066143571
synthetic_2d_warp,synthetic,catspp|True|False,44.6253,46.61158272894034,46.60422330309147
synthetic_2d_warp,tss,catspp|True|False,65.697,60.250161927535494,60.35060089350533
synthetic_large_zoom,flyingthings,catspp|True|False,81.8483,55.37888682338193,56.82133710182904
synthetic_large_zoom,kitti2012,catspp|True|False,98.7949,90.9208900078076,91.62597389107754
synthetic_large_zoom,kitti2015,catspp|True|False,98.0919,92.07306737027376,93.04013551180161
synthetic_large_zoom,pfpascal,catspp|True|False,47.5495,64.21735119878336,65.65980244990642
synthetic_large_zoom,pfwillow,catspp|True|False,51.4222,60.69479260167396,61.32254043334428
synthetic_large_zoom,pointodyssey,catspp|True|False,45.1112,68.7656052862359,69.46043337729034
synthetic_large_zoom,spair,catspp|True|False,20.9922,57.261087536257754,55.52634122387087
synthetic_large_zoom,synthetic,catspp|True|False,63.3596,46.096695182805185,45.13594824620005
synthetic_large_zoom,tss,catspp|True|False,67.8898,59.01678499686714,59.12864184854002
synthetic_random_flipping,flyingthings,catspp|True|False,83.2946,53.84661806125952,53.38695842344909
synthetic_random_flipping,kitti2012,catspp|True|False,97.9034,89.50314971050354,87.62269415163449
synthetic_random_flipping,kitti2015,catspp|True|False,97.1466,90.47241142070574,87.79073817136954
synthetic_random_flipping,pfpascal,catspp|True|False,39.4059,61.98608605031788,61.03806646953492
synthetic_random_flipping,pfwillow,catspp|True|False,40.1667,58.2737967962092,58.166088514253076
synthetic_random_flipping,pointodyssey,catspp|True|False,48.4592,67.74169443528403,66.2617744458361
synthetic_random_flipping,spair,catspp|True|False,23.9303,53.55270751202041,53.471338334828914
synthetic_random_flipping,synthetic,catspp|True|False,84.9434,43.674921962105486,45.727232584018275
synthetic_random_flipping,tss,catspp|True|False,67.4824,56.647442051452636,56.13539349488095
synthetic_small_zoom,flyingthings,catspp|True|False,81.3255,55.696509952007936,59.271974688953726
synthetic_small_zoom,kitti2012,catspp|True|False,98.6145,91.13848288330493,92.00559941962848
synthetic_small_zoom,kitti2015,catspp|True|False,97.692,92.26973857506515,93.28427351822779
synthetic_small_zoom,pfpascal,catspp|True|False,46.1154,64.54583092176078,67.66849980640231
synthetic_small_zoom,pfwillow,catspp|True|False,48.7889,61.086729234393914,62.58309787099795
synthetic_small_zoom,pointodyssey,catspp|True|False,45.3383,68.27944710926128,69.11874149942227
synthetic_small_zoom,spair,catspp|True|False,20.7809,57.675447152130545,54.85824051001773
synthetic_small_zoom,synthetic,catspp|True|False,61.0298,46.63234848140213,45.0114648387184
synthetic_small_zoom,tss,catspp|True|False,64.8435,59.351977154560586,59.66449595366617
flyingthings,flyingthings,catspp|True|True,85.2894,55.92819274671275,55.67730167066633
flyingthings,kitti2012,catspp|True|True,97.709,91.11989953326369,91.3429360473962
flyingthings,kitti2015,catspp|True|True,95.7013,92.31987704870868,92.69731339903328
flyingthings,pfpascal,catspp|True|True,50.7447,64.28008304254536,64.3617813254514
flyingthings,pfwillow,catspp|True|True,53.4,61.114757412729986,61.11793162023985
flyingthings,pointodyssey,catspp|True|True,59.3461,70.25459950942577,70.70642794249731
flyingthings,spair,catspp|True|True,19.8812,58.41586210321923,57.550530190445514
flyingthings,synthetic,catspp|True|True,38.2449,47.05974716648483,46.55171319104959
flyingthings,tss,catspp|True|True,66.7002,59.822936498307435,59.79267455963518
imagenet2dwarp,flyingthings,catspp|True|True,79.9519,56.93704100492077,57.79306791664823
imagenet2dwarp,kitti2012,catspp|True|True,93.6996,91.56118791564904,91.9052692015293
imagenet2dwarp,kitti2015,catspp|True|True,93.2336,92.89213818855153,93.45109481020484
imagenet2dwarp,pfpascal,catspp|True|True,45.3169,65.29184867660258,66.35862786623949
imagenet2dwarp,pfwillow,catspp|True|True,48.9333,61.91630806516837,62.41772227643167
imagenet2dwarp,pointodyssey,catspp|True|True,41.4359,70.41561393468905,71.16717514882933
imagenet2dwarp,spair,catspp|True|True,23.1718,58.808881449167146,57.00561367238191
imagenet2dwarp,synthetic,catspp|True|True,39.7476,47.554567612641954,46.65331329934166
imagenet2dwarp,tss,catspp|True|True,63.5068,60.51978760632651,60.607201200301226
movi_f,flyingthings,catspp|True|True,77.9071,54.9618051482975,58.31786659208429
movi_f,kitti2012,catspp|True|True,95.7835,91.10661467349783,92.20323823601802
movi_f,kitti2015,catspp|True|True,94.8194,92.48665033670925,93.74283905301621
movi_f,pfpascal,catspp|True|True,38.85,63.9067864274352,66.76634477973309
movi_f,pfwillow,catspp|True|True,38.0222,61.19925534043454,62.48907044876776
movi_f,pointodyssey,catspp|True|True,95.8171,69.87960192570198,70.47668979159107
movi_f,spair,catspp|True|True,18.34,58.95547937835364,56.90121709715079
movi_f,synthetic,catspp|True|True,39.2118,47.88885419079462,45.9080045847065
movi_f,tss,catspp|True|True,55.6517,60.102095699135525,60.45059528056454
pointodyssey,flyingthings,catspp|True|True,79.22595,55.64921496105504,58.8519199146802
pointodyssey,kitti2012,catspp|True|True,96.1437,91.12200485405052,92.28565023049308
pointodyssey,kitti2015,catspp|True|True,95.0862,92.44289439716287,93.70917694826241
pointodyssey,pfpascal,catspp|True|True,45.84245,64.52900851414459,67.21092343872004
pointodyssey,pfwillow,catspp|True|True,47.911100000000005,61.51109228046397,62.6480539208687
pointodyssey,pointodyssey,catspp|True|True,71.0583,69.47071488561843,69.9823408885499
pointodyssey,spair,catspp|True|True,22.5766,58.84033912027057,57.53506218971825
pointodyssey,synthetic,catspp|True|True,39.8872,47.21212924563704,45.138817550660654
pointodyssey,tss,catspp|True|True,62.9798,60.210176065605616,60.63976980844899
sintel,flyingthings,catspp|True|True,82.249,55.54922680045317,59.64904186738544
sintel,kitti2012,catspp|True|True,98.1215,90.94036953855158,92.06285628295042
sintel,kitti2015,catspp|True|True,96.3826,92.19921913434138,93.3625572878377
sintel,pfpascal,catspp|True|True,45.1843,64.282690724222,67.62359293359125
sintel,pfwillow,catspp|True|True,49.6444,61.41045673022397,62.86701240010525
sintel,pointodyssey,catspp|True|True,73.2754,68.91275227802886,69.38003977722742
sintel,spair,catspp|True|True,17.4154,58.61224753232068,56.698562063827325
sintel,synthetic,catspp|True|True,39.1069,47.44125489771026,45.40243307906697
sintel,tss,catspp|True|True,64.5396,60.091782457001635,60.502530502133084
spair,flyingthings,catspp|True|True,68.3472,56.66588816586465,53.77396506890568
spair,kitti2012,catspp|True|True,84.0079,92.15558087048147,91.20857213881749
spair,kitti2015,catspp|True|True,85.1192,93.57377717373038,92.56919000194132
spair,pfpascal,catspp|True|True,40.9858,65.45355883986707,62.679037365385305
spair,pfwillow,catspp|True|True,45.7111,62.097864640061196,60.86036111443999
spair,pointodyssey,catspp|True|True,45.8507,72.24759853414875,71.27287854726511
spair,spair,catspp|True|True,27.9373,58.31291720139663,61.47707429186341
spair,synthetic,catspp|True|True,41.0818,45.99938940495681,47.882873610416055
spair,tss,catspp|True|True,60.5773,60.31382234169771,60.06298752262422
synthetic,flyingthings,catspp|True|True,82.2555,56.40798909907415,54.215807131401014
synthetic,kitti2012,catspp|True|True,97.2492,91.42631203270692,90.41199812714022
synthetic,kitti2015,catspp|True|True,96.1149,92.6477843618082,91.61514679996586
synthetic,pfpascal,catspp|True|True,50.2518,64.35341706825865,62.96405105610042
synthetic,pfwillow,catspp|True|True,52.2222,61.077877178352004,60.5337451620377
synthetic,pointodyssey,catspp|True|True,51.1702,71.2954834643361,71.61354064724414
synthetic,spair,catspp|True|True,23.9909,57.85837753120336,56.69929960993034
synthetic,synthetic,catspp|True|True,48.52,47.27719463622018,48.06117297930967
synthetic,tss,catspp|True|True,65.6689,59.84692266730239,59.44418221721577
synthetic_2d_warp,flyingthings,catspp|True|True,81.6201,55.89082942917693,53.808905802542945
synthetic_2d_warp,kitti2012,catspp|True|True,96.3689,90.9865340609621,90.51267538016822
synthetic_2d_warp,kitti2015,catspp|True|True,95.7853,92.2868277373592,91.97852074604444
synthetic_2d_warp,pfpascal,catspp|True|True,55.8613,64.24542592908576,62.79016388648307
synthetic_2d_warp,pfwillow,catspp|True|True,57.2889,60.90567342521809,60.19160733003065
synthetic_2d_warp,pointodyssey,catspp|True|True,50.3469,70.71118013126365,70.87634211426513
synthetic_2d_warp,spair,catspp|True|True,25.8691,57.73682534783346,57.77775875113415
synthetic_2d_warp,synthetic,catspp|True|True,43.3481,46.3790887989902,47.085575125019986
synthetic_2d_warp,tss,catspp|True|True,67.8214,59.52496152170676,59.25790752679575
synthetic_large_zoom,flyingthings,catspp|True|True,82.1343,56.03120333018292,57.7803479502876
synthetic_large_zoom,kitti2012,catspp|True|True,98.6413,90.92027828854476,91.59581192181196
synthetic_large_zoom,kitti2015,catspp|True|True,97.7369,92.21757416589233,93.04964599057443
synthetic_large_zoom,pfpascal,catspp|True|True,50.0421,64.64702932848401,66.27385558107589
synthetic_large_zoom,pfwillow,catspp|True|True,54.3556,61.28709121500426,62.00870068373688
synthetic_large_zoom,pointodyssey,catspp|True|True,52.1959,69.55216225991232,70.11147065388204
synthetic_large_zoom,spair,catspp|True|True,21.5433,57.44715431286201,55.87581313518931
synthetic_large_zoom,synthetic,catspp|True|True,61.0204,47.144262590988,45.929414870747586
synthetic_large_zoom,tss,catspp|True|True,68.6688,59.729417830570945,59.90258846844925
synthetic_random_flipping,flyingthings,catspp|True|True,80.7323,54.04516735988414,51.70385270602079
synthetic_random_flipping,kitti2012,catspp|True|True,95.9432,88.97582947350956,86.96562994060764
synthetic_random_flipping,kitti2015,catspp|True|True,95.5148,90.17475913099918,87.64369514447164
synthetic_random_flipping,pfpascal,catspp|True|True,38.0521,62.12897557373888,59.880863006628104
synthetic_random_flipping,pfwillow,catspp|True|True,40.1,58.54475660972141,57.734792197292975
synthetic_random_flipping,pointodyssey,catspp|True|True,48.5201,68.96044826843442,67.8472323324044
synthetic_random_flipping,spair,catspp|True|True,25.8495,53.72238834234778,54.5518254131001
synthetic_random_flipping,synthetic,catspp|True|True,70.9568,44.033905943243404,46.69910978989939
synthetic_random_flipping,tss,catspp|True|True,68.1239,57.09842714566859,56.575317144698545
synthetic_small_zoom,flyingthings,catspp|True|True,81.1893,56.502542815351816,60.912791980619815
synthetic_small_zoom,kitti2012,catspp|True|True,98.7183,91.03509715324034,92.1016371237061
synthetic_small_zoom,kitti2015,catspp|True|True,97.817,92.335289072132,93.48896205631827
synthetic_small_zoom,pfpascal,catspp|True|True,47.1207,65.22272961326262,68.91204059143192
synthetic_small_zoom,pfwillow,catspp|True|True,48.6889,61.85338660379566,63.540718884418354
synthetic_small_zoom,pointodyssey,catspp|True|True,47.995,68.8580667843849,69.54545505676751
synthetic_small_zoom,spair,catspp|True|True,20.6206,57.81969723442698,55.4155633985709
synthetic_small_zoom,synthetic,catspp|True|True,60.9373,47.61608788649308,45.430071188641534
synthetic_small_zoom,tss,catspp|True|True,65.1306,60.22406105413944,60.71548758466183
flyingthings,flyingthings,glunet|False|False,79.5401,50.631023906746,51.57103975673729
flyingthings,kitti2012,glunet|False|False,97.2233,80.8477875193523,83.7544089935819
flyingthings,kitti2015,glunet|False|False,93.9097,84.650734168954,87.62264700479503
flyingthings,pfpascal,glunet|False|False,11.2521,58.223873908856234,59.39267660788473
flyingthings,pfwillow,glunet|False|False,16.2466,47.79099647601227,48.04886192454082
flyingthings,pointodyssey,glunet|False|False,93.9512,46.72044458836476,47.767703221271866
flyingthings,spair,glunet|False|False,2.6105,34.14202247892416,32.72959923951876
flyingthings,synthetic,glunet|False|False,15.5289,25.83387637140093,24.16050182537398
flyingthings,tss,glunet|False|False,26.1161,44.14718062380162,44.21165415021293
imagenet2dwarp,flyingthings,glunet|False|False,54.827,52.923905866030836,54.750799041509076
imagenet2dwarp,kitti2012,glunet|False|False,83.4869,83.3334623875227,86.08346195384871
imagenet2dwarp,kitti2015,glunet|False|False,85.4709,87.7349435064664,91.32686185125176
imagenet2dwarp,pfpascal,glunet|False|False,6.0177,61.254793037335816,63.48830060771373
imagenet2dwarp,pfwillow,glunet|False|False,10.8778,50.72036488151844,51.65133058296922
imagenet2dwarp,pointodyssey,glunet|False|False,82.9373,49.692901634388505,51.823324878541555
imagenet2dwarp,spair,glunet|False|False,2.6759,37.077170836378734,34.7543964034595
imagenet2dwarp,synthetic,glunet|False|False,9.7372,28.60501504033721,26.479211774463742
imagenet2dwarp,tss,glunet|False|False,14.8312,46.83456270782888,47.26039754523618
movi_f,flyingthings,glunet|False|False,41.9398,53.731849988788,55.25001547016044
movi_f,kitti2012,glunet|False|False,83.278,84.39687523631184,86.71046633500637
movi_f,kitti2015,glunet|False|False,71.5137,87.7998948168908,92.48517187867039
movi_f,pfpascal,glunet|False|False,12.3182,61.81500806522599,63.618338214098884
movi_f,pfwillow,glunet|False|False,13.8,51.07008817807378,52.06700037285962
movi_f,pointodyssey,glunet|False|False,66.6921,50.23513805764489,51.91848880965392
movi_f,spair,glunet|False|False,1.9627,37.41399044879239,33.76899325666449
movi_f,synthetic,glunet|False|False,6.5898,29.0116287810188,26.80608757729843
movi_f,tss,glunet|False|False,17.947,47.067120629098596,46.886816696147136
pointodyssey,flyingthings,glunet|False|False,71.1769,49.22454799743457,49.26766068533663
pointodyssey,kitti2012,glunet|False|False,95.5502,79.75440259950224,83.03637309436792
pointodyssey,kitti2015,glunet|False|False,86.2536,83.286979173368,88.28624239098637
pointodyssey,pfpascal,glunet|False|False,18.1731,56.43755007164592,56.63533450151558
pointodyssey,pfwillow,glunet|False|False,19.8741,45.87934343151055,45.61976847593556
pointodyssey,pointodyssey,glunet|False|False,94.4359,45.63620646760539,45.78272445659809
pointodyssey,spair,glunet|False|False,3.2579,32.53796420107599,29.38600922736501
pointodyssey,synthetic,glunet|False|False,14.6555,24.460797463444415,22.64721601088891
pointodyssey,tss,glunet|False|False,41.4764,42.764095749217915,41.74800501987397
sintel,flyingthings,glunet|False|False,64.4604,51.4128877194999,52.37231786531436
sintel,kitti2012,glunet|False|False,96.5983,81.17965638529898,82.48230603260244
sintel,kitti2015,glunet|False|False,90.0772,85.10560512523804,89.07852142866409
sintel,pfpascal,glunet|False|False,10.3086,58.67516577521121,59.78387718010865
sintel,pfwillow,glunet|False|False,14.7707,48.318371902762365,49.01870262043432
sintel,pointodyssey,glunet|False|False,85.9719,47.67412430780814,48.635762607502095
sintel,spair,glunet|False|False,2.3266,34.893761145060836,31.65252998986504
sintel,synthetic,glunet|False|False,10.5186,26.762431396755836,25.061823957503012
sintel,tss,glunet|False|False,23.8706,44.48650646528539,44.061007636641314
spair,flyingthings,glunet|False|False,4.0965,54.25246142217818,54.550187152951004
spair,kitti2012,glunet|False|False,12.4578,87.7739451819111,87.92920462699603
spair,kitti2015,glunet|False|False,13.6098,91.83383914709036,91.29423146536583
spair,pfpascal,glunet|False|False,4.4643,63.176008134181544,63.2245336341675
spair,pfwillow,glunet|False|False,5.6222,51.17908885706812,50.99324784315308
spair,pointodyssey,glunet|False|False,8.5059,50.664611128918835,50.48283998381502
spair,spair,glunet|False|False,3.0334,35.75954720437025,38.99182138447042
spair,synthetic,glunet|False|False,3.8373,25.498254952382382,25.271634394335553
spair,tss,glunet|False|False,5.711,47.4797287461005,48.24264284715042
synthetic,flyingthings,glunet|False|False,69.5375,48.57807589145638,49.5371030489102
synthetic,kitti2012,glunet|False|False,96.3978,79.77266021623082,80.14983277468235
synthetic,kitti2015,glunet|False|False,93.5085,83.48578605616642,83.13818773515287
synthetic,pfpascal,glunet|False|False,13.9864,57.01307110077042,58.28008350022638
synthetic,pfwillow,glunet|False|False,19.4667,46.011574962556004,46.2110024589833
synthetic,pointodyssey,glunet|False|False,92.0672,45.44873642504364,46.72692964044383
synthetic,spair,glunet|False|False,3.6526,31.921640614568087,33.656218715751166
synthetic,synthetic,glunet|False|False,27.0582,23.443961554770407,22.94656278328444
synthetic,tss,glunet|False|False,36.1641,42.975787153731865,44.1774169320743
synthetic_2d_warp,flyingthings,glunet|False|False,71.3364,50.62237400382322,51.276691479032515
synthetic_2d_warp,kitti2012,glunet|False|False,93.4764,81.55985878655312,81.93778241654238
synthetic_2d_warp,kitti2015,glunet|False|False,89.7925,85.16479139693335,84.57607930518604
synthetic_2d_warp,pfpascal,glunet|False|False,8.3855,58.45500980098982,59.08250802630874
synthetic_2d_warp,pfwillow,glunet|False|False,16.7914,47.84485752315659,48.26829672398686
synthetic_2d_warp,pointodyssey,glunet|False|False,92.1122,47.28476137088633,47.852175437096776
synthetic_2d_warp,spair,glunet|False|False,2.6434,33.7453835172184,35.202507022621994
synthetic_2d_warp,synthetic,glunet|False|False,23.9947,25.190471763334703,24.70985587959872
synthetic_2d_warp,tss,glunet|False|False,23.6203,43.977528988965105,44.72585861140492
synthetic_large_zoom,flyingthings,glunet|False|False,62.2616,51.867380006866874,53.38595698454026
synthetic_large_zoom,kitti2012,glunet|False|False,97.9959,81.9392841773926,84.26383535025916
synthetic_large_zoom,kitti2015,glunet|False|False,93.9536,85.87113437150028,89.5654403224047
synthetic_large_zoom,pfpascal,glunet|False|False,16.1068,59.8559882962955,61.665653931092216
synthetic_large_zoom,pfwillow,glunet|False|False,18.3917,49.20398832090261,50.07784032550924
synthetic_large_zoom,pointodyssey,glunet|False|False,85.5722,48.32916768035916,50.00093536519677
synthetic_large_zoom,spair,glunet|False|False,3.0531,35.56150764218435,32.81188382143964
synthetic_large_zoom,synthetic,glunet|False|False,18.5281,27.496374028269305,25.530415996109273
synthetic_large_zoom,tss,glunet|False|False,32.7962,45.478554600624584,45.55458741506454
synthetic_random_flipping,flyingthings,glunet|False|False,63.9418,36.792101327569526,33.938130101757096
synthetic_random_flipping,kitti2012,glunet|False|False,95.0148,68.40214755616202,55.2570390443626
synthetic_random_flipping,kitti2015,glunet|False|False,90.6756,71.75443671037858,56.561053040554846
synthetic_random_flipping,pfpascal,glunet|False|False,8.1688,42.46996264738996,38.98535468383015
synthetic_random_flipping,pfwillow,glunet|False|False,13.3667,31.77522235440497,31.737080480815777
synthetic_random_flipping,pointodyssey,glunet|False|False,88.4868,34.46146453485682,31.645004191318687
synthetic_random_flipping,spair,glunet|False|False,3.3198,16.74262549895635,23.186808288529093
synthetic_random_flipping,synthetic,glunet|False|False,33.5541,9.332686267038579,16.555405237097478
synthetic_random_flipping,tss,glunet|False|False,26.1956,28.774369105592456,29.733691767625654
synthetic_small_zoom,flyingthings,glunet|False|False,64.6211,50.421060987224436,51.35394441645309
synthetic_small_zoom,kitti2012,glunet|False|False,98.5049,80.2366551445481,81.97058464838375
synthetic_small_zoom,kitti2015,glunet|False|False,95.5117,84.46534484238788,88.83914454284
synthetic_small_zoom,pfpascal,glunet|False|False,20.2654,58.02689645094877,59.17731211852098
synthetic_small_zoom,pfwillow,glunet|False|False,21.063,47.36423771355574,47.89369069861482
synthetic_small_zoom,pointodyssey,glunet|False|False,87.5416,46.80934818307694,47.86134853158486
synthetic_small_zoom,spair,glunet|False|False,3.0311,33.90492948225211,30.763840334790174
synthetic_small_zoom,synthetic,glunet|False|False,16.7571,25.90648976234478,24.18824368176203
synthetic_small_zoom,tss,glunet|False|False,39.6402,43.915861641424854,43.51882893318674
flyingthings,flyingthings,glunet|False|True,72.9905,46.813953082889206,47.65260190564422
flyingthings,kitti2012,glunet|False|True,94.0515,77.20600123114859,79.77046088704518
flyingthings,kitti2015,glunet|False|True,89.0545,81.12771034276338,84.2045132608244
flyingthings,pfpascal,glunet|False|True,14.9872,53.407479393145145,54.42670553254398
flyingthings,pfwillow,glunet|False|True,18.3398,43.602989385542344,43.824009962699435
flyingthings,pointodyssey,glunet|False|True,91.9442,42.549829447046264,43.43455822135811
flyingthings,spair,glunet|False|True,2.7028,29.56455925121011,28.21527821607979
flyingthings,synthetic,glunet|False|True,15.7001,23.22861782324176,21.565324116947444
flyingthings,tss,glunet|False|True,32.7723,40.006093963385986,39.99783278779842
imagenet2dwarp,flyingthings,glunet|False|True,48.8918,49.76022479523974,51.73201373117573
imagenet2dwarp,kitti2012,glunet|False|True,82.5947,80.21694145703071,82.36491786360783
imagenet2dwarp,kitti2015,glunet|False|True,80.8596,84.55095969323114,87.96544204352351
imagenet2dwarp,pfpascal,glunet|False|True,6.6055,57.18681657160562,59.53648802995876
imagenet2dwarp,pfwillow,glunet|False|True,10.5889,47.280026459728205,48.27373061005152
imagenet2dwarp,pointodyssey,glunet|False|True,78.5324,46.0192180288413,48.1908974483961
imagenet2dwarp,spair,glunet|False|True,2.6273,33.17177934753433,31.448023543112285
imagenet2dwarp,synthetic,glunet|False|True,9.3907,26.533218462811387,24.325416486290525
imagenet2dwarp,tss,glunet|False|True,14.6164,43.332736530844166,43.98863194247899
movi_f,flyingthings,glunet|False|True,43.0123,50.35661710653047,52.143580133247596
movi_f,kitti2012,glunet|False|True,83.3858,80.94924636826802,83.1943195596423
movi_f,kitti2015,glunet|False|True,72.591,84.73515501125715,89.92666308837079
movi_f,pfpascal,glunet|False|True,12.2101,57.802430957274915,60.035823672955075
movi_f,pfwillow,glunet|False|True,14.6333,47.713256058352556,48.54176758551005
movi_f,pointodyssey,glunet|False|True,68.033,46.375914641320556,48.5358590797455
movi_f,spair,glunet|False|True,2.0144,33.623542020516595,31.168935885844178
movi_f,synthetic,glunet|False|True,6.8448,26.925060049818548,24.33057490661178
movi_f,tss,glunet|False|True,18.6283,43.85692732927931,44.21311098003028
pointodyssey,flyingthings,glunet|False|True,67.784,46.85735603303904,47.22860522076783
pointodyssey,kitti2012,glunet|False|True,91.6607,77.13875579931035,79.97235956952818
pointodyssey,kitti2015,glunet|False|True,83.9377,81.21088042542462,86.9807012856906
pointodyssey,pfpascal,glunet|False|True,15.9056,53.37563156987926,53.98422430369244
pointodyssey,pfwillow,glunet|False|True,18.0556,43.51741700300788,43.29977549262577
pointodyssey,pointodyssey,glunet|False|True,91.0918,42.738325259834276,43.3206938869399
pointodyssey,spair,glunet|False|True,2.6984,29.640843064444287,27.36555880381282
pointodyssey,synthetic,glunet|False|True,13.3788,23.320577212731163,21.136569883793427
pointodyssey,tss,glunet|False|True,33.6273,40.18673287958714,39.62513884436753
sintel,flyingthings,glunet|False|True,61.0606,48.495652850057624,49.748220316870324
sintel,kitti2012,glunet|False|True,94.6197,78.61243907744233,80.25722116558796
sintel,kitti2015,glunet|False|True,84.862,82.4916230023485,87.03856306246362
sintel,pfpascal,glunet|False|True,12.3527,55.288577706217104,56.854694702538104
sintel,pfwillow,glunet|False|True,15.0111,45.48074594797554,46.08355541304407
sintel,pointodyssey,glunet|False|True,84.5038,44.36647094016463,45.85189692339752
sintel,spair,glunet|False|True,2.4731,31.576025788049947,29.335369403845814
sintel,synthetic,glunet|False|True,10.7744,25.16846670788292,23.025279927344084
sintel,tss,glunet|False|True,22.0866,41.68548951866737,41.77295931081405
spair,flyingthings,glunet|False|True,3.3265,47.98771284763063,47.84838975263924
spair,kitti2012,glunet|False|True,11.0648,80.90806908246783,82.25880620551838
spair,kitti2015,glunet|False|True,14.6026,85.00443741360262,83.44501327672012
spair,pfpascal,glunet|False|True,3.5234,55.09229139738947,54.655128825666395
spair,pfwillow,glunet|False|True,5.0111,44.07923528878096,43.72150320441596
spair,pointodyssey,glunet|False|True,5.4396,43.57766426090756,42.81327576604248
spair,spair,glunet|False|True,2.6825,27.92590239497334,29.13405382455199
spair,synthetic,glunet|False|True,3.9451,20.65354340149698,21.027129945377194
spair,tss,glunet|False|True,5.6742,40.31304537285451,40.227972557438896
synthetic,flyingthings,glunet|False|True,56.1849,45.57943092576554,45.748796791518224
synthetic,kitti2012,glunet|False|True,84.216,75.8089289643865,76.75902882385704
synthetic,kitti2015,glunet|False|True,86.9497,80.16784969471982,80.19155567334711
synthetic,pfpascal,glunet|False|True,13.1695,52.14266972833697,52.37118207678513
synthetic,pfwillow,glunet|False|True,14.6222,42.05692724756986,42.207427882607554
synthetic,pointodyssey,glunet|False|True,80.199,41.74630154657245,41.97242606008202
synthetic,spair,glunet|False|True,2.9367,27.704321500224516,27.406126111492085
synthetic,synthetic,glunet|False|True,16.1312,21.367183124871488,20.977253142680667
synthetic,tss,glunet|False|True,27.3178,38.54958587918549,38.609086314224356
synthetic_2d_warp,flyingthings,glunet|False|True,56.8539,45.10942903447832,45.36806902659579
synthetic_2d_warp,kitti2012,glunet|False|True,91.3276,75.74493522541654,76.54213446055705
synthetic_2d_warp,kitti2015,glunet|False|True,87.0141,79.0722608144327,76.47389873159773
synthetic_2d_warp,pfpascal,glunet|False|True,13.3499,51.59841197931251,51.75605826978583
synthetic_2d_warp,pfwillow,glunet|False|True,16.6778,41.691745289806306,42.004125906172675
synthetic_2d_warp,pointodyssey,glunet|False|True,81.446,41.26344742823505,41.32341769889587
synthetic_2d_warp,spair,glunet|False|True,2.5156,27.342087297878074,28.083610296425856
synthetic_2d_warp,synthetic,glunet|False|True,12.7059,20.704144846062768,20.928088332199323
synthetic_2d_warp,tss,glunet|False|True,26.4422,38.00497070925034,38.31862408674647
synthetic_large_zoom,flyingthings,glunet|False|True,57.5697,48.86747367582547,50.56383451011807
synthetic_large_zoom,kitti2012,glunet|False|True,97.0676,78.99837112545951,81.09251263538185
synthetic_large_zoom,kitti2015,glunet|False|True,88.1684,82.77266926336937,86.71115148614038
synthetic_large_zoom,pfpascal,glunet|False|True,14.5575,56.075757610728,58.12523978388217
synthetic_large_zoom,pfwillow,glunet|False|True,16.3506,46.08173229440503,46.89021016403429
synthetic_large_zoom,pointodyssey,glunet|False|True,80.976,44.78016746843768,46.68608228112936
synthetic_large_zoom,spair,glunet|False|True,2.5485,31.958542829331147,30.045393802339124
synthetic_large_zoom,synthetic,glunet|False|True,15.7459,25.61272602976183,23.419598473324875
synthetic_large_zoom,tss,glunet|False|True,27.4139,42.3053861442622,42.729777769189
synthetic_random_flipping,flyingthings,glunet|False|True,50.412,33.5872695384857,30.29236416097221
synthetic_random_flipping,kitti2012,glunet|False|True,83.8602,64.78175333861441,52.85436206085853
synthetic_random_flipping,kitti2015,glunet|False|True,84.0249,68.45567929567255,52.84741347281026
synthetic_random_flipping,pfpascal,glunet|False|True,5.604,38.13813228425539,34.257717278667734
synthetic_random_flipping,pfwillow,glunet|False|True,7.7889,28.25664333816224,28.13344768950965
synthetic_random_flipping,pointodyssey,glunet|False|True,78.4489,30.8755580707939,27.911764709946993
synthetic_random_flipping,spair,glunet|False|True,2.7843,13.104561440632205,18.89392414820683
synthetic_random_flipping,synthetic,glunet|False|True,16.7068,7.2460894549949195,14.594694356256236
synthetic_random_flipping,tss,glunet|False|True,14.4363,24.979115058017822,25.599639979604014
synthetic_small_zoom,flyingthings,glunet|False|True,57.9755,48.14079697037722,49.5093616301894
synthetic_small_zoom,kitti2012,glunet|False|True,98.3756,77.70522358376127,79.17387565724705
synthetic_small_zoom,kitti2015,glunet|False|True,92.7311,81.96398851696824,86.5173799476824
synthetic_small_zoom,pfpascal,glunet|False|True,15.6204,55.13046277432589,56.8472006648793
synthetic_small_zoom,pfwillow,glunet|False|True,16.9778,45.11939665316019,45.714003222822875
synthetic_small_zoom,pointodyssey,glunet|False|True,80.8978,43.988254986768126,45.60364825287483
synthetic_small_zoom,spair,glunet|False|True,2.408,31.125064266812615,28.999526593018643
synthetic_small_zoom,synthetic,glunet|False|True,14.039,24.793237794325,22.696837393258942
synthetic_small_zoom,tss,glunet|False|True,29.9933,41.55664424208588,41.74991085654526
flyingthings,flyingthings,glunet|True|False,85.8465,55.653531069271146,55.89917179201155
flyingthings,kitti2012,glunet|True|False,99.4901,81.93007668885943,83.03424090089985
flyingthings,kitti2015,glunet|True|False,97.7086,83.57099505291903,84.21006723180304
flyingthings,pfpascal,glunet|True|False,34.1953,61.80396912890781,62.26425783641034
flyingthings,pfwillow,glunet|True|False,35.8302,53.56645779103904,53.6860821103262
flyingthings,pointodyssey,glunet|True|False,97.4434,52.22675267773762,52.80734438204202
flyingthings,spair,glunet|True|False,6.6514,40.63560710332296,39.68037133680617
flyingthings,synthetic,glunet|True|False,35.4304,30.734313037115317,30.304898270474162
flyingthings,tss,glunet|True|False,58.8215,48.27658261654872,48.27793173823799
imagenet2dwarp,flyingthings,glunet|True|False,11.3571,62.63078158101962,63.4454964871865
imagenet2dwarp,kitti2012,glunet|True|False,22.7606,90.67550459332558,91.92666758848401
imagenet2dwarp,kitti2015,glunet|True|False,29.7992,93.12196579748343,94.0742084295453
imagenet2dwarp,pfpascal,glunet|True|False,5.8954,70.01457816104809,71.31387121330664
imagenet2dwarp,pfwillow,glunet|True|False,10.1,60.89469290639994,61.634453332232006
imagenet2dwarp,pointodyssey,glunet|True|False,25.0551,59.818948283320076,61.39644295157571
imagenet2dwarp,spair,glunet|True|False,2.8992,47.35974768732976,45.73866218691865
imagenet2dwarp,synthetic,glunet|True|False,6.6755,36.166181232146734,35.057222320116324
imagenet2dwarp,tss,glunet|True|False,11.2237,55.06629056382758,55.51915023667959
movi_f,flyingthings,glunet|True|False,39.164,61.232459691936555,62.43307465399438
movi_f,kitti2012,glunet|True|False,78.7366,87.48323374912994,91.94639282364034
movi_f,kitti2015,glunet|True|False,65.3127,88.3404060990529,93.99837780117407
movi_f,pfpascal,glunet|True|False,12.1653,68.61241156467653,70.4443272061587
movi_f,pfwillow,glunet|True|False,11.9333,60.07909085644519,60.59972231295857
movi_f,pointodyssey,glunet|True|False,62.6774,58.26560300965657,60.34856947472548
movi_f,spair,glunet|True|False,2.3566,47.44469974567749,43.901843840005085
movi_f,synthetic,glunet|True|False,6.5871,36.62932493945484,34.051150859803556
movi_f,tss,glunet|True|False,16.9644,54.29434255431126,54.22343031277414
pointodyssey,flyingthings,glunet|True|False,77.7439,51.91416020703982,51.624830683043605
pointodyssey,kitti2012,glunet|True|False,97.8728,77.6992490121043,80.3777029437351
pointodyssey,kitti2015,glunet|True|False,95.0124,79.61076217020766,84.11486667347789
pointodyssey,pfpascal,glunet|True|False,28.6839,58.11583413579398,58.13262326897778
pointodyssey,pfwillow,glunet|True|False,36.5889,49.94776290277523,49.17671511663683
pointodyssey,pointodyssey,glunet|True|False,96.5284,48.701732947567535,48.93438578993658
pointodyssey,spair,glunet|True|False,5.1968,37.05142059916201,34.688118026380344
pointodyssey,synthetic,glunet|True|False,25.8011,27.219161305946265,26.545999450692463
pointodyssey,tss,glunet|True|False,61.47,45.190361778973234,44.32616249821135
sintel,flyingthings,glunet|True|False,70.575,56.39865769432977,56.98691043339989
sintel,kitti2012,glunet|True|False,98.4939,81.60279375847442,84.2973017996984
sintel,kitti2015,glunet|True|False,95.0838,83.5192000556424,88.39957275259071
sintel,pfpascal,glunet|True|False,21.5232,62.93956881210239,63.993168556452986
sintel,pfwillow,glunet|True|False,21.9778,54.667183113256094,54.7774282175168
sintel,pointodyssey,glunet|True|False,90.0851,53.15494485894858,54.38567590427783
sintel,spair,glunet|True|False,3.778,42.07654580199367,38.98153138713567
sintel,synthetic,glunet|True|False,21.7318,32.10044125374956,30.51159721690382
sintel,tss,glunet|True|False,40.9775,49.37892396265206,49.018405299067446
spair,flyingthings,glunet|True|False,66.6096,65.14413360555682,65.75597124942936
spair,kitti2012,glunet|True|False,93.4583,92.38756839744872,92.09427349615417
spair,kitti2015,glunet|True|False,91.9963,94.01712865968669,93.0349611388407
spair,pfpascal,glunet|True|False,44.4728,72.32188341530625,72.49605217620748
spair,pfwillow,glunet|True|False,49.2827,63.74612942697245,64.15662019786335
spair,pointodyssey,glunet|True|False,91.9268,62.393230821849386,62.32387036375601
spair,spair,glunet|True|False,26.6007,51.14877789006254,54.98511321635601
spair,synthetic,glunet|True|False,35.7954,38.20185124151213,37.155282034305635
spair,tss,glunet|True|False,65.5404,57.90656383785405,58.8845462964575
synthetic,flyingthings,glunet|True|False,72.0776,61.08474937561561,62.20031219520758
synthetic,kitti2012,glunet|True|False,97.2991,87.38066592226603,88.09946920487468
synthetic,kitti2015,glunet|True|False,96.11,88.97255606673804,88.60861882088464
synthetic,pfpascal,glunet|True|False,30.3321,67.60765711870552,68.76716023987179
synthetic,pfwillow,glunet|True|False,29.7111,59.38488766937655,60.09504507679037
synthetic,pointodyssey,glunet|True|False,92.7503,57.920927154103225,58.82729203269641
synthetic,spair,glunet|True|False,7.559,46.590158953201325,46.39577870246122
synthetic,synthetic,glunet|True|False,32.9391,36.02623136510651,35.04156942798026
synthetic,tss,glunet|True|False,52.1427,53.86168089902398,54.35874824926813
synthetic_2d_warp,flyingthings,glunet|True|False,71.3152,62.36328813702052,63.014921523863066
synthetic_2d_warp,kitti2012,glunet|True|False,91.75,88.6529517858903,90.31182922648142
synthetic_2d_warp,kitti2015,glunet|True|False,91.6412,90.40982424853027,91.39561103559127
synthetic_2d_warp,pfpascal,glunet|True|False,27.963,68.76846914661489,69.43171635066223
synthetic_2d_warp,pfwillow,glunet|True|False,29.116,60.67873007678195,60.99074615201446
synthetic_2d_warp,pointodyssey,glunet|True|False,92.0552,59.23661662392081,59.79740241660651
synthetic_2d_warp,spair,glunet|True|False,6.63,47.93685065014451,47.77063693349819
synthetic_2d_warp,synthetic,glunet|True|False,29.4639,37.08698336374526,35.66949044500842
synthetic_2d_warp,tss,glunet|True|False,50.8272,55.108563760685314,55.24208664965165
synthetic_large_zoom,flyingthings,glunet|True|False,72.5692,57.65367859232187,58.406038804902295
synthetic_large_zoom,kitti2012,glunet|True|False,99.1724,83.32299304331104,85.18535330657858
synthetic_large_zoom,kitti2015,glunet|True|False,98.0506,85.13973094520372,87.32570755830892
synthetic_large_zoom,pfpascal,glunet|True|False,23.0618,64.26653857420419,65.4819962672394
synthetic_large_zoom,pfwillow,glunet|True|False,30.5,55.92535135239113,56.48501685893249
synthetic_large_zoom,pointodyssey,glunet|True|False,91.0513,54.534195133853764,55.99826124080423
synthetic_large_zoom,spair,glunet|True|False,4.5811,43.43957402090238,41.398175276446125
synthetic_large_zoom,synthetic,glunet|True|False,25.3843,33.202857528083655,31.943472118640344
synthetic_large_zoom,tss,glunet|True|False,49.3439,50.48523591957554,50.68839698829485
synthetic_random_flipping,flyingthings,glunet|True|False,81.6246,65.14211394984623,65.54515140055481
synthetic_random_flipping,kitti2012,glunet|True|False,98.9943,91.65058684175902,90.18303477361535
synthetic_random_flipping,kitti2015,glunet|True|False,97.5133,93.28675567518056,91.17125099355657
synthetic_random_flipping,pfpascal,glunet|True|False,30.4384,70.8349602113693,70.80702660136933
synthetic_random_flipping,pfwillow,glunet|True|False,36.342,62.335122837863636,62.91920886796728
synthetic_random_flipping,pointodyssey,glunet|True|False,97.2085,61.774708715584424,61.03466584208022
synthetic_random_flipping,spair,glunet|True|False,12.1407,48.187755632923256,47.946371498792395
synthetic_random_flipping,synthetic,glunet|True|False,71.1258,39.531180179842735,39.866673734466744
synthetic_random_flipping,tss,glunet|True|False,66.03,56.76005221366449,56.67163206868122
synthetic_small_zoom,flyingthings,glunet|True|False,75.9953,56.08292669421486,56.685399255536936
synthetic_small_zoom,kitti2012,glunet|True|False,99.1933,81.43159915731978,84.73945947011673
synthetic_small_zoom,kitti2015,glunet|True|False,98.1319,83.53749206748556,88.91053364256996
synthetic_small_zoom,pfpascal,glunet|True|False,26.2712,62.68642314661446,63.764791159939236
synthetic_small_zoom,pfwillow,glunet|True|False,29.3389,54.35000391549575,54.319861940166
synthetic_small_zoom,pointodyssey,glunet|True|False,92.6605,52.74356126037175,53.989952989867305
synthetic_small_zoom,spair,glunet|True|False,4.3584,41.70735884923466,38.64013177733649
synthetic_small_zoom,synthetic,glunet|True|False,26.6724,31.78420914989766,30.00288769099483
synthetic_small_zoom,tss,glunet|True|False,55.011,49.23660846193105,48.824573493237274
flyingthings,flyingthings,glunet|True|True,81.4831,61.7625353263927,62.176741896688355
flyingthings,kitti2012,glunet|True|True,99.0764,88.0482030686684,89.84778306535718
flyingthings,kitti2015,glunet|True|True,97.3336,89.94084736426018,91.92034798923459
flyingthings,pfpascal,glunet|True|True,33.9699,67.79854186263148,68.51718503653191
flyingthings,pfwillow,glunet|True|True,36.9398,59.67269293140003,59.74777491880172
flyingthings,pointodyssey,glunet|True|True,95.08,58.688247690789666,59.48212693008206
flyingthings,spair,glunet|True|True,7.582,44.97420594833938,43.69397431057053
flyingthings,synthetic,glunet|True|True,27.769,36.62346707772731,35.305199129704285
flyingthings,tss,glunet|True|True,54.9733,54.04289765605958,54.02396930464077
imagenet2dwarp,flyingthings,glunet|True|True,66.7997,63.08253657387433,63.95346661043613
imagenet2dwarp,kitti2012,glunet|True|True,93.1941,89.74242476513513,91.84184302010418
imagenet2dwarp,kitti2015,glunet|True|True,89.5363,91.48601908060813,93.89161877417774
imagenet2dwarp,pfpascal,glunet|True|True,29.9721,69.50174264670868,70.91377275522892
imagenet2dwarp,pfwillow,glunet|True|True,31.7,61.27241835465708,61.730369634387216
imagenet2dwarp,pointodyssey,glunet|True|True,89.2135,60.45833721712466,62.033883314821175
imagenet2dwarp,spair,glunet|True|True,6.6248,46.95933719011791,44.86254418245157
imagenet2dwarp,synthetic,glunet|True|True,21.0263,38.31605960757972,36.282141834807575
imagenet2dwarp,tss,glunet|True|True,50.4683,55.74216375839871,55.94597184857581
movi_f,flyingthings,glunet|True|True,39.106,63.15822317133736,63.98733875626177
movi_f,kitti2012,glunet|True|True,73.9202,89.9736641045032,93.09264038874191
movi_f,kitti2015,glunet|True|True,61.7536,91.04957804870074,95.08847325545072
movi_f,pfpascal,glunet|True|True,11.6719,69.74209475167687,71.08413092758519
movi_f,pfwillow,glunet|True|True,14.3062,61.49291675455885,61.670420102904906
movi_f,pointodyssey,glunet|True|True,61.2703,60.47683607431386,61.90058123356851
movi_f,spair,glunet|True|True,2.486,46.601088149225866,43.801999295007846
movi_f,synthetic,glunet|True|True,6.6584,37.79321227265219,35.53393234158066
movi_f,tss,glunet|True|True,19.7064,55.68874592998764,55.50353996624293
pointodyssey,flyingthings,glunet|True|True,76.6361,54.58612580097662,54.49924330703548
pointodyssey,kitti2012,glunet|True|True,97.4634,80.77760698289185,84.23840454787556
pointodyssey,kitti2015,glunet|True|True,94.9408,82.90499015008163,88.42813803405119
pointodyssey,pfpascal,glunet|True|True,42.0709,60.890981048654645,61.00602254631874
pointodyssey,pfwillow,glunet|True|True,44.3778,52.712782721014946,51.71397949391851
pointodyssey,pointodyssey,glunet|True|True,96.2978,51.60457896504182,51.70670950452386
pointodyssey,spair,glunet|True|True,8.153,37.62495591741011,35.68678586923459
pointodyssey,synthetic,glunet|True|True,25.2246,29.531246125994,28.457416587300518
pointodyssey,tss,glunet|True|True,62.9502,47.56939912112163,46.6781417793984
sintel,flyingthings,glunet|True|True,69.7732,57.924384515704624,58.2772128858089
sintel,kitti2012,glunet|True|True,98.9758,83.50651768254647,84.86702055925745
sintel,kitti2015,glunet|True|True,96.2638,85.59304715217827,88.90011475381698
sintel,pfpascal,glunet|True|True,25.0318,63.90953278648275,64.60602203723862
sintel,pfwillow,glunet|True|True,27.2457,55.879469990712536,55.73540049710762
sintel,pointodyssey,glunet|True|True,90.6576,55.04953775273225,55.77172742044862
sintel,spair,glunet|True|True,5.0597,41.09750575174123,38.93165823923766
sintel,synthetic,glunet|True|True,20.8004,33.011087818858265,31.85354880655021
sintel,tss,glunet|True|True,43.3458,50.476719634823944,50.133343810698605
spair,flyingthings,glunet|True|True,39.6279,69.4982313471873,69.60408533597445
spair,kitti2012,glunet|True|True,54.1912,97.74132229214041,94.500974510512
spair,kitti2015,glunet|True|True,61.2326,100.18314800183299,95.73321213773119
spair,pfpascal,glunet|True|True,30.356,76.13499627279886,75.78196457783577
spair,pfwillow,glunet|True|True,34.1444,67.09939924831764,67.88498362298262
spair,pointodyssey,glunet|True|True,55.0086,67.05858572537589,66.5904479523969
spair,spair,glunet|True|True,14.6684,51.87866396094766,55.3382043274217
spair,synthetic,glunet|True|True,21.6568,41.509913462803006,42.351837494517014
spair,tss,glunet|True|True,49.9068,60.859385056493565,61.85972448417623
synthetic,flyingthings,glunet|True|True,78.4335,66.18849896518945,66.39239810063205
synthetic,kitti2012,glunet|True|True,98.2409,93.5254476895778,90.8479430220675
synthetic,kitti2015,glunet|True|True,97.4108,95.28961829434,91.48819021745946
synthetic,pfpascal,glunet|True|True,42.4831,71.92117458665611,72.26354939747314
synthetic,pfwillow,glunet|True|True,48.458,63.62132296646472,64.52267922694193
synthetic,pointodyssey,glunet|True|True,96.5122,63.60626877734139,64.10838686295467
synthetic,spair,glunet|True|True,15.5133,49.09458568106217,49.707783357509065
synthetic,synthetic,glunet|True|True,37.9779,40.39452315093374,40.42622686349138
synthetic,tss,glunet|True|True,64.008,57.820346864390686,58.578058027492666
synthetic_2d_warp,flyingthings,glunet|True|True,78.2963,65.78433502969179,66.02999730187133
synthetic_2d_warp,kitti2012,glunet|True|True,98.3573,93.18051411443963,90.7572497040042
synthetic_2d_warp,kitti2015,glunet|True|True,97.4131,94.92619755959497,91.33037132274086
synthetic_2d_warp,pfpascal,glunet|True|True,46.4716,71.80736362026161,72.17302557652093
synthetic_2d_warp,pfwillow,glunet|True|True,48.3864,63.198152357424256,64.00349141439179
synthetic_2d_warp,pointodyssey,glunet|True|True,96.0115,63.15288467273355,63.575125318784856
synthetic_2d_warp,spair,glunet|True|True,15.6163,48.7603692718272,49.73457886157065
synthetic_2d_warp,synthetic,glunet|True|True,37.0372,39.9220250194421,40.02899584612731
synthetic_2d_warp,tss,glunet|True|True,66.2204,57.59100600891229,58.46469970116651
synthetic_large_zoom,flyingthings,glunet|True|True,62.7767,62.22749886757553,62.99992419910875
synthetic_large_zoom,kitti2012,glunet|True|True,98.7654,87.55296661662663,89.78621359484777
synthetic_large_zoom,kitti2015,glunet|True|True,96.8003,89.488744700158,92.38819960333733
synthetic_large_zoom,pfpascal,glunet|True|True,19.3452,68.48831281981897,69.7284207602703
synthetic_large_zoom,pfwillow,glunet|True|True,21.0975,60.43689669254256,60.73483896279449
synthetic_large_zoom,pointodyssey,glunet|True|True,85.0481,59.45803496769093,60.80470765446553
synthetic_large_zoom,spair,glunet|True|True,3.6447,45.82493192303515,43.614765516136664
synthetic_large_zoom,synthetic,glunet|True|True,18.4805,37.43347434924421,35.53694535339593
synthetic_large_zoom,tss,glunet|True|True,34.6233,54.72426226271385,54.731529099868865
synthetic_random_flipping,flyingthings,glunet|True|True,77.2625,59.06626807685492,57.7321694476065
synthetic_random_flipping,kitti2012,glunet|True|True,98.8084,86.65256439506155,78.97934161013382
synthetic_random_flipping,kitti2015,glunet|True|True,97.2046,87.96936532497045,76.8988435556754
synthetic_random_flipping,pfpascal,glunet|True|True,32.8035,63.84751929718703,61.887781330261426
synthetic_random_flipping,pfwillow,glunet|True|True,36.9201,55.26342013251847,55.923999058315545
synthetic_random_flipping,pointodyssey,glunet|True|True,95.8802,56.80146497755044,54.7920175359625
synthetic_random_flipping,spair,glunet|True|True,14.4483,39.552232936808615,42.67277751633783
synthetic_random_flipping,synthetic,glunet|True|True,54.0369,32.086502907005745,36.43822542357761
synthetic_random_flipping,tss,glunet|True|True,68.4478,49.65723976133587,50.181164770079995
synthetic_small_zoom,flyingthings,glunet|True|True,72.6252,57.70126490308121,58.06794238621811
synthetic_small_zoom,kitti2012,glunet|True|True,99.0835,83.3361500212146,85.49412503411291
synthetic_small_zoom,kitti2015,glunet|True|True,97.9048,85.52966726764924,89.46727580983084
synthetic_small_zoom,pfpascal,glunet|True|True,31.3731,63.841565473167876,64.5388572705957
synthetic_small_zoom,pfwillow,glunet|True|True,31.6222,55.67377686970828,55.382993039975744
synthetic_small_zoom,pointodyssey,glunet|True|True,90.8588,54.694322293031284,55.382420280264476
synthetic_small_zoom,spair,glunet|True|True,5.8067,40.83890210063828,38.68355910097461
synthetic_small_zoom,synthetic,glunet|True|True,23.5695,32.74645738472481,31.417771656634436
synthetic_small_zoom,tss,glunet|True|True,51.7585,50.37308131064839,49.955564810007
flyingthings,flyingthings,raft|True|False,79.60585,31.739399835234604,31.701685872507227
flyingthings,kitti2012,raft|True|False,96.60025,70.24257031874417,72.75286566734997
flyingthings,kitti2015,raft|True|False,91.5495,71.80612462082313,74.51813817515195
flyingthings,pfpascal,raft|True|False,13.37085,39.979542035354456,40.27755279007265
flyingthings,pfwillow,raft|True|False,16.6614,34.37854649050463,34.1897403326377
flyingthings,pointodyssey,raft|True|False,36.1356,40.793701460983534,41.549419770950514
flyingthings,spair,raft|True|False,2.69925,31.863256334560113,31.101881490749545
flyingthings,synthetic,raft|True|False,15.92325,20.846975842516706,19.591202766481178
flyingthings,tss,raft|True|False,24.11475,34.67344721074577,34.57410431569417
imagenet2dwarp,flyingthings,raft|True|False,4.28145,35.25390429283553,35.52093415912784
imagenet2dwarp,kitti2012,raft|True|False,13.823675,78.56392969639259,82.1980899337415
imagenet2dwarp,kitti2015,raft|True|False,18.0252125,81.30337945208562,86.35130372692936
imagenet2dwarp,pfpascal,raft|True|False,5.7248375000000005,45.44178433043037,46.28745588781202
imagenet2dwarp,pfwillow,raft|True|False,6.6805625,38.93682783618822,38.869160140681636
imagenet2dwarp,pointodyssey,raft|True|False,3.8248375,47.08083202465573,48.50299024518542
imagenet2dwarp,spair,raft|True|False,2.4022375,35.99361025802381,33.53199751471071
imagenet2dwarp,synthetic,raft|True|False,4.674075,24.483523888083518,22.482256328196698
imagenet2dwarp,tss,raft|True|False,7.744925,39.56993015050225,39.27550676861344
pointodyssey,flyingthings,raft|True|False,57.27595,34.468695634777475,37.020239846753185
pointodyssey,kitti2012,raft|True|False,89.47625,74.12183757659001,77.25980398288264
pointodyssey,kitti2015,raft|True|False,83.4171,76.04169977274847,81.79870530405691
pointodyssey,pfpascal,raft|True|False,15.79625,43.588168765163346,45.55411508761284
pointodyssey,pfwillow,raft|True|False,18.25555,38.05862518217875,38.52909846442824
pointodyssey,pointodyssey,raft|True|False,58.56285,44.454689371771735,44.59027261982227
pointodyssey,spair,raft|True|False,2.80045,36.43507175270506,35.542736245505594
pointodyssey,synthetic,raft|True|False,11.985,24.465414654701704,20.9999432107331
pointodyssey,tss,raft|True|False,27.3016,38.76458454348357,38.68493223129977
sintel,flyingthings,raft|True|False,63.2297,35.3395679167347,38.177602828373665
sintel,kitti2012,raft|True|False,94.0246,75.29260378905579,80.5058654810777
sintel,kitti2015,raft|True|False,84.9165,77.00379410813144,85.25862741536363
sintel,pfpascal,raft|True|False,13.923,44.566725434537716,47.137130015535156
sintel,pfwillow,raft|True|False,16.4025,39.371624874379556,40.00014691179581
sintel,pointodyssey,raft|True|False,74.9348,45.80203043941686,46.75049755450916
sintel,spair,raft|True|False,2.3576,38.250110778616225,35.17167064396293
sintel,synthetic,raft|True|False,10.7984,26.723543746427815,22.229744967384782
sintel,tss,raft|True|False,24.4577,40.0016972924191,39.6354058978416
spair,flyingthings,raft|True|False,3.4438,31.990709179246583,29.118728434780085
spair,kitti2012,raft|True|False,12.1716,76.17121827222704,81.07664575797213
spair,kitti2015,raft|True|False,15.6081,78.27808699141893,81.2349392541587
spair,pfpascal,raft|True|False,4.4726,42.39989963852496,40.68976687673405
spair,pfwillow,raft|True|False,8.1389,35.83614581412355,34.27140941978124
spair,pointodyssey,raft|True|False,9.7147,45.356393747503134,46.29013342701356
spair,spair,raft|True|False,3.1416,32.73897134680058,32.414787893154994
spair,synthetic,raft|True|False,4.2572,21.074383753101014,20.83196720181442
spair,tss,raft|True|False,6.1812,36.68247512561636,36.155768519014664
synthetic,flyingthings,raft|True|False,65.58855,29.935502933198077,27.9736801813097
synthetic,kitti2012,raft|True|False,87.91614999999999,69.50772084110223,74.54599190942747
synthetic,kitti2015,raft|True|False,89.93475000000001,71.21745804255085,73.15481152964124
synthetic,pfpascal,raft|True|False,14.4373,39.32852525202938,38.91503442473599
synthetic,pfwillow,raft|True|False,18.722250000000003,33.46202963956015,32.537251033811835
synthetic,pointodyssey,raft|True|False,34.6076,41.08811737890906,43.520977860554076
synthetic,spair,raft|True|False,3.3421000000000003,30.40822204243222,29.41812462197292
synthetic,synthetic,raft|True|False,25.1774,20.195114309978422,19.76573833753509
synthetic,tss,raft|True|False,27.3868,33.99127855670698,34.09754282938077
synthetic_2d_warp,flyingthings,raft|True|False,68.432,30.61548802993051,27.824464250832847
synthetic_2d_warp,kitti2012,raft|True|False,84.6833,69.80597749255465,74.08844210292627
synthetic_2d_warp,kitti2015,raft|True|False,90.2207,72.08015317579745,74.55867438654515
synthetic_2d_warp,pfpascal,raft|True|False,11.7703,39.580114733169765,38.23605549201864
synthetic_2d_warp,pfwillow,raft|True|False,14.7593,33.78941271997178,32.631764778469275
synthetic_2d_warp,pointodyssey,raft|True|False,38.923,41.89564473223323,43.613306173723345
synthetic_2d_warp,spair,raft|True|False,3.0927,31.09020704428879,30.289509347758816
synthetic_2d_warp,synthetic,raft|True|False,21.9875,20.635547751029694,20.25228700958889
synthetic_2d_warp,tss,raft|True|False,22.1823,34.20983048540142,33.964422091019756
synthetic_large_zoom,flyingthings,raft|True|False,59.3757,33.800162205920365,35.74427483657023
synthetic_large_zoom,kitti2012,raft|True|False,98.2011,71.96071412020314,75.40558224579281
synthetic_large_zoom,kitti2015,raft|True|False,94.1569,73.95026747465363,79.60778461577468
synthetic_large_zoom,pfpascal,raft|True|False,11.9889,42.78292546014592,44.70787297035065
synthetic_large_zoom,pfwillow,raft|True|False,17.8333,36.87727833257603,37.404685575464434
synthetic_large_zoom,pointodyssey,raft|True|False,36.4545,43.23634391722263,44.2379112198061
synthetic_large_zoom,spair,raft|True|False,2.9715,32.96765358229367,30.21185873853341
synthetic_large_zoom,synthetic,raft|True|False,51.426,23.915006751232816,21.02071508766428
synthetic_large_zoom,tss,raft|True|False,25.936,36.999010056955015,36.753402745643534
synthetic_random_flipping,flyingthings,raft|True|False,54.9845,21.349144011384876,20.76498486598239
synthetic_random_flipping,kitti2012,raft|True|False,86.3393,61.315650355869025,52.766691024353364
synthetic_random_flipping,kitti2015,raft|True|False,85.0135,62.728573167164235,51.10874351601232
synthetic_random_flipping,pfpascal,raft|True|False,7.6938,28.50087860315281,27.358047106837304
synthetic_random_flipping,pfwillow,raft|True|False,13.5556,22.59680583232592,23.332898593653667
synthetic_random_flipping,pointodyssey,raft|True|False,33.6102,31.566460799829997,29.960485013911885
synthetic_random_flipping,spair,raft|True|False,2.895,19.170888712762448,21.61928240232844
synthetic_random_flipping,synthetic,raft|True|False,24.5252,9.478967736376584,14.519960667951302
synthetic_random_flipping,tss,raft|True|False,18.9126,23.48526282737909,24.174416361293996
synthetic_small_zoom,flyingthings,raft|True|False,63.0829,34.24347964692479,37.74489763365995
synthetic_small_zoom,kitti2012,raft|True|False,98.2173,73.62836664441413,78.9709580460655
synthetic_small_zoom,kitti2015,raft|True|False,92.9642,75.75143355763265,84.48210409854082
synthetic_small_zoom,pfpascal,raft|True|False,17.4659,43.750650981850704,47.13563309168855
synthetic_small_zoom,pfwillow,raft|True|False,18.7,38.07013065698657,39.043019743104466
synthetic_small_zoom,pointodyssey,raft|True|False,65.6666,44.383088424118824,45.94840418521311
synthetic_small_zoom,spair,raft|True|False,2.7395,34.862094726962056,30.212312048822135
synthetic_small_zoom,synthetic,raft|True|False,54.0896,26.166775391121774,21.70584678181737
synthetic_small_zoom,tss,raft|True|False,31.9553,38.493174653780684,38.1438452034031
