benchmark,n,r2,mode,flow_train_to_eval_coverage_logit,flow_eval_to_train_coverage_logit,flow_train_to_eval_mean_dist_over_radius_eval,flow_train_to_eval_median_dist_over_radius_eval,flow_train_to_eval_p90_dist_over_radius_eval,flow_eval_to_train_mean_dist_over_radius_train,flow_eval_to_train_median_dist_over_radius_train,flow_eval_to_train_p90_dist_over_radius_train,flow_mean_dist_asymmetry,dino_train_to_eval_coverage_logit,dino_eval_to_train_coverage_logit,dino_train_to_eval_mean_dist_over_radius_eval,dino_train_to_eval_median_dist_over_radius_eval,dino_train_to_eval_p90_dist_over_radius_eval,dino_eval_to_train_mean_dist_over_radius_train,dino_eval_to_train_median_dist_over_radius_train,dino_eval_to_train_p90_dist_over_radius_train,dino_mean_dist_asymmetry,flow_mmd,dino_mmd
flyingthings,20,,univariate,-0.12845967154118235,0.2273915304799499,-0.44070970262207115,-0.39762636493451337,-0.4567408174482243,-0.02381571033410489,-0.058714099457317356,-0.0076405860705904775,0.06180770529609543,0.24690812099268253,0.35045047134549856,-0.5774342867453157,-0.5548126440277276,-0.5586490367139233,-0.283079866352438,-0.2835895201498099,-0.28231966440975104,-0.33607680291185427,-0.16896343717339848,-0.22560462720488944
kitti2012,20,,univariate,-0.1485792700435292,0.4452452518302167,-0.5189676453303492,-0.5377373413666272,-0.4916884707710628,-0.011745012980079819,-0.00986188944927385,-0.016506325043470223,0.0647709317439378,0.2364573571319866,-0.06880804980102083,-0.06754735809437698,-0.02055434217948376,-0.2153714886003953,-0.288982545787256,-0.2899780468071011,-0.28867584366265503,-0.35554005784530346,-0.15339917459754318,-0.149295278708335
kitti2015,20,,univariate,-0.28763156408644247,0.46700230339047133,-0.48775422043737116,-0.48397821809124314,-0.4786536335037292,0.17302725131210833,0.16324957990072908,0.1708747728483199,0.23248541078404536,0.07865818090343164,-0.013092466630025883,0.045996980713229184,0.07953351716013786,-0.04086868777488447,-0.234660305754858,-0.23449142428595784,-0.23782747889438513,-0.1265935671753194,0.039455276712682064,0.07184493794945573
middlebury,20,,univariate,-0.5196531941964013,0.5618823337357676,-0.4873964366480964,-0.4558566364254445,-0.503744333724244,0.4685541057238427,0.4645200077935691,0.4708901912896842,0.47946709359695755,-0.19680241157582018,-0.5011891793267635,-0.24272603640489993,-0.18636274093195504,-0.43762509290504714,-0.19954119509321833,-0.20057203048834946,-0.20315100074772113,-0.009728809798647766,0.2965988773045527,0.3786600100656965
pfpascal,20,,univariate,0.14513336332344867,-0.17167062987293666,-0.09438583612911855,-0.04536455265465911,-0.12465898407102469,-0.2793831055599487,-0.296453512273992,-0.2645411962935833,-0.17948399275182636,-0.025984370497306578,-0.007143626896522079,-0.24853085290908855,-0.2678145736500115,-0.3513185733691619,0.04760589219552293,0.045047521007790886,0.051750135886981616,0.011190393679470043,-0.28160133545108756,-0.3893672294017652
pfwillow,20,,univariate,0.03276577199301804,-0.1903766048943798,0.11845008213574984,0.14188861504562827,0.12127960575357262,-0.13805975119672456,-0.156925055759457,-0.124965907017296,-0.12918641927873858,-0.4064446622175926,-0.565332883796011,-0.16462045935054942,-0.22223053697946546,-0.48210189441462603,0.16404299310812584,0.165630735708229,0.15488256090429975,0.38022324275116964,-0.06700179576791643,-0.22006027501081885
pointodyssey,20,,univariate,-0.12125502111820041,0.15982314376600823,-0.3648118761391926,-0.35446627611450954,-0.38094566209247993,-0.05143746156377639,-0.06050977865749026,-0.049642112298687945,-0.03201103458991898,0.24133685718767867,0.1605023102426535,-0.030837424975874116,-0.02376775937918465,-0.07636199291339611,-0.2628575771595169,-0.26299109872252946,-0.26330500628442366,-0.3213907402751934,-0.3350240838884833,-0.1959216249229547
spair,20,,univariate,0.41807559111941744,0.05073494695219304,-0.025468948476866243,0.0876124132683485,-0.04852956996744475,-0.3212319335657153,-0.3191833879404825,-0.3215398730720917,-0.3267845613297456,-0.31501606932669146,,-0.6129348106123317,-0.6244665780944041,-0.6325975671071798,0.6040700854656145,0.6039952514431948,0.6083025627105955,0.425411443055115,-0.34563996962341953,-0.2917644369184339
tss,20,,univariate,0.026693221044590848,-0.009960369378658662,-0.10562586906475716,-0.1370932841530809,-0.08535786455962391,-0.19877807370367284,-0.22493908353314243,-0.1888524043702334,-0.11248289127850802,0.12785800212655807,-0.3703938830727633,0.05406532999200338,0.04949538303691462,0.0038260144544068077,-0.10321792498009681,-0.10617457612141587,-0.09904635268270687,-0.2263749133068967,-0.23412446891907354,-0.3317564566886815
