family,source,backbone,encoder,condition,id_real_ratio,source_sensitivity,flow_mag,roughness
cats,flyingthings,scratch,trained,realmotion,0.8591,3.7683,2.5955,0.5523
cats,flyingthings,scratch,trained,semantic,0.1229,4.0599,7.5679,0.4887
cats,flyingthings,scratch,frozen,realmotion,0.7497,1.3243,0.8730,0.6175
cats,flyingthings,scratch,frozen,semantic,0.0872,2.3691,4.0687,0.4946
cats,imagenet2dwarp,scratch,trained,realmotion,0.9196,1.6831,2.9784,0.3732
cats,imagenet2dwarp,scratch,trained,semantic,0.4985,2.0271,5.0767,0.3911
cats,imagenet2dwarp,scratch,frozen,realmotion,0.8880,1.7982,3.1776,0.3373
cats,imagenet2dwarp,scratch,frozen,semantic,0.2431,2.8757,6.7865,0.3861
cats,movi_f,scratch,trained,realmotion,0.6554,1.0366,1.3274,0.7100
cats,movi_f,scratch,trained,semantic,0.2173,1.8504,3.5925,0.5146
cats,movi_f,scratch,frozen,realmotion,0.3220,1.9735,0.5046,0.6225
cats,movi_f,scratch,frozen,semantic,0.0144,3.3905,5.8864,0.4073
cats,pointodyssey,scratch,trained,realmotion,0.5899,2.3925,1.1493,0.7126
cats,pointodyssey,scratch,trained,semantic,0.0595,3.8772,7.1532,0.5828
cats,pointodyssey,scratch,frozen,realmotion,0.4116,1.8817,0.5813,0.6743
cats,pointodyssey,scratch,frozen,semantic,0.0260,3.4056,5.7447,0.4728
cats,sintel,scratch,trained,realmotion,0.5635,2.4101,0.5345,0.7427
cats,sintel,scratch,trained,semantic,0.0312,3.5160,6.1119,0.4770
cats,sintel,scratch,frozen,realmotion,0.5280,1.9194,0.6917,0.6244
cats,sintel,scratch,frozen,semantic,0.0305,3.2109,5.4791,0.4817
cats,spair,scratch,trained,realmotion,0.9966,2.1021,12.6879,0.1086
cats,spair,scratch,trained,semantic,0.9998,1.7915,11.9262,0.1241
cats,spair,scratch,frozen,realmotion,0.9815,1.0564,11.4514,0.1025
cats,spair,scratch,frozen,semantic,0.9532,1.8434,11.4999,0.1186
cats,synthetic_2d_warp,scratch,trained,realmotion,0.9521,3.3911,4.3971,0.4929
cats,synthetic_2d_warp,scratch,trained,semantic,0.5578,3.2114,6.8468,0.4849
cats,synthetic_2d_warp,scratch,frozen,realmotion,0.9067,1.6061,2.4451,0.4544
cats,synthetic_2d_warp,scratch,frozen,semantic,0.3339,2.6068,5.2808,0.4659
cats,synthetic,scratch,trained,realmotion,0.9828,2.5291,5.5531,0.3784
cats,synthetic,scratch,trained,semantic,0.6867,2.8538,6.8967,0.3900
cats,synthetic,scratch,frozen,realmotion,0.8980,1.3670,2.3742,0.4508
cats,synthetic,scratch,frozen,semantic,0.3325,2.5757,5.4403,0.4273
cats,synthetic_large_zoom,scratch,trained,realmotion,0.9243,2.3916,3.5763,0.4996
cats,synthetic_large_zoom,scratch,trained,semantic,0.3699,3.8559,7.8437,0.3799
cats,synthetic_large_zoom,scratch,frozen,realmotion,0.7817,1.2720,1.4801,0.5386
cats,synthetic_large_zoom,scratch,frozen,semantic,0.1814,2.5979,4.9009,0.4670
cats,synthetic_random_flipping,scratch,trained,realmotion,0.9894,1.8058,7.2293,0.2653
cats,synthetic_random_flipping,scratch,trained,semantic,0.7444,2.1234,8.5228,0.2882
cats,synthetic_random_flipping,scratch,frozen,realmotion,0.9476,1.8681,4.9167,0.3212
cats,synthetic_random_flipping,scratch,frozen,semantic,0.4437,3.1661,8.4201,0.3401
cats,synthetic_small_zoom,scratch,trained,realmotion,0.9752,0.4623,0.9513,0.7411
cats,synthetic_small_zoom,scratch,trained,semantic,0.4621,0.9508,1.9847,0.5972
cats,synthetic_small_zoom,scratch,frozen,realmotion,0.7480,1.5202,1.3085,0.5781
cats,synthetic_small_zoom,scratch,frozen,semantic,0.1235,2.6052,4.9459,0.4743
glunet,flyingthings,scratch,trained,realmotion,0.1793,43.0665,4.8695,0.0339
glunet,flyingthings,scratch,trained,semantic,0.0070,44.8625,77.4361,0.0123
glunet,flyingthings,scratch,frozen,realmotion,0.2762,15.3446,4.2040,0.0466
glunet,flyingthings,scratch,frozen,semantic,0.0186,24.9599,38.3939,0.0185
glunet,flyingthings,ImageNet,trained,realmotion,0.0551,21.6594,3.2270,0.0357
glunet,flyingthings,ImageNet,trained,semantic,0.0031,30.0861,57.5328,0.0159
glunet,flyingthings,ImageNet,frozen,realmotion,0.1629,13.9668,2.8146,0.0478
glunet,flyingthings,ImageNet,frozen,semantic,0.0066,30.7211,58.0897,0.0154
glunet,movi_f,scratch,trained,realmotion,0.4257,0.7383,0.9334,0.0566
glunet,movi_f,scratch,trained,semantic,0.2670,0.8169,1.5005,0.0588
glunet,movi_f,scratch,frozen,realmotion,0.7207,0.5755,0.7317,0.0562
glunet,movi_f,scratch,frozen,semantic,0.5223,0.6462,1.1202,0.0669
glunet,movi_f,ImageNet,trained,realmotion,0.1797,1.2864,1.8554,0.0293
glunet,movi_f,ImageNet,trained,semantic,0.0605,0.8284,5.8611,0.0348
glunet,movi_f,ImageNet,frozen,realmotion,0.0636,12.1823,2.0056,0.0262
glunet,movi_f,ImageNet,frozen,semantic,0.0033,12.1165,42.9570,0.0129
glunet,pointodyssey,scratch,trained,realmotion,0.0689,12.1326,4.1511,0.0213
glunet,pointodyssey,scratch,trained,semantic,0.0096,15.3194,34.1770,0.0106
glunet,pointodyssey,scratch,frozen,realmotion,0.0631,11.2987,3.7982,0.0310
glunet,pointodyssey,scratch,frozen,semantic,0.0061,17.1607,31.9674,0.0134
glunet,sintel,scratch,trained,realmotion,0.3814,26.8061,9.0201,0.0188
glunet,sintel,scratch,trained,semantic,0.0222,30.9427,66.7121,0.0113
glunet,sintel,scratch,frozen,realmotion,0.3219,24.9598,7.8390,0.0208
glunet,sintel,scratch,frozen,semantic,0.0170,31.8986,59.4556,0.0100
glunet,spair,scratch,trained,realmotion,0.9964,4.2218,118.5577,0.0101
glunet,spair,scratch,trained,semantic,0.9888,5.2996,119.3295,0.0101
glunet,spair,scratch,frozen,realmotion,1.0016,1.3320,117.0847,0.0085
glunet,spair,scratch,frozen,semantic,1.0011,1.5796,116.8156,0.0085
glunet,spair,ImageNet,trained,realmotion,0.7319,43.9644,15.4027,0.0262
glunet,spair,ImageNet,trained,semantic,0.0711,57.6249,154.3205,0.0084
glunet,spair,ImageNet,frozen,realmotion,1.1839,31.9268,30.5566,0.0225
glunet,spair,ImageNet,frozen,semantic,0.2652,42.5131,141.9243,0.0084
flowformer,flyingthings,scratch,trained,realmotion,0.1202,47.9555,2.2769,0.0322
flowformer,flyingthings,scratch,trained,semantic,0.0021,52.4272,102.3966,0.0113
flowformer,flyingthings,scratch,frozen,realmotion,0.6590,14.6065,3.0941,0.0260
flowformer,flyingthings,scratch,frozen,semantic,0.0282,16.8973,36.3004,0.0148
flowformer,flyingthings,ImageNet,trained,realmotion,0.0859,52.4147,2.4255,0.0333
flowformer,flyingthings,ImageNet,trained,semantic,0.0014,47.9333,148.7974,0.0071
flowformer,flyingthings,ImageNet,frozen,realmotion,0.2154,24.6218,3.5748,0.0308
flowformer,flyingthings,ImageNet,frozen,semantic,0.0109,25.1539,69.4125,0.0094
flowformer,movi_f,scratch,trained,realmotion,0.9923,0.0035,0.0490,0.0200
flowformer,movi_f,scratch,trained,semantic,0.9967,0.0019,0.0461,0.0137
flowformer,movi_f,scratch,frozen,realmotion,0.9982,0.0033,0.0252,0.0493
flowformer,movi_f,scratch,frozen,semantic,0.9814,0.0046,0.0281,0.0595
flowformer,movi_f,ImageNet,trained,realmotion,0.0177,7.3721,2.2349,0.0320
flowformer,movi_f,ImageNet,trained,semantic,0.0033,8.6075,14.7086,0.0549
flowformer,movi_f,ImageNet,frozen,realmotion,0.0284,8.8612,2.0518,0.0297
flowformer,movi_f,ImageNet,frozen,semantic,0.0100,6.1891,9.5793,0.0447
flowformer,pointodyssey,scratch,trained,realmotion,1.0039,0.0020,0.0341,0.0630
flowformer,pointodyssey,scratch,trained,semantic,1.0059,0.0011,0.0351,0.0718
flowformer,pointodyssey,scratch,frozen,realmotion,1.0000,0.0000,0.0268,0.0059
flowformer,pointodyssey,scratch,frozen,semantic,1.0000,0.0000,0.0268,0.0059
flowformer,sintel,scratch,trained,realmotion,0.8348,32.6384,6.9981,0.0097
flowformer,sintel,scratch,trained,semantic,0.0092,36.6817,63.5128,0.0099
flowformer,sintel,scratch,frozen,realmotion,0.3480,15.4013,4.8520,0.0288
flowformer,sintel,scratch,frozen,semantic,0.0434,14.3794,23.2228,0.0349
flowformer,spair,scratch,trained,realmotion,0.9998,0.3108,25.4081,0.4548
flowformer,spair,scratch,trained,semantic,1.0009,0.2776,25.5710,0.4566
flowformer,spair,scratch,frozen,realmotion,0.9334,24.3332,104.5934,0.1357
flowformer,spair,scratch,frozen,semantic,0.9964,21.7420,101.7373,0.1529
flowformer,spair,ImageNet,trained,realmotion,0.9975,6.5583,131.2839,0.1300
flowformer,spair,ImageNet,trained,semantic,1.0248,7.2521,126.5229,0.1423
flowformer,spair,ImageNet,frozen,realmotion,1.0078,19.6116,132.3637,0.1377
flowformer,spair,ImageNet,frozen,semantic,0.9382,39.3678,139.1286,0.1241
