run_id,run_name,train_dataset,step_tag,logsteps,pretrained,freeze,timestamp,benchmark,auc_steps,auc,auc_normalized,auc_points,flow_train_to_eval_coverage,flow_eval_to_train_coverage,flow_outside_mass,flow_k,flow_radius_quantile,flow_radius_train,flow_radius_eval,flow_eval_to_train_mean_dist,flow_eval_to_train_median_dist,flow_eval_to_train_p90_dist,flow_train_to_eval_mean_dist,flow_train_to_eval_median_dist,flow_train_to_eval_p90_dist,resnet_train_to_eval_coverage,resnet_eval_to_train_coverage,resnet_outside_mass,resnet_k,resnet_radius_quantile,resnet_radius_train,resnet_radius_eval,resnet_eval_to_train_mean_dist,resnet_eval_to_train_median_dist,resnet_eval_to_train_p90_dist,resnet_train_to_eval_mean_dist,resnet_train_to_eval_median_dist,resnet_train_to_eval_p90_dist,dino_train_to_eval_coverage,dino_eval_to_train_coverage,dino_outside_mass,dino_k,dino_radius_quantile,dino_radius_train,dino_radius_eval,dino_eval_to_train_mean_dist,dino_eval_to_train_median_dist,dino_eval_to_train_p90_dist,dino_train_to_eval_mean_dist,dino_train_to_eval_median_dist,dino_train_to_eval_p90_dist,flow_mmd,feature_mmd,dino_mmd,flow_train_to_eval_mean_dist_over_radius_eval,flow_eval_to_train_mean_dist_over_radius_train,flow_mean_dist_asymmetry,flow_train_to_eval_median_dist_over_radius_eval,flow_eval_to_train_median_dist_over_radius_train,flow_median_dist_asymmetry,flow_train_to_eval_p90_dist_over_radius_eval,flow_eval_to_train_p90_dist_over_radius_train,flow_p90_dist_asymmetry,resnet_train_to_eval_mean_dist_over_radius_eval,resnet_eval_to_train_mean_dist_over_radius_train,resnet_mean_dist_asymmetry,resnet_train_to_eval_median_dist_over_radius_eval,resnet_eval_to_train_median_dist_over_radius_train,resnet_median_dist_asymmetry,resnet_train_to_eval_p90_dist_over_radius_eval,resnet_eval_to_train_p90_dist_over_radius_train,resnet_p90_dist_asymmetry,dino_train_to_eval_mean_dist_over_radius_eval,dino_eval_to_train_mean_dist_over_radius_train,dino_mean_dist_asymmetry,dino_train_to_eval_median_dist_over_radius_eval,dino_eval_to_train_median_dist_over_radius_train,dino_median_dist_asymmetry,dino_train_to_eval_p90_dist_over_radius_eval,dino_eval_to_train_p90_dist_over_radius_train,dino_p90_dist_asymmetry,flow_train_to_eval_coverage_logit,flow_eval_to_train_coverage_logit,flow_outside_mass_logit,resnet_train_to_eval_coverage_logit,resnet_eval_to_train_coverage_logit,resnet_outside_mass_logit,dino_train_to_eval_coverage_logit,dino_eval_to_train_coverage_logit,dino_outside_mass_logit,baseline_value,auc_delta,baseline_train_dataset,encoder_config,auc_delta_rank,prediction,target,fold
snapshots/flyingthings_logsteps100_pretrainedTrue_freezeTrue_2025_12_10_01_43,flyingthings_logsteps100_pretrainedTrue_freezeTrue_2025_12_10_01_43,flyingthings,logsteps,100,True,True,2025_12_10_01_43,flyingthings,5000,358527.39999999997,71.70548,5,0.2881278415729718,0.34565760349198693,0.6543423965080131,5.0,,,,,,,,,,0.3487952899156292,0.3058993489574425,0.6941006510425576,5.0,,,,,,,,,,,,,,,,,,,,,,,0.05,0.05,,,,,,,,,,,,,,,,,,,,,,,,,,,,,0.7,0.45,0.6381820567063843,0.8,0.8,0.8193608574425951,,,,53.90556,17.799919999999993,spair,TT,22.0,18.30754830490309,22.0,flyingthings
snapshots/flyingthings_steps100_pretrainedTrue_freezeTrue_2025_12_10_17_12,flyingthings_steps100_pretrainedTrue_freezeTrue_2025_12_10_17_12,flyingthings,steps,100,True,True,2025_12_10_17_12,flyingthings,5000,358397.95,71.67959,5,0.2881278415729718,0.34565760349198693,0.6543423965080131,5.0,,,,,,,,,,0.3487952899156292,0.3058993489574425,0.6941006510425576,5.0,,,,,,,,,,,,,,,,,,,,,,,0.05,0.05,,,,,,,,,,,,,,,,,,,,,,,,,,,,,0.7,0.45,0.6381820567063843,0.8,0.8,0.8193608574425951,,,,53.90556,17.774030000000003,spair,TT,20.0,18.30754830490309,20.0,flyingthings
snapshots/flyingthings_steps100_pretrainedTrue_freezeTrue_2025_12_12_11_45,flyingthings_steps100_pretrainedTrue_freezeTrue_2025_12_12_11_45,flyingthings,steps,100,True,True,2025_12_12_11_45,flyingthings,5000,358424.9,71.68498000000001,5,0.2881278415729718,0.34565760349198693,0.6543423965080131,5.0,,,,,,,,,,0.3487952899156292,0.3058993489574425,0.6941006510425576,5.0,,,,,,,,,,,,,,,,,,,,,,,0.05,0.05,,,,,,,,,,,,,,,,,,,,,,,,,,,,,0.7,0.45,0.6381820567063843,0.8,0.8,0.8193608574425951,,,,53.90556,17.77942000000001,spair,TT,21.0,18.30754830490309,21.0,flyingthings
snapshots/pointodyssey_logsteps100_pretrainedTrue_freezeTrue_2025_12_10_06_53,pointodyssey_logsteps100_pretrainedTrue_freezeTrue_2025_12_10_06_53,pointodyssey,logsteps,100,True,True,2025_12_10_06_53,flyingthings,5000,338371.85,67.67437,5,0.012189436081121293,0.5100376104772721,0.48996238952272786,5.0,,,,,,,,,,0.4189200662664006,0.20625763338247083,0.7937423666175292,5.0,,,,,,,,,,,,,,,,,,,,,,,0.95,0.4,,,,,,,,,,,,,,,,,,,,,,,,,,,,,0.05,0.95,-0.04015583695042492,0.95,0.45,1.347632898431676,,,,53.90556,13.768809999999995,spair,TT,11.0,11.585813522678537,11.0,flyingthings
snapshots/pointodyssey_steps100_pretrainedTrue_freezeTrue_2025_12_11_00_21,pointodyssey_steps100_pretrainedTrue_freezeTrue_2025_12_11_00_21,pointodyssey,steps,100,True,True,2025_12_11_00_21,flyingthings,5000,337347.85000000003,67.46957,5,0.012189436081121293,0.5100376104772721,0.48996238952272786,5.0,,,,,,,,,,0.4189200662664006,0.20625763338247083,0.7937423666175292,5.0,,,,,,,,,,,,,,,,,,,,,,,0.95,0.4,,,,,,,,,,,,,,,,,,,,,,,,,,,,,0.05,0.95,-0.04015583695042492,0.95,0.45,1.347632898431676,,,,53.90556,13.564010000000003,spair,TT,10.0,11.585813522678537,10.0,flyingthings
snapshots/pointodyssey_steps100_pretrainedTrue_freezeTrue_2025_12_12_23_45,pointodyssey_steps100_pretrainedTrue_freezeTrue_2025_12_12_23_45,pointodyssey,steps,100,True,True,2025_12_12_23_45,flyingthings,5000,306208.35000000003,61.241670000000006,5,0.012189436081121293,0.5100376104772721,0.48996238952272786,5.0,,,,,,,,,,0.4189200662664006,0.20625763338247083,0.7937423666175292,5.0,,,,,,,,,,,,,,,,,,,,,,,0.95,0.4,,,,,,,,,,,,,,,,,,,,,,,,,,,,,0.05,0.95,-0.04015583695042492,0.95,0.45,1.347632898431676,,,,53.90556,7.336110000000005,spair,TT,9.0,11.585813522678537,9.0,flyingthings
snapshots/sintel_logsteps100_pretrainedTrue_freezeTrue_2025_12_10_01_43,sintel_logsteps100_pretrainedTrue_freezeTrue_2025_12_10_01_43,sintel,logsteps,100,True,True,2025_12_10_01_43,flyingthings,5000,357179.25,71.43585,5,0.09979679957008561,0.45768101166029557,0.5423189883397044,5.0,,,,,,,,,,0.25706545770619293,0.29092003661090965,0.7090799633890903,5.0,,,,,,,,,,,,,,,,,,,,,,,0.4,0.2,,,,,,,,,,,,,,,,,,,,,,,,,,,,,0.2,0.8,0.16968190732292512,0.6,0.65,0.8909198623824027,,,,53.90556,17.53029,spair,TT,19.0,14.668625663047653,19.0,flyingthings
snapshots/sintel_steps100_pretrainedTrue_freezeTrue_2025_12_10_12_22,sintel_steps100_pretrainedTrue_freezeTrue_2025_12_10_12_22,sintel,steps,100,True,True,2025_12_10_12_22,flyingthings,5000,356915.55,71.38311,5,0.09979679957008561,0.45768101166029557,0.5423189883397044,5.0,,,,,,,,,,0.25706545770619293,0.29092003661090965,0.7090799633890903,5.0,,,,,,,,,,,,,,,,,,,,,,,0.4,0.2,,,,,,,,,,,,,,,,,,,,,,,,,,,,,0.2,0.8,0.16968190732292512,0.6,0.65,0.8909198623824027,,,,53.90556,17.47755,spair,TT,18.0,14.668625663047653,18.0,flyingthings
snapshots/sintel_steps100_pretrainedTrue_freezeTrue_2025_12_12_11_44,sintel_steps100_pretrainedTrue_freezeTrue_2025_12_12_11_44,sintel,steps,100,True,True,2025_12_12_11_44,flyingthings,5000,356911.55,71.38231,5,0.09979679957008561,0.45768101166029557,0.5423189883397044,5.0,,,,,,,,,,0.25706545770619293,0.29092003661090965,0.7090799633890903,5.0,,,,,,,,,,,,,,,,,,,,,,,0.4,0.2,,,,,,,,,,,,,,,,,,,,,,,,,,,,,0.2,0.8,0.16968190732292512,0.6,0.65,0.8909198623824027,,,,53.90556,17.476750000000003,spair,TT,17.0,14.668625663047653,17.0,flyingthings
snapshots/spair_logsteps100_pretrainedTrue_freezeTrue_2025_12_10_06_26,spair_logsteps100_pretrainedTrue_freezeTrue_2025_12_10_06_26,spair,logsteps,100,True,True,2025_12_10_06_26,flyingthings,5000,281575.8,56.31516,5,0.14248546444791804,0.11013290819923163,0.8898670918007684,5.0,,,,,,,,,,0.15897695779631443,0.3471823294306611,0.6528176705693389,5.0,,,,,,,,,,,,,,,,,,,,,,,0.8,0.95,,,,,,,,,,,,,,,,,,,,,,,,,,,,,0.35,0.05,2.089384223724485,0.05,0.95,0.6314477851763142,,,,53.90556,2.4095999999999975,spair,TT,8.0,8.807786459426,8.0,flyingthings
snapshots/spair_steps100_pretrainedTrue_freezeTrue_2025_12_10_19_45,spair_steps100_pretrainedTrue_freezeTrue_2025_12_10_19_45,spair,steps,100,True,True,2025_12_10_19_45,flyingthings,5000,270599.5,54.1199,5,0.14248546444791804,0.11013290819923163,0.8898670918007684,5.0,,,,,,,,,,0.15897695779631443,0.3471823294306611,0.6528176705693389,5.0,,,,,,,,,,,,,,,,,,,,,,,0.8,0.95,,,,,,,,,,,,,,,,,,,,,,,,,,,,,0.35,0.05,2.089384223724485,0.05,0.95,0.6314477851763142,,,,53.90556,0.21433999999999997,spair,TT,7.0,8.807786459426,7.0,flyingthings
snapshots/spair_steps100_pretrainedTrue_freezeTrue_2025_12_12_11_46,spair_steps100_pretrainedTrue_freezeTrue_2025_12_12_11_46,spair,steps,100,True,True,2025_12_12_11_46,flyingthings,5000,256408.1,51.281620000000004,5,0.14248546444791804,0.11013290819923163,0.8898670918007684,5.0,,,,,,,,,,0.15897695779631443,0.3471823294306611,0.6528176705693389,5.0,,,,,,,,,,,,,,,,,,,,,,,0.8,0.95,,,,,,,,,,,,,,,,,,,,,,,,,,,,,0.35,0.05,2.089384223724485,0.05,0.95,0.6314477851763142,,,,53.90556,-2.6239399999999975,spair,TT,6.0,8.807786459426,6.0,flyingthings
snapshots/spair_synthetic_70_30_steps100_pretrainedTrue_freezeTrue_2025_12_16_15_25,spair_synthetic_70_30_steps100_pretrainedTrue_freezeTrue_2025_12_16_15_25,spair_synthetic_70_30,steps,100,True,True,2025_12_16_15_25,flyingthings,5000,345773.9,69.15478,5,0.35368481372801003,0.2446216683157943,0.7553783316842058,5.0,,,,,,,,,,0.2777496723251684,0.28470948088974823,0.7152905191102518,5.0,,,,,,,,,,,,,,,,,,,,,,,0.15,0.3,,,,,,,,,,,,,,,,,,,,,,,,,,,,,0.8,0.35,1.1275059192418568,0.7,0.55,0.9212194855387638,,,,53.90556,15.249220000000001,spair,TT,12.0,14.276501190659008,12.0,flyingthings
snapshots/synthetic_large_zoom_steps100_pretrainedTrue_freezeTrue_2025_12_11_10_14,synthetic_large_zoom_steps100_pretrainedTrue_freezeTrue_2025_12_11_10_14,synthetic_large_zoom,steps,100,True,True,2025_12_11_10_14,flyingthings,5000,349863.1,69.97261999999999,5,0.20659285899151372,0.37963798359159584,0.6203620164084042,5.0,,,,,,,,,,0.21592363273473322,0.19322001896564828,0.8067799810343517,5.0,,,,,,,,,,,,,,,,,,,,,,,0.525,0.525,,,,,,,,,,,,,,,,,,,,,,,,,,,,,0.575,0.575,0.4910850811918129,0.425,0.325,1.4292214587288596,,,,53.90556,16.06705999999999,spair,TT,13.0,9.865965089930365,13.0,flyingthings
snapshots/synthetic_large_zoom_steps100_pretrainedTrue_freezeTrue_2025_12_13_11_43,synthetic_large_zoom_steps100_pretrainedTrue_freezeTrue_2025_12_13_11_43,synthetic_large_zoom,steps,100,True,True,2025_12_13_11_43,flyingthings,5000,176673.45,35.33469,3,0.20659285899151372,0.37963798359159584,0.6203620164084042,5.0,,,,,,,,,,0.21592363273473322,0.19322001896564828,0.8067799810343517,5.0,,,,,,,,,,,,,,,,,,,,,,,0.525,0.525,,,,,,,,,,,,,,,,,,,,,,,,,,,,,0.575,0.575,0.4910850811918129,0.425,0.325,1.4292214587288596,,,,53.90556,-18.57087,spair,TT,4.0,9.865965089930365,4.0,flyingthings
snapshots/synthetic_logsteps100_pretrainedTrue_freezeTrue_2025_12_10_12_06,synthetic_logsteps100_pretrainedTrue_freezeTrue_2025_12_10_12_06,synthetic,logsteps,100,True,True,2025_12_10_12_06,flyingthings,5000,352089.44999999995,70.41788999999999,5,0.3887234331271549,0.24165226079032764,0.7583477392096724,5.0,,,,,,,,,,0.19842097280342846,0.19214681375361753,0.8078531862463825,5.0,,,,,,,,,,,,,,,,,,,,,,,0.25,0.65,,,,,,,,,,,,,,,,,,,,,,,,,,,,,0.9,0.25,1.1436422854095074,0.2,0.15,1.4361206070266197,,,,53.90556,16.512329999999984,spair,TT,15.0,7.253543973734312,15.0,flyingthings
snapshots/synthetic_random_flipping_steps100_pretrainedTrue_freezeTrue_2025_12_13_11_45,synthetic_random_flipping_steps100_pretrainedTrue_freezeTrue_2025_12_13_11_45,synthetic_random_flipping,steps,100,True,True,2025_12_13_11_45,flyingthings,5000,174849.2,34.969840000000005,3,0.40398276182990045,0.15793268703610383,0.8420673129638961,5.0,,,,,,,,,,0.22151779265237462,0.19280372232096657,0.8071962776790335,5.0,,,,,,,,,,,,,,,,,,,,,,,0.7,0.75,,,,,,,,,,,,,,,,,,,,,,,,,,,,,1.0,0.15,1.6736910443518733,0.5,0.25,1.4318941689960543,,,,53.90556,-18.935719999999996,spair,TT,2.0,7.212516544788332,2.0,flyingthings
snapshots/synthetic_small_zoom_steps100_pretrainedTrue_freezeTrue_2025_12_11_07_40,synthetic_small_zoom_steps100_pretrainedTrue_freezeTrue_2025_12_11_07_40,synthetic_small_zoom,steps,100,True,True,2025_12_11_07_40,flyingthings,5000,350592.25000000006,70.11845000000001,5,0.14891402076191668,0.43635916613402526,0.5636408338659747,5.0,,,,,,,,,,0.20976999893321135,0.19126411398789323,0.8087358860121068,5.0,,,,,,,,,,,,,,,,,,,,,,,0.625,0.825,,,,,,,,,,,,,,,,,,,,,,,,,,,,,0.475,0.675,0.255951549486951,0.325,0.025,1.4418171254417567,,,,53.90556,16.21289000000001,spair,TT,14.0,5.740263442375898,14.0,flyingthings
snapshots/synthetic_small_zoom_steps100_pretrainedTrue_freezeTrue_2025_12_13_11_36,synthetic_small_zoom_steps100_pretrainedTrue_freezeTrue_2025_12_13_11_36,synthetic_small_zoom,steps,100,True,True,2025_12_13_11_36,flyingthings,5000,176604.2,35.320840000000004,3,0.14891402076191668,0.43635916613402526,0.5636408338659747,5.0,,,,,,,,,,0.20976999893321135,0.19126411398789323,0.8087358860121068,5.0,,,,,,,,,,,,,,,,,,,,,,,0.625,0.825,,,,,,,,,,,,,,,,,,,,,,,,,,,,,0.475,0.675,0.255951549486951,0.325,0.025,1.4418171254417567,,,,53.90556,-18.584719999999997,spair,TT,3.0,5.740263442375898,3.0,flyingthings
snapshots/synthetic_steps100_pretrainedTrue_freezeTrue_2025_12_11_05_11,synthetic_steps100_pretrainedTrue_freezeTrue_2025_12_11_05_11,synthetic,steps,100,True,True,2025_12_11_05_11,flyingthings,5000,174781.8,34.95636,3,0.3887234331271549,0.24165226079032764,0.7583477392096724,5.0,,,,,,,,,,0.19842097280342846,0.19214681375361753,0.8078531862463825,5.0,,,,,,,,,,,,,,,,,,,,,,,0.25,0.65,,,,,,,,,,,,,,,,,,,,,,,,,,,,,0.9,0.25,1.1436422854095074,0.2,0.15,1.4361206070266197,,,,53.90556,-18.949200000000005,spair,TT,1.0,7.253543973734312,1.0,flyingthings
snapshots/synthetic_steps100_pretrainedTrue_freezeTrue_2025_12_12_23_46,synthetic_steps100_pretrainedTrue_freezeTrue_2025_12_12_23_46,synthetic,steps,100,True,True,2025_12_12_23_46,flyingthings,5000,178126.7,35.62534,3,0.3887234331271549,0.24165226079032764,0.7583477392096724,5.0,,,,,,,,,,0.19842097280342846,0.19214681375361753,0.8078531862463825,5.0,,,,,,,,,,,,,,,,,,,,,,,0.25,0.65,,,,,,,,,,,,,,,,,,,,,,,,,,,,,0.9,0.25,1.1436422854095074,0.2,0.15,1.4361206070266197,,,,53.90556,-18.28022,spair,TT,5.0,7.253543973734312,5.0,flyingthings
snapshots/flyingthings_logsteps100_pretrainedTrue_freezeTrue_2025_12_10_01_43,flyingthings_logsteps100_pretrainedTrue_freezeTrue_2025_12_10_01_43,flyingthings,logsteps,100,True,True,2025_12_10_01_43,kitti2012,5000,385347.94999999995,77.06958999999999,5,0.3967592099207766,0.05555175406958679,0.9444482459304132,5.0,,,,,,,,,,0.3122427689177642,0.18469340791041775,0.8153065920895822,5.0,,,,,,,,,,,,,,,,,,,,,,,0.4,0.2,,,,,,,,,,,,,,,,,,,,,,,,,,,,,0.5,0.45,2.8332857982395603,0.8,0.6,1.4848670333387641,,,,64.06846666666667,13.001123333333325,spair,TT,16.0,13.550648703088772,16.0,kitti2012
snapshots/flyingthings_steps100_pretrainedTrue_freezeTrue_2025_12_10_17_12,flyingthings_steps100_pretrainedTrue_freezeTrue_2025_12_10_17_12,flyingthings,steps,100,True,True,2025_12_10_17_12,kitti2012,5000,385049.14999999997,77.00983,5,0.3967592099207766,0.05555175406958679,0.9444482459304132,5.0,,,,,,,,,,0.3122427689177642,0.18469340791041775,0.8153065920895822,5.0,,,,,,,,,,,,,,,,,,,,,,,0.4,0.2,,,,,,,,,,,,,,,,,,,,,,,,,,,,,0.5,0.45,2.8332857982395603,0.8,0.6,1.4848670333387641,,,,64.06846666666667,12.941363333333328,spair,TT,14.0,13.550648703088772,14.0,kitti2012
snapshots/flyingthings_steps100_pretrainedTrue_freezeTrue_2025_12_12_11_45,flyingthings_steps100_pretrainedTrue_freezeTrue_2025_12_12_11_45,flyingthings,steps,100,True,True,2025_12_12_11_45,kitti2012,5000,385776.5,77.1553,5,0.3967592099207766,0.05555175406958679,0.9444482459304132,5.0,,,,,,,,,,0.3122427689177642,0.18469340791041775,0.8153065920895822,5.0,,,,,,,,,,,,,,,,,,,,,,,0.4,0.2,,,,,,,,,,,,,,,,,,,,,,,,,,,,,0.5,0.45,2.8332857982395603,0.8,0.6,1.4848670333387641,,,,64.06846666666667,13.086833333333331,spair,TT,17.0,13.550648703088772,17.0,kitti2012
snapshots/pointodyssey_logsteps100_pretrainedTrue_freezeTrue_2025_12_10_06_53,pointodyssey_logsteps100_pretrainedTrue_freezeTrue_2025_12_10_06_53,pointodyssey,logsteps,100,True,True,2025_12_10_06_53,kitti2012,5000,382923.5,76.5847,5,0.04687170618932417,0.11936656071074785,0.8806334392892522,5.0,,,,,,,,,,0.40185831739487404,0.1191476933316684,0.8808523066683316,5.0,,,,,,,,,,,,,,,,,,,,,,,0.95,0.4,,,,,,,,,,,,,,,,,,,,,,,,,,,,,0.05,0.6,1.9984423652170615,0.95,0.45,2.0005261250618975,,,,64.06846666666667,12.516233333333332,spair,TT,12.0,8.390337123672646,12.0,kitti2012
snapshots/pointodyssey_steps100_pretrainedTrue_freezeTrue_2025_12_11_00_21,pointodyssey_steps100_pretrainedTrue_freezeTrue_2025_12_11_00_21,pointodyssey,steps,100,True,True,2025_12_11_00_21,kitti2012,5000,380216.05000000005,76.04321000000002,5,0.04687170618932417,0.11936656071074785,0.8806334392892522,5.0,,,,,,,,,,0.40185831739487404,0.1191476933316684,0.8808523066683316,5.0,,,,,,,,,,,,,,,,,,,,,,,0.95,0.4,,,,,,,,,,,,,,,,,,,,,,,,,,,,,0.05,0.6,1.9984423652170615,0.95,0.45,2.0005261250618975,,,,64.06846666666667,11.97474333333335,spair,TT,11.0,8.390337123672646,11.0,kitti2012
snapshots/pointodyssey_steps100_pretrainedTrue_freezeTrue_2025_12_12_23_45,pointodyssey_steps100_pretrainedTrue_freezeTrue_2025_12_12_23_45,pointodyssey,steps,100,True,True,2025_12_12_23_45,kitti2012,5000,372251.95,74.45039,5,0.04687170618932417,0.11936656071074785,0.8806334392892522,5.0,,,,,,,,,,0.40185831739487404,0.1191476933316684,0.8808523066683316,5.0,,,,,,,,,,,,,,,,,,,,,,,0.95,0.4,,,,,,,,,,,,,,,,,,,,,,,,,,,,,0.05,0.6,1.9984423652170615,0.95,0.45,2.0005261250618975,,,,64.06846666666667,10.381923333333333,spair,TT,9.0,8.390337123672646,9.0,kitti2012
snapshots/sintel_logsteps100_pretrainedTrue_freezeTrue_2025_12_10_01_43,sintel_logsteps100_pretrainedTrue_freezeTrue_2025_12_10_01_43,sintel,logsteps,100,True,True,2025_12_10_01_43,kitti2012,5000,390115.75,78.02315,5,0.2933664359441381,0.16424525617494107,0.835754743825059,5.0,,,,,,,,,,0.2720208786591879,0.20949055307632092,0.7905094469236791,5.0,,,,,,,,,,,,,,,,,,,,,,,0.25,0.05,,,,,,,,,,,,,,,,,,,,,,,,,,,,,0.35,0.85,1.626974426201279,0.6,0.8,1.3279989615146814,,,,64.06846666666667,13.954683333333335,spair,TT,20.0,18.652102603595036,20.0,kitti2012
snapshots/sintel_steps100_pretrainedTrue_freezeTrue_2025_12_10_12_22,sintel_steps100_pretrainedTrue_freezeTrue_2025_12_10_12_22,sintel,steps,100,True,True,2025_12_10_12_22,kitti2012,5000,387933.4,77.58668,5,0.2933664359441381,0.16424525617494107,0.835754743825059,5.0,,,,,,,,,,0.2720208786591879,0.20949055307632092,0.7905094469236791,5.0,,,,,,,,,,,,,,,,,,,,,,,0.25,0.05,,,,,,,,,,,,,,,,,,,,,,,,,,,,,0.35,0.85,1.626974426201279,0.6,0.8,1.3279989615146814,,,,64.06846666666667,13.518213333333335,spair,TT,18.0,18.652102603595036,18.0,kitti2012
snapshots/sintel_steps100_pretrainedTrue_freezeTrue_2025_12_12_11_44,sintel_steps100_pretrainedTrue_freezeTrue_2025_12_12_11_44,sintel,steps,100,True,True,2025_12_12_11_44,kitti2012,5000,388756.95,77.75139,5,0.2933664359441381,0.16424525617494107,0.835754743825059,5.0,,,,,,,,,,0.2720208786591879,0.20949055307632092,0.7905094469236791,5.0,,,,,,,,,,,,,,,,,,,,,,,0.25,0.05,,,,,,,,,,,,,,,,,,,,,,,,,,,,,0.35,0.85,1.626974426201279,0.6,0.8,1.3279989615146814,,,,64.06846666666667,13.682923333333335,spair,TT,19.0,18.652102603595036,19.0,kitti2012
snapshots/spair_logsteps100_pretrainedTrue_freezeTrue_2025_12_10_06_26,spair_logsteps100_pretrainedTrue_freezeTrue_2025_12_10_06_26,spair,logsteps,100,True,True,2025_12_10_06_26,kitti2012,5000,331457.1,66.29142,5,0.24223948718078575,0.009297834789201136,0.9907021652107989,5.0,,,,,,,,,,0.16593555265149498,0.2528552217253942,0.7471447782746058,5.0,,,,,,,,,,,,,,,,,,,,,,,0.8,0.95,,,,,,,,,,,,,,,,,,,,,,,,,,,,,0.2,0.05,4.668632394825549,0.05,0.95,1.0834419005172755,,,,64.06846666666667,2.2229533333333364,spair,TT,8.0,7.9844334716066125,8.0,kitti2012
snapshots/spair_steps100_pretrainedTrue_freezeTrue_2025_12_10_19_45,spair_steps100_pretrainedTrue_freezeTrue_2025_12_10_19_45,spair,steps,100,True,True,2025_12_10_19_45,kitti2012,5000,313304.4,62.660880000000006,5,0.24223948718078575,0.009297834789201136,0.9907021652107989,5.0,,,,,,,,,,0.16593555265149498,0.2528552217253942,0.7471447782746058,5.0,,,,,,,,,,,,,,,,,,,,,,,0.8,0.95,,,,,,,,,,,,,,,,,,,,,,,,,,,,,0.2,0.05,4.668632394825549,0.05,0.95,1.0834419005172755,,,,64.06846666666667,-1.4075866666666599,spair,TT,6.0,7.9844334716066125,6.0,kitti2012
snapshots/spair_steps100_pretrainedTrue_freezeTrue_2025_12_12_11_46,spair_steps100_pretrainedTrue_freezeTrue_2025_12_12_11_46,spair,steps,100,True,True,2025_12_12_11_46,kitti2012,5000,316265.5,63.2531,5,0.24223948718078575,0.009297834789201136,0.9907021652107989,5.0,,,,,,,,,,0.16593555265149498,0.2528552217253942,0.7471447782746058,5.0,,,,,,,,,,,,,,,,,,,,,,,0.8,0.95,,,,,,,,,,,,,,,,,,,,,,,,,,,,,0.2,0.05,4.668632394825549,0.05,0.95,1.0834419005172755,,,,64.06846666666667,-0.8153666666666624,spair,TT,7.0,7.9844334716066125,7.0,kitti2012
snapshots/spair_synthetic_70_30_steps100_pretrainedTrue_freezeTrue_2025_12_16_15_25,spair_synthetic_70_30_steps100_pretrainedTrue_freezeTrue_2025_12_16_15_25,spair_synthetic_70_30,steps,100,True,True,2025_12_16_15_25,kitti2012,5000,376791.6,75.35831999999999,5,0.4735697052877318,0.03177388222400153,0.9682261177759984,5.0,,,,,,,,,,0.3006026155663116,0.20431498626887806,0.795685013731122,5.0,,,,,,,,,,,,,,,,,,,,,,,0.65,0.3,,,,,,,,,,,,,,,,,,,,,,,,,,,,,0.7,0.35,3.416821014129245,0.7,0.7,1.359540542775142,,,,64.06846666666667,11.289853333333326,spair,TT,10.0,13.530077877174149,10.0,kitti2012
snapshots/synthetic_large_zoom_steps100_pretrainedTrue_freezeTrue_2025_12_11_10_14,synthetic_large_zoom_steps100_pretrainedTrue_freezeTrue_2025_12_11_10_14,synthetic_large_zoom,steps,100,True,True,2025_12_11_10_14,kitti2012,5000,390365.94999999995,78.07319,5,0.4742671555013057,0.12316693701702178,0.8768330629829783,5.0,,,,,,,,,,0.20128883758531005,0.10909099150570065,0.8909090084942993,5.0,,,,,,,,,,,,,,,,,,,,,,,0.025,0.525,,,,,,,,,,,,,,,,,,,,,,,,,,,,,0.775,0.725,1.9627759774630316,0.425,0.125,2.100059980907531,,,,64.06846666666667,14.004723333333331,spair,TT,21.0,11.82961301638435,21.0,kitti2012
snapshots/synthetic_large_zoom_steps100_pretrainedTrue_freezeTrue_2025_12_13_11_43,synthetic_large_zoom_steps100_pretrainedTrue_freezeTrue_2025_12_13_11_43,synthetic_large_zoom,steps,100,True,True,2025_12_13_11_43,kitti2012,5000,195608.7,39.12174,3,0.4742671555013057,0.12316693701702178,0.8768330629829783,5.0,,,,,,,,,,0.20128883758531005,0.10909099150570065,0.8909090084942993,5.0,,,,,,,,,,,,,,,,,,,,,,,0.025,0.525,,,,,,,,,,,,,,,,,,,,,,,,,,,,,0.775,0.725,1.9627759774630316,0.425,0.125,2.100059980907531,,,,64.06846666666667,-24.946726666666663,spair,TT,4.0,11.82961301638435,4.0,kitti2012
snapshots/synthetic_logsteps100_pretrainedTrue_freezeTrue_2025_12_10_12_06,synthetic_logsteps100_pretrainedTrue_freezeTrue_2025_12_10_12_06,synthetic,logsteps,100,True,True,2025_12_10_12_06,kitti2012,5000,384732.4,76.94648000000001,5,0.5203726518529079,0.031169905177188713,0.9688300948228112,5.0,,,,,,,,,,0.1871444501750091,0.10946487188175855,0.8905351281182414,5.0,,,,,,,,,,,,,,,,,,,,,,,0.55,0.65,,,,,,,,,,,,,,,,,,,,,,,,,,,,,0.95,0.25,3.4366362041198113,0.2,0.25,2.0962188565309527,,,,64.06846666666667,12.878013333333342,spair,TT,13.0,7.706755368947603,13.0,kitti2012
snapshots/synthetic_random_flipping_steps100_pretrainedTrue_freezeTrue_2025_12_13_11_45,synthetic_random_flipping_steps100_pretrainedTrue_freezeTrue_2025_12_13_11_45,synthetic_random_flipping,steps,100,True,True,2025_12_13_11_45,kitti2012,5000,189772.2,37.954440000000005,3,0.48880166969697203,0.018942888738088373,0.9810571112619116,5.0,,,,,,,,,,0.2083977226094689,0.10965569201774669,0.8903443079822533,5.0,,,,,,,,,,,,,,,,,,,,,,,0.7,0.75,,,,,,,,,,,,,,,,,,,,,,,,,,,,,0.85,0.15,3.9472020786448887,0.5,0.35,2.0942628665122927,,,,64.06846666666667,-26.11402666666666,spair,TT,1.0,7.236385370831854,1.0,kitti2012
snapshots/synthetic_small_zoom_steps100_pretrainedTrue_freezeTrue_2025_12_11_07_40,synthetic_small_zoom_steps100_pretrainedTrue_freezeTrue_2025_12_11_07_40,synthetic_small_zoom,steps,100,True,True,2025_12_11_07_40,kitti2012,5000,391953.0,78.3906,5,0.43410468272321173,0.1713652836963844,0.8286347163036156,5.0,,,,,,,,,,0.19461840436070219,0.10892970187831044,0.8910702981216896,5.0,,,,,,,,,,,,,,,,,,,,,,,0.125,0.825,,,,,,,,,,,,,,,,,,,,,,,,,,,,,0.625,0.975,1.575981986188119,0.325,0.025,2.10172058509102,,,,64.06846666666667,14.32213333333334,spair,TT,22.0,10.575025167532363,22.0,kitti2012
snapshots/synthetic_small_zoom_steps100_pretrainedTrue_freezeTrue_2025_12_13_11_36,synthetic_small_zoom_steps100_pretrainedTrue_freezeTrue_2025_12_13_11_36,synthetic_small_zoom,steps,100,True,True,2025_12_13_11_36,kitti2012,5000,196477.40000000002,39.295480000000005,3,0.43410468272321173,0.1713652836963844,0.8286347163036156,5.0,,,,,,,,,,0.19461840436070219,0.10892970187831044,0.8910702981216896,5.0,,,,,,,,,,,,,,,,,,,,,,,0.125,0.825,,,,,,,,,,,,,,,,,,,,,,,,,,,,,0.625,0.975,1.575981986188119,0.325,0.025,2.10172058509102,,,,64.06846666666667,-24.77298666666666,spair,TT,5.0,10.575025167532363,5.0,kitti2012
snapshots/synthetic_steps100_pretrainedTrue_freezeTrue_2025_12_11_05_11,synthetic_steps100_pretrainedTrue_freezeTrue_2025_12_11_05_11,synthetic,steps,100,True,True,2025_12_11_05_11,kitti2012,5000,190984.90000000002,38.19698,3,0.5203726518529079,0.031169905177188713,0.9688300948228112,5.0,,,,,,,,,,0.1871444501750091,0.10946487188175855,0.8905351281182414,5.0,,,,,,,,,,,,,,,,,,,,,,,0.55,0.65,,,,,,,,,,,,,,,,,,,,,,,,,,,,,0.95,0.25,3.4366362041198113,0.2,0.25,2.0962188565309527,,,,64.06846666666667,-25.871486666666662,spair,TT,2.0,7.706755368947603,2.0,kitti2012
snapshots/synthetic_steps100_pretrainedTrue_freezeTrue_2025_12_12_23_46,synthetic_steps100_pretrainedTrue_freezeTrue_2025_12_12_23_46,synthetic,steps,100,True,True,2025_12_12_23_46,kitti2012,5000,193728.5,38.7457,3,0.5203726518529079,0.031169905177188713,0.9688300948228112,5.0,,,,,,,,,,0.1871444501750091,0.10946487188175855,0.8905351281182414,5.0,,,,,,,,,,,,,,,,,,,,,,,0.55,0.65,,,,,,,,,,,,,,,,,,,,,,,,,,,,,0.95,0.25,3.4366362041198113,0.2,0.25,2.0962188565309527,,,,64.06846666666667,-25.322766666666666,spair,TT,3.0,7.706755368947603,3.0,kitti2012
snapshots/flyingthings_logsteps100_pretrainedTrue_freezeTrue_2025_12_10_01_43,flyingthings_logsteps100_pretrainedTrue_freezeTrue_2025_12_10_01_43,flyingthings,logsteps,100,True,True,2025_12_10_01_43,middlebury,5000,209086.35,41.81727,5,0.3079776202367685,0.06355418992293681,0.9364458100770632,5.0,,,,,,,,,,0.2856751430208541,0.3765924922120472,0.6234075077879528,5.0,,,,,,,,,,,,,,,,,,,,,,,0.05,0.05,,,,,,,,,,,,,,,,,,,,,,,,,,,,,0.7,0.45,2.690198729317341,0.8,0.6,0.5040367302367845,,,,37.7005,4.1167700000000025,spair,TT,14.0,17.31794811001206,14.0,middlebury
snapshots/flyingthings_steps100_pretrainedTrue_freezeTrue_2025_12_10_17_12,flyingthings_steps100_pretrainedTrue_freezeTrue_2025_12_10_17_12,flyingthings,steps,100,True,True,2025_12_10_17_12,middlebury,5000,209197.9,41.83958,5,0.3079776202367685,0.06355418992293681,0.9364458100770632,5.0,,,,,,,,,,0.2856751430208541,0.3765924922120472,0.6234075077879528,5.0,,,,,,,,,,,,,,,,,,,,,,,0.05,0.05,,,,,,,,,,,,,,,,,,,,,,,,,,,,,0.7,0.45,2.690198729317341,0.8,0.6,0.5040367302367845,,,,37.7005,4.13908,spair,TT,15.0,17.31794811001206,15.0,middlebury
snapshots/flyingthings_steps100_pretrainedTrue_freezeTrue_2025_12_12_11_45,flyingthings_steps100_pretrainedTrue_freezeTrue_2025_12_12_11_45,flyingthings,steps,100,True,True,2025_12_12_11_45,middlebury,5000,208838.75,41.76775,5,0.3079776202367685,0.06355418992293681,0.9364458100770632,5.0,,,,,,,,,,0.2856751430208541,0.3765924922120472,0.6234075077879528,5.0,,,,,,,,,,,,,,,,,,,,,,,0.05,0.05,,,,,,,,,,,,,,,,,,,,,,,,,,,,,0.7,0.45,2.690198729317341,0.8,0.6,0.5040367302367845,,,,37.7005,4.067250000000001,spair,TT,13.0,17.31794811001206,13.0,middlebury
snapshots/pointodyssey_logsteps100_pretrainedTrue_freezeTrue_2025_12_10_06_53,pointodyssey_logsteps100_pretrainedTrue_freezeTrue_2025_12_10_06_53,pointodyssey,logsteps,100,True,True,2025_12_10_06_53,middlebury,5000,218656.55000000002,43.73131,5,0.015493764847799041,0.18766674916816575,0.8123332508318343,5.0,,,,,,,,,,0.3926271500098252,0.30544080935561974,0.6945591906443802,5.0,,,,,,,,,,,,,,,,,,,,,,,0.95,0.4,,,,,,,,,,,,,,,,,,,,,,,,,,,,,0.05,0.95,1.4652428843072436,0.95,0.45,0.8215213764961703,,,,37.7005,6.0308100000000024,spair,TT,22.0,10.308764482419113,22.0,middlebury
snapshots/pointodyssey_steps100_pretrainedTrue_freezeTrue_2025_12_11_00_21,pointodyssey_steps100_pretrainedTrue_freezeTrue_2025_12_11_00_21,pointodyssey,steps,100,True,True,2025_12_11_00_21,middlebury,5000,215656.95,43.13139,5,0.015493764847799041,0.18766674916816575,0.8123332508318343,5.0,,,,,,,,,,0.3926271500098252,0.30544080935561974,0.6945591906443802,5.0,,,,,,,,,,,,,,,,,,,,,,,0.95,0.4,,,,,,,,,,,,,,,,,,,,,,,,,,,,,0.05,0.95,1.4652428843072436,0.95,0.45,0.8215213764961703,,,,37.7005,5.430890000000005,spair,TT,21.0,10.308764482419113,21.0,middlebury
snapshots/pointodyssey_steps100_pretrainedTrue_freezeTrue_2025_12_12_23_45,pointodyssey_steps100_pretrainedTrue_freezeTrue_2025_12_12_23_45,pointodyssey,steps,100,True,True,2025_12_12_23_45,middlebury,5000,207452.45,41.49049,5,0.015493764847799041,0.18766674916816575,0.8123332508318343,5.0,,,,,,,,,,0.3926271500098252,0.30544080935561974,0.6945591906443802,5.0,,,,,,,,,,,,,,,,,,,,,,,0.95,0.4,,,,,,,,,,,,,,,,,,,,,,,,,,,,,0.05,0.95,1.4652428843072436,0.95,0.45,0.8215213764961703,,,,37.7005,3.789990000000003,spair,TT,9.0,10.308764482419113,9.0,middlebury
snapshots/sintel_logsteps100_pretrainedTrue_freezeTrue_2025_12_10_01_43,sintel_logsteps100_pretrainedTrue_freezeTrue_2025_12_10_01_43,sintel,logsteps,100,True,True,2025_12_10_01_43,middlebury,5000,208266.05,41.653209999999994,5,0.10650891090562073,0.12132354349897378,0.8786764565010262,5.0,,,,,,,,,,0.2219983044858457,0.3881287243222664,0.6118712756777336,5.0,,,,,,,,,,,,,,,,,,,,,,,0.3,0.25,,,,,,,,,,,,,,,,,,,,,,,,,,,,,0.2,0.7,1.9799558583199786,0.6,0.75,0.45518487821010306,,,,37.7005,3.952709999999996,spair,TT,10.0,16.520754307397702,10.0,middlebury
snapshots/sintel_steps100_pretrainedTrue_freezeTrue_2025_12_10_12_22,sintel_steps100_pretrainedTrue_freezeTrue_2025_12_10_12_22,sintel,steps,100,True,True,2025_12_10_12_22,middlebury,5000,208724.15,41.74483,5,0.10650891090562073,0.12132354349897378,0.8786764565010262,5.0,,,,,,,,,,0.2219983044858457,0.3881287243222664,0.6118712756777336,5.0,,,,,,,,,,,,,,,,,,,,,,,0.3,0.25,,,,,,,,,,,,,,,,,,,,,,,,,,,,,0.2,0.7,1.9799558583199786,0.6,0.75,0.45518487821010306,,,,37.7005,4.044330000000002,spair,TT,12.0,16.520754307397702,12.0,middlebury
snapshots/sintel_steps100_pretrainedTrue_freezeTrue_2025_12_12_11_44,sintel_steps100_pretrainedTrue_freezeTrue_2025_12_12_11_44,sintel,steps,100,True,True,2025_12_12_11_44,middlebury,5000,208663.3,41.732659999999996,5,0.10650891090562073,0.12132354349897378,0.8786764565010262,5.0,,,,,,,,,,0.2219983044858457,0.3881287243222664,0.6118712756777336,5.0,,,,,,,,,,,,,,,,,,,,,,,0.3,0.25,,,,,,,,,,,,,,,,,,,,,,,,,,,,,0.2,0.7,1.9799558583199786,0.6,0.75,0.45518487821010306,,,,37.7005,4.0321599999999975,spair,TT,11.0,16.520754307397702,11.0,middlebury
snapshots/spair_logsteps100_pretrainedTrue_freezeTrue_2025_12_10_06_26,spair_logsteps100_pretrainedTrue_freezeTrue_2025_12_10_06_26,spair,logsteps,100,True,True,2025_12_10_06_26,middlebury,5000,194166.05,38.83321,5,0.1577234766792105,0.010815303206907146,0.9891846967930928,5.0,,,,,,,,,,0.14245122161219903,0.4501859704169543,0.5498140295830457,5.0,,,,,,,,,,,,,,,,,,,,,,,0.8,0.95,,,,,,,,,,,,,,,,,,,,,,,,,,,,,0.35,0.05,4.515918970454523,0.05,0.95,0.1999193280314531,,,,37.7005,1.132710000000003,spair,TT,8.0,8.787482969506229,8.0,middlebury
snapshots/spair_steps100_pretrainedTrue_freezeTrue_2025_12_10_19_45,spair_steps100_pretrainedTrue_freezeTrue_2025_12_10_19_45,spair,steps,100,True,True,2025_12_10_19_45,middlebury,5000,189102.34999999998,37.82046999999999,5,0.1577234766792105,0.010815303206907146,0.9891846967930928,5.0,,,,,,,,,,0.14245122161219903,0.4501859704169543,0.5498140295830457,5.0,,,,,,,,,,,,,,,,,,,,,,,0.8,0.95,,,,,,,,,,,,,,,,,,,,,,,,,,,,,0.35,0.05,4.515918970454523,0.05,0.95,0.1999193280314531,,,,37.7005,0.11996999999999503,spair,TT,7.0,8.787482969506229,7.0,middlebury
snapshots/spair_steps100_pretrainedTrue_freezeTrue_2025_12_12_11_46,spair_steps100_pretrainedTrue_freezeTrue_2025_12_12_11_46,spair,steps,100,True,True,2025_12_12_11_46,middlebury,5000,182239.1,36.44782,5,0.1577234766792105,0.010815303206907146,0.9891846967930928,5.0,,,,,,,,,,0.14245122161219903,0.4501859704169543,0.5498140295830457,5.0,,,,,,,,,,,,,,,,,,,,,,,0.8,0.95,,,,,,,,,,,,,,,,,,,,,,,,,,,,,0.35,0.05,4.515918970454523,0.05,0.95,0.1999193280314531,,,,37.7005,-1.252679999999998,spair,TT,6.0,8.787482969506229,6.0,middlebury
snapshots/spair_synthetic_70_30_steps100_pretrainedTrue_freezeTrue_2025_12_16_15_25,spair_synthetic_70_30_steps100_pretrainedTrue_freezeTrue_2025_12_16_15_25,spair_synthetic_70_30,steps,100,True,True,2025_12_16_15_25,middlebury,5000,210866.35,42.17327,5,0.40764919677311295,0.036450526485986456,0.9635494735140135,5.0,,,,,,,,,,0.26080358214796506,0.3933591064815939,0.6066408935184061,5.0,,,,,,,,,,,,,,,,,,,,,,,0.65,0.15,,,,,,,,,,,,,,,,,,,,,,,,,,,,,0.8,0.35,3.2746679318310905,0.7,0.85,0.43321405569073607,,,,37.7005,4.472770000000004,spair,TT,18.0,15.475569449639178,18.0,middlebury
snapshots/synthetic_large_zoom_steps100_pretrainedTrue_freezeTrue_2025_12_11_10_14,synthetic_large_zoom_steps100_pretrainedTrue_freezeTrue_2025_12_11_10_14,synthetic_large_zoom,steps,100,True,True,2025_12_11_10_14,middlebury,5000,210028.75,42.00575,5,0.28564048524862923,0.09131103776479063,0.9086889622352093,5.0,,,,,,,,,,0.19740591117217046,0.29906407479814556,0.7009359252018544,5.0,,,,,,,,,,,,,,,,,,,,,,,0.425,0.525,,,,,,,,,,,,,,,,,,,,,,,,,,,,,0.575,0.575,2.2977311840077257,0.425,0.325,0.8517586305932118,,,,37.7005,4.305250000000001,spair,TT,17.0,10.267608967543346,17.0,middlebury
snapshots/synthetic_large_zoom_steps100_pretrainedTrue_freezeTrue_2025_12_13_11_43,synthetic_large_zoom_steps100_pretrainedTrue_freezeTrue_2025_12_13_11_43,synthetic_large_zoom,steps,100,True,True,2025_12_13_11_43,middlebury,5000,105260.95,21.05219,3,0.28564048524862923,0.09131103776479063,0.9086889622352093,5.0,,,,,,,,,,0.19740591117217046,0.29906407479814556,0.7009359252018544,5.0,,,,,,,,,,,,,,,,,,,,,,,0.425,0.525,,,,,,,,,,,,,,,,,,,,,,,,,,,,,0.575,0.575,2.2977311840077257,0.425,0.325,0.8517586305932118,,,,37.7005,-16.64831,spair,TT,1.0,10.267608967543346,1.0,middlebury
snapshots/synthetic_logsteps100_pretrainedTrue_freezeTrue_2025_12_10_12_06,synthetic_logsteps100_pretrainedTrue_freezeTrue_2025_12_10_12_06,synthetic,logsteps,100,True,True,2025_12_10_12_06,middlebury,5000,209473.65000000002,41.89473,5,0.4466338328003947,0.0343143602757759,0.965685639724224,5.0,,,,,,,,,,0.18012557786284678,0.2982929854977204,0.7017070145022797,5.0,,,,,,,,,,,,,,,,,,,,,,,0.55,0.65,,,,,,,,,,,,,,,,,,,,,,,,,,,,,0.9,0.25,3.337274423046689,0.2,0.15,0.8554397823300391,,,,37.7005,4.194230000000005,spair,TT,16.0,5.8242665969618095,16.0,middlebury
snapshots/synthetic_random_flipping_steps100_pretrainedTrue_freezeTrue_2025_12_13_11_45,synthetic_random_flipping_steps100_pretrainedTrue_freezeTrue_2025_12_13_11_45,synthetic_random_flipping,steps,100,True,True,2025_12_13_11_45,middlebury,5000,105898.2,21.17964,3,0.45774469963815034,0.02382180312906991,0.9761781968709301,5.0,,,,,,,,,,0.20253178603949856,0.298644136846839,0.701355863153161,5.0,,,,,,,,,,,,,,,,,,,,,,,0.7,0.75,,,,,,,,,,,,,,,,,,,,,,,,,,,,,1.0,0.15,3.713043889332856,0.5,0.25,0.8537627221444509,,,,37.7005,-16.52086,spair,TT,2.0,5.644391013321721,2.0,middlebury
snapshots/synthetic_small_zoom_steps100_pretrainedTrue_freezeTrue_2025_12_11_07_40,synthetic_small_zoom_steps100_pretrainedTrue_freezeTrue_2025_12_11_07_40,synthetic_small_zoom,steps,100,True,True,2025_12_11_07_40,middlebury,5000,211763.95,42.35279,5,0.21462014056310136,0.12143142856729035,0.8785685714327096,5.0,,,,,,,,,,0.19105894541068152,0.29705829174324333,0.7029417082567566,5.0,,,,,,,,,,,,,,,,,,,,,,,0.175,0.825,,,,,,,,,,,,,,,,,,,,,,,,,,,,,0.475,0.825,1.9789442301822293,0.325,0.025,0.8613455817787153,,,,37.7005,4.652290000000001,spair,TT,19.0,8.60501467295939,19.0,middlebury
snapshots/synthetic_small_zoom_steps100_pretrainedTrue_freezeTrue_2025_12_13_11_36,synthetic_small_zoom_steps100_pretrainedTrue_freezeTrue_2025_12_13_11_36,synthetic_small_zoom,steps,100,True,True,2025_12_13_11_36,middlebury,5000,106335.59999999999,21.26712,3,0.21462014056310136,0.12143142856729035,0.8785685714327096,5.0,,,,,,,,,,0.19105894541068152,0.29705829174324333,0.7029417082567566,5.0,,,,,,,,,,,,,,,,,,,,,,,0.175,0.825,,,,,,,,,,,,,,,,,,,,,,,,,,,,,0.475,0.825,1.9789442301822293,0.325,0.025,0.8613455817787153,,,,37.7005,-16.43338,spair,TT,4.0,8.60501467295939,4.0,middlebury
snapshots/synthetic_steps100_pretrainedTrue_freezeTrue_2025_12_11_05_11,synthetic_steps100_pretrainedTrue_freezeTrue_2025_12_11_05_11,synthetic,steps,100,True,True,2025_12_11_05_11,middlebury,5000,106042.29999999999,21.20846,3,0.4466338328003947,0.0343143602757759,0.965685639724224,5.0,,,,,,,,,,0.18012557786284678,0.2982929854977204,0.7017070145022797,5.0,,,,,,,,,,,,,,,,,,,,,,,0.55,0.65,,,,,,,,,,,,,,,,,,,,,,,,,,,,,0.9,0.25,3.337274423046689,0.2,0.15,0.8554397823300391,,,,37.7005,-16.49204,spair,TT,3.0,5.8242665969618095,3.0,middlebury
snapshots/synthetic_steps100_pretrainedTrue_freezeTrue_2025_12_12_23_46,synthetic_steps100_pretrainedTrue_freezeTrue_2025_12_12_23_46,synthetic,steps,100,True,True,2025_12_12_23_46,middlebury,5000,106942.95,21.38859,3,0.4466338328003947,0.0343143602757759,0.965685639724224,5.0,,,,,,,,,,0.18012557786284678,0.2982929854977204,0.7017070145022797,5.0,,,,,,,,,,,,,,,,,,,,,,,0.55,0.65,,,,,,,,,,,,,,,,,,,,,,,,,,,,,0.9,0.25,3.337274423046689,0.2,0.15,0.8554397823300391,,,,37.7005,-16.311909999999997,spair,TT,5.0,5.8242665969618095,5.0,middlebury
snapshots/flyingthings_logsteps100_pretrainedTrue_freezeTrue_2025_12_10_01_43,flyingthings_logsteps100_pretrainedTrue_freezeTrue_2025_12_10_01_43,flyingthings,logsteps,100,True,True,2025_12_10_01_43,pfpascal,5000,187974.85,37.59497,5,0.21984576739799097,0.2617520941640184,0.7382479058359817,5.0,,,,,,,,,,0.29925521056575094,0.18777360547523764,0.8122263945247623,5.0,,,,,,,,,,,,,,,,,,,,,,,0.25,0.25,,,,,,,,,,,,,,,,,,,,,,,,,,,,,0.7,0.45,1.0368818336150523,0.75,0.6,1.4645421013207967,,,,27.819223333333337,9.775746666666667,spair,TT,19.0,14.828718369683678,19.0,pfpascal
snapshots/flyingthings_steps100_pretrainedTrue_freezeTrue_2025_12_10_17_12,flyingthings_steps100_pretrainedTrue_freezeTrue_2025_12_10_17_12,flyingthings,steps,100,True,True,2025_12_10_17_12,pfpascal,5000,189577.44999999998,37.91549,5,0.21984576739799097,0.2617520941640184,0.7382479058359817,5.0,,,,,,,,,,0.29925521056575094,0.18777360547523764,0.8122263945247623,5.0,,,,,,,,,,,,,,,,,,,,,,,0.25,0.25,,,,,,,,,,,,,,,,,,,,,,,,,,,,,0.7,0.45,1.0368818336150523,0.75,0.6,1.4645421013207967,,,,27.819223333333337,10.096266666666661,spair,TT,20.0,14.828718369683678,20.0,pfpascal
snapshots/flyingthings_steps100_pretrainedTrue_freezeTrue_2025_12_12_11_45,flyingthings_steps100_pretrainedTrue_freezeTrue_2025_12_12_11_45,flyingthings,steps,100,True,True,2025_12_12_11_45,pfpascal,5000,186270.9,37.25418,5,0.21984576739799097,0.2617520941640184,0.7382479058359817,5.0,,,,,,,,,,0.29925521056575094,0.18777360547523764,0.8122263945247623,5.0,,,,,,,,,,,,,,,,,,,,,,,0.25,0.25,,,,,,,,,,,,,,,,,,,,,,,,,,,,,0.7,0.45,1.0368818336150523,0.75,0.6,1.4645421013207967,,,,27.819223333333337,9.434956666666661,spair,TT,18.0,14.828718369683678,18.0,pfpascal
snapshots/pointodyssey_logsteps100_pretrainedTrue_freezeTrue_2025_12_10_06_53,pointodyssey_logsteps100_pretrainedTrue_freezeTrue_2025_12_10_06_53,pointodyssey,logsteps,100,True,True,2025_12_10_06_53,pfpascal,5000,130069.04999999999,26.01381,5,0.002873697820263697,0.3324751894303696,0.6675248105696304,5.0,,,,,,,,,,0.4416786759834396,0.1556891147664343,0.8443108852335657,5.0,,,,,,,,,,,,,,,,,,,,,,,0.95,0.1,,,,,,,,,,,,,,,,,,,,,,,,,,,,,0.05,0.95,0.6970113199190437,0.95,0.45,1.6906596093934012,,,,27.819223333333337,-1.8054133333333375,spair,TT,8.0,12.666835565593422,8.0,pfpascal
snapshots/pointodyssey_steps100_pretrainedTrue_freezeTrue_2025_12_11_00_21,pointodyssey_steps100_pretrainedTrue_freezeTrue_2025_12_11_00_21,pointodyssey,steps,100,True,True,2025_12_11_00_21,pfpascal,5000,123183.35,24.636670000000002,5,0.002873697820263697,0.3324751894303696,0.6675248105696304,5.0,,,,,,,,,,0.4416786759834396,0.1556891147664343,0.8443108852335657,5.0,,,,,,,,,,,,,,,,,,,,,,,0.95,0.1,,,,,,,,,,,,,,,,,,,,,,,,,,,,,0.05,0.95,0.6970113199190437,0.95,0.45,1.6906596093934012,,,,27.819223333333337,-3.1825533333333347,spair,TT,7.0,12.666835565593422,7.0,pfpascal
snapshots/pointodyssey_steps100_pretrainedTrue_freezeTrue_2025_12_12_23_45,pointodyssey_steps100_pretrainedTrue_freezeTrue_2025_12_12_23_45,pointodyssey,steps,100,True,True,2025_12_12_23_45,pfpascal,5000,88619.75,17.72395,5,0.002873697820263697,0.3324751894303696,0.6675248105696304,5.0,,,,,,,,,,0.4416786759834396,0.1556891147664343,0.8443108852335657,5.0,,,,,,,,,,,,,,,,,,,,,,,0.95,0.1,,,,,,,,,,,,,,,,,,,,,,,,,,,,,0.05,0.95,0.6970113199190437,0.95,0.45,1.6906596093934012,,,,27.819223333333337,-10.095273333333338,spair,TT,4.0,12.666835565593422,4.0,pfpascal
snapshots/sintel_logsteps100_pretrainedTrue_freezeTrue_2025_12_10_01_43,sintel_logsteps100_pretrainedTrue_freezeTrue_2025_12_10_01_43,sintel,logsteps,100,True,True,2025_12_10_01_43,pfpascal,5000,174982.1,34.99642,5,0.04333342345389832,0.3022717655977298,0.6977282344022702,5.0,,,,,,,,,,0.26090079318809795,0.2134567616027117,0.7865432383972883,5.0,,,,,,,,,,,,,,,,,,,,,,,0.65,0.4,,,,,,,,,,,,,,,,,,,,,,,,,,,,,0.2,0.7,0.8365031791471622,0.6,0.75,1.3042134063077513,,,,27.819223333333337,7.177196666666664,spair,TT,17.0,13.85574066728866,17.0,pfpascal
snapshots/sintel_steps100_pretrainedTrue_freezeTrue_2025_12_10_12_22,sintel_steps100_pretrainedTrue_freezeTrue_2025_12_10_12_22,sintel,steps,100,True,True,2025_12_10_12_22,pfpascal,5000,168097.35,33.61947,5,0.04333342345389832,0.3022717655977298,0.6977282344022702,5.0,,,,,,,,,,0.26090079318809795,0.2134567616027117,0.7865432383972883,5.0,,,,,,,,,,,,,,,,,,,,,,,0.65,0.4,,,,,,,,,,,,,,,,,,,,,,,,,,,,,0.2,0.7,0.8365031791471622,0.6,0.75,1.3042134063077513,,,,27.819223333333337,5.800246666666663,spair,TT,15.0,13.85574066728866,15.0,pfpascal
snapshots/sintel_steps100_pretrainedTrue_freezeTrue_2025_12_12_11_44,sintel_steps100_pretrainedTrue_freezeTrue_2025_12_12_11_44,sintel,steps,100,True,True,2025_12_12_11_44,pfpascal,5000,173178.3,34.635659999999994,5,0.04333342345389832,0.3022717655977298,0.6977282344022702,5.0,,,,,,,,,,0.26090079318809795,0.2134567616027117,0.7865432383972883,5.0,,,,,,,,,,,,,,,,,,,,,,,0.65,0.4,,,,,,,,,,,,,,,,,,,,,,,,,,,,,0.2,0.7,0.8365031791471622,0.6,0.75,1.3042134063077513,,,,27.819223333333337,6.816436666666657,spair,TT,16.0,13.85574066728866,16.0,pfpascal
snapshots/spair_logsteps100_pretrainedTrue_freezeTrue_2025_12_10_06_26,spair_logsteps100_pretrainedTrue_freezeTrue_2025_12_10_06_26,spair,logsteps,100,True,True,2025_12_10_06_26,pfpascal,5000,144541.1,28.90822,5,0.17367439416160707,0.13108621825842523,0.8689137817415747,5.0,,,,,,,,,,0.1863228523662501,0.3008696013612009,0.6991303986387991,5.0,,,,,,,,,,,,,,,,,,,,,,,0.8,0.55,,,,,,,,,,,,,,,,,,,,,,,,,,,,,0.55,0.05,1.8913886434991196,0.05,0.95,0.8431603222918538,,,,27.819223333333337,1.088996666666663,spair,TT,14.0,10.144854280389945,14.0,pfpascal
snapshots/spair_steps100_pretrainedTrue_freezeTrue_2025_12_10_19_45,spair_steps100_pretrainedTrue_freezeTrue_2025_12_10_19_45,spair,steps,100,True,True,2025_12_10_19_45,pfpascal,5000,134819.8,26.963959999999997,5,0.17367439416160707,0.13108621825842523,0.8689137817415747,5.0,,,,,,,,,,0.1863228523662501,0.3008696013612009,0.6991303986387991,5.0,,,,,,,,,,,,,,,,,,,,,,,0.8,0.55,,,,,,,,,,,,,,,,,,,,,,,,,,,,,0.55,0.05,1.8913886434991196,0.05,0.95,0.8431603222918538,,,,27.819223333333337,-0.8552633333333404,spair,TT,10.0,10.144854280389945,10.0,pfpascal
snapshots/spair_steps100_pretrainedTrue_freezeTrue_2025_12_12_11_46,spair_steps100_pretrainedTrue_freezeTrue_2025_12_12_11_46,spair,steps,100,True,True,2025_12_12_11_46,pfpascal,5000,137927.45,27.585490000000004,5,0.17367439416160707,0.13108621825842523,0.8689137817415747,5.0,,,,,,,,,,0.1863228523662501,0.3008696013612009,0.6991303986387991,5.0,,,,,,,,,,,,,,,,,,,,,,,0.8,0.55,,,,,,,,,,,,,,,,,,,,,,,,,,,,,0.55,0.05,1.8913886434991196,0.05,0.95,0.8431603222918538,,,,27.819223333333337,-0.23373333333333335,spair,TT,11.0,10.144854280389945,11.0,pfpascal
snapshots/spair_synthetic_70_30_steps100_pretrainedTrue_freezeTrue_2025_12_16_15_25,spair_synthetic_70_30_steps100_pretrainedTrue_freezeTrue_2025_12_16_15_25,spair_synthetic_70_30,steps,100,True,True,2025_12_16_15_25,pfpascal,5000,198944.44999999998,39.788889999999995,5,0.3406910353698698,0.23004017278427275,0.7699598272157273,5.0,,,,,,,,,,0.32294240102862326,0.2424278784192347,0.7575721215807654,5.0,,,,,,,,,,,,,,,,,,,,,,,0.0,0.0,,,,,,,,,,,,,,,,,,,,,,,,,,,,,0.8,0.35,1.20808438308898,0.85,0.85,1.1394144852965906,,,,27.819223333333337,11.969666666666658,spair,TT,22.0,18.770561266276864,22.0,pfpascal
snapshots/synthetic_large_zoom_steps100_pretrainedTrue_freezeTrue_2025_12_11_10_14,synthetic_large_zoom_steps100_pretrainedTrue_freezeTrue_2025_12_11_10_14,synthetic_large_zoom,steps,100,True,True,2025_12_11_10_14,pfpascal,5000,131633.74999999997,26.326749999999993,5,0.13637813353483727,0.2953150401976631,0.7046849598023369,5.0,,,,,,,,,,0.2273607857581464,0.13853890764499688,0.8614610923550031,5.0,,,,,,,,,,,,,,,,,,,,,,,0.375,0.675,,,,,,,,,,,,,,,,,,,,,,,,,,,,,0.425,0.575,0.8697081180309101,0.425,0.275,1.8274786844717297,,,,27.819223333333337,-1.4924733333333435,spair,TT,9.0,9.044577625100459,9.0,pfpascal
snapshots/synthetic_large_zoom_steps100_pretrainedTrue_freezeTrue_2025_12_13_11_43,synthetic_large_zoom_steps100_pretrainedTrue_freezeTrue_2025_12_13_11_43,synthetic_large_zoom,steps,100,True,True,2025_12_13_11_43,pfpascal,5000,94660.65000000001,18.93213,3,0.13637813353483727,0.2953150401976631,0.7046849598023369,5.0,,,,,,,,,,0.2273607857581464,0.13853890764499688,0.8614610923550031,5.0,,,,,,,,,,,,,,,,,,,,,,,0.375,0.675,,,,,,,,,,,,,,,,,,,,,,,,,,,,,0.425,0.575,0.8697081180309101,0.425,0.275,1.8274786844717297,,,,27.819223333333337,-8.887093333333336,spair,TT,5.0,9.044577625100459,5.0,pfpascal
snapshots/synthetic_logsteps100_pretrainedTrue_freezeTrue_2025_12_10_12_06,synthetic_logsteps100_pretrainedTrue_freezeTrue_2025_12_10_12_06,synthetic,logsteps,100,True,True,2025_12_10_12_06,pfpascal,5000,138489.5,27.6979,5,0.3785796296032772,0.2284647604884784,0.7715352395115216,5.0,,,,,,,,,,0.21161235437928508,0.13800787346141738,0.8619921265385826,5.0,,,,,,,,,,,,,,,,,,,,,,,0.1,0.8,,,,,,,,,,,,,,,,,,,,,,,,,,,,,0.9,0.25,1.2170003699950407,0.2,0.15,1.831935399078093,,,,27.819223333333337,-0.12132333333333634,spair,TT,12.0,7.540241345097932,12.0,pfpascal
snapshots/synthetic_random_flipping_steps100_pretrainedTrue_freezeTrue_2025_12_13_11_45,synthetic_random_flipping_steps100_pretrainedTrue_freezeTrue_2025_12_13_11_45,synthetic_random_flipping,steps,100,True,True,2025_12_13_11_45,pfpascal,5000,68606.79999999999,13.721359999999997,3,0.40124957238307457,0.1559776654784037,0.8440223345215963,5.0,,,,,,,,,,0.23402546623913856,0.13885427680026663,0.8611457231997334,5.0,,,,,,,,,,,,,,,,,,,,,,,0.45,0.9,,,,,,,,,,,,,,,,,,,,,,,,,,,,,1.0,0.15,1.6884661299596386,0.5,0.35,1.8248387240221366,,,,27.819223333333337,-14.09786333333334,spair,TT,1.0,8.313496506588669,1.0,pfpascal
snapshots/synthetic_small_zoom_steps100_pretrainedTrue_freezeTrue_2025_12_11_07_40,synthetic_small_zoom_steps100_pretrainedTrue_freezeTrue_2025_12_11_07_40,synthetic_small_zoom,steps,100,True,True,2025_12_11_07_40,pfpascal,5000,142769.0,28.5538,5,0.07583647755483881,0.3102850436666433,0.6897149563333567,5.0,,,,,,,,,,0.21987290682878544,0.1368897494798624,0.8631102505201376,5.0,,,,,,,,,,,,,,,,,,,,,,,0.525,0.975,,,,,,,,,,,,,,,,,,,,,,,,,,,,,0.325,0.825,0.7987870347751191,0.325,0.025,1.841366582032081,,,,27.819223333333337,0.734576666666662,spair,TT,13.0,6.501665289243459,13.0,pfpascal
snapshots/synthetic_small_zoom_steps100_pretrainedTrue_freezeTrue_2025_12_13_11_36,synthetic_small_zoom_steps100_pretrainedTrue_freezeTrue_2025_12_13_11_36,synthetic_small_zoom,steps,100,True,True,2025_12_13_11_36,pfpascal,5000,86540.70000000001,17.30814,3,0.07583647755483881,0.3102850436666433,0.6897149563333567,5.0,,,,,,,,,,0.21987290682878544,0.1368897494798624,0.8631102505201376,5.0,,,,,,,,,,,,,,,,,,,,,,,0.525,0.975,,,,,,,,,,,,,,,,,,,,,,,,,,,,,0.325,0.825,0.7987870347751191,0.325,0.025,1.841366582032081,,,,27.819223333333337,-10.511083333333335,spair,TT,3.0,6.501665289243459,3.0,pfpascal
snapshots/synthetic_steps100_pretrainedTrue_freezeTrue_2025_12_11_05_11,synthetic_steps100_pretrainedTrue_freezeTrue_2025_12_11_05_11,synthetic,steps,100,True,True,2025_12_11_05_11,pfpascal,5000,69886.25,13.97725,3,0.3785796296032772,0.2284647604884784,0.7715352395115216,5.0,,,,,,,,,,0.21161235437928508,0.13800787346141738,0.8619921265385826,5.0,,,,,,,,,,,,,,,,,,,,,,,0.1,0.8,,,,,,,,,,,,,,,,,,,,,,,,,,,,,0.9,0.25,1.2170003699950407,0.2,0.15,1.831935399078093,,,,27.819223333333337,-13.841973333333337,spair,TT,2.0,7.540241345097932,2.0,pfpascal
snapshots/synthetic_steps100_pretrainedTrue_freezeTrue_2025_12_12_23_46,synthetic_steps100_pretrainedTrue_freezeTrue_2025_12_12_23_46,synthetic,steps,100,True,True,2025_12_12_23_46,pfpascal,5000,95721.05,19.14421,3,0.3785796296032772,0.2284647604884784,0.7715352395115216,5.0,,,,,,,,,,0.21161235437928508,0.13800787346141738,0.8619921265385826,5.0,,,,,,,,,,,,,,,,,,,,,,,0.1,0.8,,,,,,,,,,,,,,,,,,,,,,,,,,,,,0.9,0.25,1.2170003699950407,0.2,0.15,1.831935399078093,,,,27.819223333333337,-8.675013333333336,spair,TT,6.0,7.540241345097932,6.0,pfpascal
snapshots/flyingthings_logsteps100_pretrainedTrue_freezeTrue_2025_12_10_01_43,flyingthings_logsteps100_pretrainedTrue_freezeTrue_2025_12_10_01_43,flyingthings,logsteps,100,True,True,2025_12_10_01_43,pfwillow,5000,206177.84999999998,41.235569999999996,5,0.21034729496623183,0.13463451820723119,0.8653654817927688,5.0,,,,,,,,,,0.2840255378715558,0.15933285112117535,0.8406671488788247,5.0,,,,,,,,,,,,,,,,,,,,,,,0.4,0.25,,,,,,,,,,,,,,,,,,,,,,,,,,,,,0.7,0.45,1.8605881053887634,0.75,0.6,1.6632003840808114,,,,32.30222,8.933349999999997,spair,TT,19.0,14.017273190247625,19.0,pfwillow
snapshots/flyingthings_steps100_pretrainedTrue_freezeTrue_2025_12_10_17_12,flyingthings_steps100_pretrainedTrue_freezeTrue_2025_12_10_17_12,flyingthings,steps,100,True,True,2025_12_10_17_12,pfwillow,5000,211055.55,42.21111,5,0.21034729496623183,0.13463451820723119,0.8653654817927688,5.0,,,,,,,,,,0.2840255378715558,0.15933285112117535,0.8406671488788247,5.0,,,,,,,,,,,,,,,,,,,,,,,0.4,0.25,,,,,,,,,,,,,,,,,,,,,,,,,,,,,0.7,0.45,1.8605881053887634,0.75,0.6,1.6632003840808114,,,,32.30222,9.90889,spair,TT,22.0,14.017273190247625,22.0,pfwillow
snapshots/flyingthings_steps100_pretrainedTrue_freezeTrue_2025_12_12_11_45,flyingthings_steps100_pretrainedTrue_freezeTrue_2025_12_12_11_45,flyingthings,steps,100,True,True,2025_12_12_11_45,pfwillow,5000,208005.65,41.60113,5,0.21034729496623183,0.13463451820723119,0.8653654817927688,5.0,,,,,,,,,,0.2840255378715558,0.15933285112117535,0.8406671488788247,5.0,,,,,,,,,,,,,,,,,,,,,,,0.4,0.25,,,,,,,,,,,,,,,,,,,,,,,,,,,,,0.7,0.45,1.8605881053887634,0.75,0.6,1.6632003840808114,,,,32.30222,9.29891,spair,TT,21.0,14.017273190247625,21.0,pfwillow
snapshots/pointodyssey_logsteps100_pretrainedTrue_freezeTrue_2025_12_10_06_53,pointodyssey_logsteps100_pretrainedTrue_freezeTrue_2025_12_10_06_53,pointodyssey,logsteps,100,True,True,2025_12_10_06_53,pfwillow,5000,143572.15,28.71443,5,0.004762380984234548,0.2334811724980145,0.7665188275019855,5.0,,,,,,,,,,0.4264131256152426,0.12834065080159285,0.8716593491984072,5.0,,,,,,,,,,,,,,,,,,,,,,,0.95,0.1,,,,,,,,,,,,,,,,,,,,,,,,,,,,,0.05,0.95,1.1887578188033723,0.95,0.45,1.9157106297672837,,,,32.30222,-3.5877899999999983,spair,TT,11.0,11.96666129888531,11.0,pfwillow
snapshots/pointodyssey_steps100_pretrainedTrue_freezeTrue_2025_12_11_00_21,pointodyssey_steps100_pretrainedTrue_freezeTrue_2025_12_11_00_21,pointodyssey,steps,100,True,True,2025_12_11_00_21,pfwillow,5000,131683.35,26.33667,5,0.004762380984234548,0.2334811724980145,0.7665188275019855,5.0,,,,,,,,,,0.4264131256152426,0.12834065080159285,0.8716593491984072,5.0,,,,,,,,,,,,,,,,,,,,,,,0.95,0.1,,,,,,,,,,,,,,,,,,,,,,,,,,,,,0.05,0.95,1.1887578188033723,0.95,0.45,1.9157106297672837,,,,32.30222,-5.965549999999997,spair,TT,9.0,11.96666129888531,9.0,pfwillow
snapshots/pointodyssey_steps100_pretrainedTrue_freezeTrue_2025_12_12_23_45,pointodyssey_steps100_pretrainedTrue_freezeTrue_2025_12_12_23_45,pointodyssey,steps,100,True,True,2025_12_12_23_45,pfwillow,5000,105777.85,21.15557,5,0.004762380984234548,0.2334811724980145,0.7665188275019855,5.0,,,,,,,,,,0.4264131256152426,0.12834065080159285,0.8716593491984072,5.0,,,,,,,,,,,,,,,,,,,,,,,0.95,0.1,,,,,,,,,,,,,,,,,,,,,,,,,,,,,0.05,0.95,1.1887578188033723,0.95,0.45,1.9157106297672837,,,,32.30222,-11.146649999999998,spair,TT,6.0,11.96666129888531,6.0,pfwillow
snapshots/sintel_logsteps100_pretrainedTrue_freezeTrue_2025_12_10_01_43,sintel_logsteps100_pretrainedTrue_freezeTrue_2025_12_10_01_43,sintel,logsteps,100,True,True,2025_12_10_01_43,pfwillow,5000,194961.1,38.99222,5,0.050837452357402335,0.1568481997690412,0.8431518002309588,5.0,,,,,,,,,,0.24243049149521306,0.17447487494253122,0.8255251250574688,5.0,,,,,,,,,,,,,,,,,,,,,,,0.8,0.55,,,,,,,,,,,,,,,,,,,,,,,,,,,,,0.2,0.6,1.6818685560733684,0.6,0.75,1.5542389509274046,,,,32.30222,6.690000000000005,spair,TT,17.0,11.681240666796208,17.0,pfwillow
snapshots/sintel_steps100_pretrainedTrue_freezeTrue_2025_12_10_12_22,sintel_steps100_pretrainedTrue_freezeTrue_2025_12_10_12_22,sintel,steps,100,True,True,2025_12_10_12_22,pfwillow,5000,186616.7,37.32334,5,0.050837452357402335,0.1568481997690412,0.8431518002309588,5.0,,,,,,,,,,0.24243049149521306,0.17447487494253122,0.8255251250574688,5.0,,,,,,,,,,,,,,,,,,,,,,,0.8,0.55,,,,,,,,,,,,,,,,,,,,,,,,,,,,,0.2,0.6,1.6818685560733684,0.6,0.75,1.5542389509274046,,,,32.30222,5.021120000000003,spair,TT,15.0,11.681240666796208,15.0,pfwillow
snapshots/sintel_steps100_pretrainedTrue_freezeTrue_2025_12_12_11_44,sintel_steps100_pretrainedTrue_freezeTrue_2025_12_12_11_44,sintel,steps,100,True,True,2025_12_12_11_44,pfwillow,5000,190672.2,38.134440000000005,5,0.050837452357402335,0.1568481997690412,0.8431518002309588,5.0,,,,,,,,,,0.24243049149521306,0.17447487494253122,0.8255251250574688,5.0,,,,,,,,,,,,,,,,,,,,,,,0.8,0.55,,,,,,,,,,,,,,,,,,,,,,,,,,,,,0.2,0.6,1.6818685560733684,0.6,0.75,1.5542389509274046,,,,32.30222,5.832220000000007,spair,TT,16.0,11.681240666796208,16.0,pfwillow
snapshots/spair_logsteps100_pretrainedTrue_freezeTrue_2025_12_10_06_26,spair_logsteps100_pretrainedTrue_freezeTrue_2025_12_10_06_26,spair,logsteps,100,True,True,2025_12_10_06_26,pfwillow,5000,166138.84999999998,33.22776999999999,5,0.20695180063230878,0.09119685900423653,0.9088031409957634,5.0,,,,,,,,,,0.235660745668547,0.26731114003680717,0.7326888599631929,5.0,,,,,,,,,,,,,,,,,,,,,,,0.65,0.4,,,,,,,,,,,,,,,,,,,,,,,,,,,,,0.55,0.05,2.299108048418069,0.4,0.95,1.0083078385266475,,,,32.30222,0.9255499999999941,spair,TT,14.0,11.824545066894512,14.0,pfwillow
snapshots/spair_steps100_pretrainedTrue_freezeTrue_2025_12_10_19_45,spair_steps100_pretrainedTrue_freezeTrue_2025_12_10_19_45,spair,steps,100,True,True,2025_12_10_19_45,pfwillow,5000,158016.59999999998,31.603319999999997,5,0.20695180063230878,0.09119685900423653,0.9088031409957634,5.0,,,,,,,,,,0.235660745668547,0.26731114003680717,0.7326888599631929,5.0,,,,,,,,,,,,,,,,,,,,,,,0.65,0.4,,,,,,,,,,,,,,,,,,,,,,,,,,,,,0.55,0.05,2.299108048418069,0.4,0.95,1.0083078385266475,,,,32.30222,-0.6989000000000019,spair,TT,12.0,11.824545066894512,12.0,pfwillow
snapshots/spair_steps100_pretrainedTrue_freezeTrue_2025_12_12_11_46,spair_steps100_pretrainedTrue_freezeTrue_2025_12_12_11_46,spair,steps,100,True,True,2025_12_12_11_46,pfwillow,5000,160377.85,32.07557,5,0.20695180063230878,0.09119685900423653,0.9088031409957634,5.0,,,,,,,,,,0.235660745668547,0.26731114003680717,0.7326888599631929,5.0,,,,,,,,,,,,,,,,,,,,,,,0.65,0.4,,,,,,,,,,,,,,,,,,,,,,,,,,,,,0.55,0.05,2.299108048418069,0.4,0.95,1.0083078385266475,,,,32.30222,-0.22664999999999935,spair,TT,13.0,11.824545066894512,13.0,pfwillow
snapshots/spair_synthetic_70_30_steps100_pretrainedTrue_freezeTrue_2025_12_16_15_25,spair_synthetic_70_30_steps100_pretrainedTrue_freezeTrue_2025_12_16_15_25,spair_synthetic_70_30,steps,100,True,True,2025_12_16_15_25,pfwillow,5000,203761.15,40.75223,5,0.34351345390124244,0.12682116656755085,0.8731788334324492,5.0,,,,,,,,,,0.35247055619611634,0.20826734713967637,0.7917326528603237,5.0,,,,,,,,,,,,,,,,,,,,,,,0.15,0.0,,,,,,,,,,,,,,,,,,,,,,,,,,,,,0.8,0.35,1.9293624273152186,0.85,0.85,1.3354011981405771,,,,32.30222,8.450009999999999,spair,TT,18.0,18.128390438623747,18.0,pfwillow
snapshots/synthetic_large_zoom_steps100_pretrainedTrue_freezeTrue_2025_12_11_10_14,synthetic_large_zoom_steps100_pretrainedTrue_freezeTrue_2025_12_11_10_14,synthetic_large_zoom,steps,100,True,True,2025_12_11_10_14,pfwillow,5000,122961.0,24.5922,5,0.1360106716465961,0.16183213783508718,0.8381678621649128,5.0,,,,,,,,,,0.2317025354531666,0.10764632892020927,0.8923536710797907,5.0,,,,,,,,,,,,,,,,,,,,,,,0.225,0.675,,,,,,,,,,,,,,,,,,,,,,,,,,,,,0.425,0.725,1.6446587814509401,0.275,0.275,2.115011425006032,,,,32.30222,-7.71002,spair,TT,7.0,11.010175601186171,7.0,pfwillow
snapshots/synthetic_large_zoom_steps100_pretrainedTrue_freezeTrue_2025_12_13_11_43,synthetic_large_zoom_steps100_pretrainedTrue_freezeTrue_2025_12_13_11_43,synthetic_large_zoom,steps,100,True,True,2025_12_13_11_43,pfwillow,5000,105583.25,21.11665,3,0.1360106716465961,0.16183213783508718,0.8381678621649128,5.0,,,,,,,,,,0.2317025354531666,0.10764632892020927,0.8923536710797907,5.0,,,,,,,,,,,,,,,,,,,,,,,0.225,0.675,,,,,,,,,,,,,,,,,,,,,,,,,,,,,0.425,0.725,1.6446587814509401,0.275,0.275,2.115011425006032,,,,32.30222,-11.185569999999998,spair,TT,5.0,11.010175601186171,5.0,pfwillow
snapshots/synthetic_logsteps100_pretrainedTrue_freezeTrue_2025_12_10_12_06,synthetic_logsteps100_pretrainedTrue_freezeTrue_2025_12_10_12_06,synthetic,logsteps,100,True,True,2025_12_10_12_06,pfwillow,5000,127433.4,25.48668,5,0.37303527910389916,0.1254768631715489,0.8745231368284511,5.0,,,,,,,,,,0.22166907499491065,0.10703003507019515,0.8929699649298048,5.0,,,,,,,,,,,,,,,,,,,,,,,0.05,0.8,,,,,,,,,,,,,,,,,,,,,,,,,,,,,0.9,0.25,1.9415573669395858,0.05,0.15,2.1214434497504775,,,,32.30222,-6.815539999999999,spair,TT,8.0,8.287384334997428,8.0,pfwillow
snapshots/synthetic_random_flipping_steps100_pretrainedTrue_freezeTrue_2025_12_13_11_45,synthetic_random_flipping_steps100_pretrainedTrue_freezeTrue_2025_12_13_11_45,synthetic_random_flipping,steps,100,True,True,2025_12_13_11_45,pfwillow,5000,60855.55,12.17111,3,0.41437032853536976,0.09162744988257311,0.9083725501174269,5.0,,,,,,,,,,0.24097444451526517,0.10764646955701548,0.8923535304429845,5.0,,,,,,,,,,,,,,,,,,,,,,,0.3,0.9,,,,,,,,,,,,,,,,,,,,,,,,,,,,,1.0,0.15,2.2939236939436825,0.5,0.35,2.1150099609337873,,,,32.30222,-20.13111,spair,TT,1.0,8.687258635964703,1.0,pfwillow
snapshots/synthetic_small_zoom_steps100_pretrainedTrue_freezeTrue_2025_12_11_07_40,synthetic_small_zoom_steps100_pretrainedTrue_freezeTrue_2025_12_11_07_40,synthetic_small_zoom,steps,100,True,True,2025_12_11_07_40,pfwillow,5000,138288.85,27.657770000000003,5,0.07707898382720144,0.16634064717926905,0.833659352820731,5.0,,,,,,,,,,0.22724602636690783,0.10629044916971317,0.8937095508302868,5.0,,,,,,,,,,,,,,,,,,,,,,,0.525,0.975,,,,,,,,,,,,,,,,,,,,,,,,,,,,,0.325,0.825,1.6117870919307835,0.175,0.025,2.129205401746493,,,,32.30222,-4.6444499999999955,spair,TT,10.0,6.487771596216623,10.0,pfwillow
snapshots/synthetic_small_zoom_steps100_pretrainedTrue_freezeTrue_2025_12_13_11_36,synthetic_small_zoom_steps100_pretrainedTrue_freezeTrue_2025_12_13_11_36,synthetic_small_zoom,steps,100,True,True,2025_12_13_11_36,pfwillow,5000,94283.3,18.85666,3,0.07707898382720144,0.16634064717926905,0.833659352820731,5.0,,,,,,,,,,0.22724602636690783,0.10629044916971317,0.8937095508302868,5.0,,,,,,,,,,,,,,,,,,,,,,,0.525,0.975,,,,,,,,,,,,,,,,,,,,,,,,,,,,,0.325,0.825,1.6117870919307835,0.175,0.025,2.129205401746493,,,,32.30222,-13.445559999999997,spair,TT,3.0,6.487771596216623,3.0,pfwillow
snapshots/synthetic_steps100_pretrainedTrue_freezeTrue_2025_12_11_05_11,synthetic_steps100_pretrainedTrue_freezeTrue_2025_12_11_05_11,synthetic,steps,100,True,True,2025_12_11_05_11,pfwillow,5000,67427.75,13.48555,3,0.37303527910389916,0.1254768631715489,0.8745231368284511,5.0,,,,,,,,,,0.22166907499491065,0.10703003507019515,0.8929699649298048,5.0,,,,,,,,,,,,,,,,,,,,,,,0.05,0.8,,,,,,,,,,,,,,,,,,,,,,,,,,,,,0.9,0.25,1.9415573669395858,0.05,0.15,2.1214434497504775,,,,32.30222,-18.81667,spair,TT,2.0,8.287384334997428,2.0,pfwillow
snapshots/synthetic_steps100_pretrainedTrue_freezeTrue_2025_12_12_23_46,synthetic_steps100_pretrainedTrue_freezeTrue_2025_12_12_23_46,synthetic,steps,100,True,True,2025_12_12_23_46,pfwillow,5000,99716.6,19.94332,3,0.37303527910389916,0.1254768631715489,0.8745231368284511,5.0,,,,,,,,,,0.22166907499491065,0.10703003507019515,0.8929699649298048,5.0,,,,,,,,,,,,,,,,,,,,,,,0.05,0.8,,,,,,,,,,,,,,,,,,,,,,,,,,,,,0.9,0.25,1.9415573669395858,0.05,0.15,2.1214434497504775,,,,32.30222,-12.358899999999998,spair,TT,4.0,8.287384334997428,4.0,pfwillow
snapshots/flyingthings_logsteps100_pretrainedTrue_freezeTrue_2025_12_10_01_43,flyingthings_logsteps100_pretrainedTrue_freezeTrue_2025_12_10_01_43,flyingthings,logsteps,100,True,True,2025_12_10_01_43,pointodyssey,5000,194448.65,38.88973,5,0.4082499450127766,0.021812824232873017,0.978187175767127,5.0,,,,,,,,,,0.1882881069376469,0.41394424094118654,0.5860557590588135,5.0,,,,,,,,,,,,,,,,,,,,,,,0.55,0.1,,,,,,,,,,,,,,,,,,,,,,,,,,,,,0.6,0.45,3.8032029735912674,0.8,0.6,0.34768365599014034,,,,24.515383333333332,14.374346666666668,spair,TT,20.0,13.28712266460227,20.0,pointodyssey
snapshots/flyingthings_steps100_pretrainedTrue_freezeTrue_2025_12_10_17_12,flyingthings_steps100_pretrainedTrue_freezeTrue_2025_12_10_17_12,flyingthings,steps,100,True,True,2025_12_10_17_12,pointodyssey,5000,174684.44999999998,34.93689,5,0.4082499450127766,0.021812824232873017,0.978187175767127,5.0,,,,,,,,,,0.1882881069376469,0.41394424094118654,0.5860557590588135,5.0,,,,,,,,,,,,,,,,,,,,,,,0.55,0.1,,,,,,,,,,,,,,,,,,,,,,,,,,,,,0.6,0.45,3.8032029735912674,0.8,0.6,0.34768365599014034,,,,24.515383333333332,10.421506666666666,spair,TT,13.0,13.28712266460227,13.0,pointodyssey
snapshots/flyingthings_steps100_pretrainedTrue_freezeTrue_2025_12_12_11_45,flyingthings_steps100_pretrainedTrue_freezeTrue_2025_12_12_11_45,flyingthings,steps,100,True,True,2025_12_12_11_45,pointodyssey,5000,180020.95,36.00419,5,0.4082499450127766,0.021812824232873017,0.978187175767127,5.0,,,,,,,,,,0.1882881069376469,0.41394424094118654,0.5860557590588135,5.0,,,,,,,,,,,,,,,,,,,,,,,0.55,0.1,,,,,,,,,,,,,,,,,,,,,,,,,,,,,0.6,0.45,3.8032029735912674,0.8,0.6,0.34768365599014034,,,,24.515383333333332,11.488806666666669,spair,TT,14.0,13.28712266460227,14.0,pointodyssey
snapshots/pointodyssey_logsteps100_pretrainedTrue_freezeTrue_2025_12_10_06_53,pointodyssey_logsteps100_pretrainedTrue_freezeTrue_2025_12_10_06_53,pointodyssey,logsteps,100,True,True,2025_12_10_06_53,pointodyssey,5000,171539.69999999998,34.307939999999995,5,0.10715245758486333,0.18830633185033918,0.8116936681496608,5.0,,,,,,,,,,0.31437955697384834,0.36621347509681856,0.6337865249031814,5.0,,,,,,,,,,,,,,,,,,,,,,,0.4,0.4,,,,,,,,,,,,,,,,,,,,,,,,,,,,,0.05,0.95,1.4610529515158115,0.95,0.45,0.5484957575678671,,,,24.515383333333332,9.792556666666663,spair,TT,11.0,15.122220282623061,11.0,pointodyssey
snapshots/pointodyssey_steps100_pretrainedTrue_freezeTrue_2025_12_11_00_21,pointodyssey_steps100_pretrainedTrue_freezeTrue_2025_12_11_00_21,pointodyssey,steps,100,True,True,2025_12_11_00_21,pointodyssey,5000,152033.35,30.406670000000002,5,0.10715245758486333,0.18830633185033918,0.8116936681496608,5.0,,,,,,,,,,0.31437955697384834,0.36621347509681856,0.6337865249031814,5.0,,,,,,,,,,,,,,,,,,,,,,,0.4,0.4,,,,,,,,,,,,,,,,,,,,,,,,,,,,,0.05,0.95,1.4610529515158115,0.95,0.45,0.5484957575678671,,,,24.515383333333332,5.8912866666666694,spair,TT,10.0,15.122220282623061,10.0,pointodyssey
snapshots/pointodyssey_steps100_pretrainedTrue_freezeTrue_2025_12_12_23_45,pointodyssey_steps100_pretrainedTrue_freezeTrue_2025_12_12_23_45,pointodyssey,steps,100,True,True,2025_12_12_23_45,pointodyssey,5000,139435.75,27.88715,5,0.10715245758486333,0.18830633185033918,0.8116936681496608,5.0,,,,,,,,,,0.31437955697384834,0.36621347509681856,0.6337865249031814,5.0,,,,,,,,,,,,,,,,,,,,,,,0.4,0.4,,,,,,,,,,,,,,,,,,,,,,,,,,,,,0.05,0.95,1.4610529515158115,0.95,0.45,0.5484957575678671,,,,24.515383333333332,3.371766666666666,spair,TT,9.0,15.122220282623061,9.0,pointodyssey
snapshots/sintel_logsteps100_pretrainedTrue_freezeTrue_2025_12_10_01_43,sintel_logsteps100_pretrainedTrue_freezeTrue_2025_12_10_01_43,sintel,logsteps,100,True,True,2025_12_10_01_43,pointodyssey,5000,182455.9,36.49118,5,0.37421064716112995,0.15933950842716846,0.8406604915728315,5.0,,,,,,,,,,0.13708729695873537,0.41684389190309706,0.583156108096903,5.0,,,,,,,,,,,,,,,,,,,,,,,0.25,0.25,,,,,,,,,,,,,,,,,,,,,,,,,,,,,0.35,0.8,1.6631506834659244,0.55,0.75,0.33574312563338077,,,,24.515383333333332,11.975796666666668,spair,TT,15.0,17.814109316655934,15.0,pointodyssey
snapshots/sintel_steps100_pretrainedTrue_freezeTrue_2025_12_10_12_22,sintel_steps100_pretrainedTrue_freezeTrue_2025_12_10_12_22,sintel,steps,100,True,True,2025_12_10_12_22,pointodyssey,5000,173114.00000000003,34.622800000000005,5,0.37421064716112995,0.15933950842716846,0.8406604915728315,5.0,,,,,,,,,,0.13708729695873537,0.41684389190309706,0.583156108096903,5.0,,,,,,,,,,,,,,,,,,,,,,,0.25,0.25,,,,,,,,,,,,,,,,,,,,,,,,,,,,,0.35,0.8,1.6631506834659244,0.55,0.75,0.33574312563338077,,,,24.515383333333332,10.107416666666673,spair,TT,12.0,17.814109316655934,12.0,pointodyssey
snapshots/sintel_steps100_pretrainedTrue_freezeTrue_2025_12_12_11_44,sintel_steps100_pretrainedTrue_freezeTrue_2025_12_12_11_44,sintel,steps,100,True,True,2025_12_12_11_44,pointodyssey,5000,185802.65000000002,37.16053,5,0.37421064716112995,0.15933950842716846,0.8406604915728315,5.0,,,,,,,,,,0.13708729695873537,0.41684389190309706,0.583156108096903,5.0,,,,,,,,,,,,,,,,,,,,,,,0.25,0.25,,,,,,,,,,,,,,,,,,,,,,,,,,,,,0.35,0.8,1.6631506834659244,0.55,0.75,0.33574312563338077,,,,24.515383333333332,12.645146666666669,spair,TT,17.0,17.814109316655934,17.0,pointodyssey
snapshots/spair_logsteps100_pretrainedTrue_freezeTrue_2025_12_10_06_26,spair_logsteps100_pretrainedTrue_freezeTrue_2025_12_10_06_26,spair,logsteps,100,True,True,2025_12_10_06_26,pointodyssey,5000,127572.4,25.51448,5,0.17485234399871272,0.002203433021932204,0.9977965669780678,5.0,,,,,,,,,,0.07632760447046509,0.47701994446616663,0.5229800555338333,5.0,,,,,,,,,,,,,,,,,,,,,,,0.95,0.95,,,,,,,,,,,,,,,,,,,,,,,,,,,,,0.2,0.05,6.115532806210528,0.05,0.95,0.09198502629095634,,,,24.515383333333332,0.9990966666666665,spair,TT,8.0,7.2665332971883005,8.0,pointodyssey
snapshots/spair_steps100_pretrainedTrue_freezeTrue_2025_12_10_19_45,spair_steps100_pretrainedTrue_freezeTrue_2025_12_10_19_45,spair,steps,100,True,True,2025_12_10_19_45,pointodyssey,5000,120705.95000000001,24.14119,5,0.17485234399871272,0.002203433021932204,0.9977965669780678,5.0,,,,,,,,,,0.07632760447046509,0.47701994446616663,0.5229800555338333,5.0,,,,,,,,,,,,,,,,,,,,,,,0.95,0.95,,,,,,,,,,,,,,,,,,,,,,,,,,,,,0.2,0.05,6.115532806210528,0.05,0.95,0.09198502629095634,,,,24.515383333333332,-0.3741933333333307,spair,TT,7.0,7.2665332971883005,7.0,pointodyssey
snapshots/spair_steps100_pretrainedTrue_freezeTrue_2025_12_12_11_46,spair_steps100_pretrainedTrue_freezeTrue_2025_12_12_11_46,spair,steps,100,True,True,2025_12_12_11_46,pointodyssey,5000,119452.4,23.89048,5,0.17485234399871272,0.002203433021932204,0.9977965669780678,5.0,,,,,,,,,,0.07632760447046509,0.47701994446616663,0.5229800555338333,5.0,,,,,,,,,,,,,,,,,,,,,,,0.95,0.95,,,,,,,,,,,,,,,,,,,,,,,,,,,,,0.2,0.05,6.115532806210528,0.05,0.95,0.09198502629095634,,,,24.515383333333332,-0.6249033333333323,spair,TT,6.0,7.2665332971883005,6.0,pointodyssey
snapshots/spair_synthetic_70_30_steps100_pretrainedTrue_freezeTrue_2025_12_16_15_25,spair_synthetic_70_30_steps100_pretrainedTrue_freezeTrue_2025_12_16_15_25,spair_synthetic_70_30,steps,100,True,True,2025_12_16_15_25,pointodyssey,5000,187506.9,37.50138,5,0.4446765370204937,0.011357379793307965,0.988642620206692,5.0,,,,,,,,,,0.16116633710853606,0.4399515645832995,0.5600484354167006,5.0,,,,,,,,,,,,,,,,,,,,,,,0.8,0.0,,,,,,,,,,,,,,,,,,,,,,,,,,,,,0.8,0.35,4.466465176932214,0.7,0.85,0.24135863144402683,,,,24.515383333333332,12.985996666666665,spair,TT,18.0,14.372773007064675,18.0,pointodyssey
snapshots/synthetic_large_zoom_steps100_pretrainedTrue_freezeTrue_2025_12_11_10_14,synthetic_large_zoom_steps100_pretrainedTrue_freezeTrue_2025_12_11_10_14,synthetic_large_zoom,steps,100,True,True,2025_12_11_10_14,pointodyssey,5000,191011.40000000002,38.20228,5,0.4390874723360302,0.05233240560701565,0.9476675943929843,5.0,,,,,,,,,,0.13145580298810197,0.35897691603259574,0.6410230839674043,5.0,,,,,,,,,,,,,,,,,,,,,,,0.125,0.525,,,,,,,,,,,,,,,,,,,,,,,,,,,,,0.725,0.575,2.8963880126722974,0.425,0.125,0.5798073830258472,,,,24.515383333333332,13.68689666666667,spair,TT,19.0,9.934416328412503,19.0,pointodyssey
snapshots/synthetic_large_zoom_steps100_pretrainedTrue_freezeTrue_2025_12_13_11_43,synthetic_large_zoom_steps100_pretrainedTrue_freezeTrue_2025_12_13_11_43,synthetic_large_zoom,steps,100,True,True,2025_12_13_11_43,pointodyssey,5000,80376.1,16.07522,3,0.4390874723360302,0.05233240560701565,0.9476675943929843,5.0,,,,,,,,,,0.13145580298810197,0.35897691603259574,0.6410230839674043,5.0,,,,,,,,,,,,,,,,,,,,,,,0.125,0.525,,,,,,,,,,,,,,,,,,,,,,,,,,,,,0.725,0.575,2.8963880126722974,0.425,0.125,0.5798073830258472,,,,24.515383333333332,-8.44016333333333,spair,TT,2.0,9.934416328412503,2.0,pointodyssey
snapshots/synthetic_logsteps100_pretrainedTrue_freezeTrue_2025_12_10_12_06,synthetic_logsteps100_pretrainedTrue_freezeTrue_2025_12_10_12_06,synthetic,logsteps,100,True,True,2025_12_10_12_06,pointodyssey,5000,201326.45,40.26529,5,0.4912138413772169,0.010175694422755902,0.9898243055772441,5.0,,,,,,,,,,0.11988614315060553,0.35932962604398555,0.6406703739560144,5.0,,,,,,,,,,,,,,,,,,,,,,,0.7,0.65,,,,,,,,,,,,,,,,,,,,,,,,,,,,,0.9,0.25,4.577525481328662,0.2,0.25,0.5782749418414258,,,,24.515383333333332,15.749906666666668,spair,TT,21.0,5.101510329633063,21.0,pointodyssey
snapshots/synthetic_random_flipping_steps100_pretrainedTrue_freezeTrue_2025_12_13_11_45,synthetic_random_flipping_steps100_pretrainedTrue_freezeTrue_2025_12_13_11_45,synthetic_random_flipping,steps,100,True,True,2025_12_13_11_45,pointodyssey,5000,88395.45,17.67909,3,0.4982493805558036,0.006035616655138001,0.993964383344862,5.0,,,,,,,,,,0.13770506225983042,0.35949402558235105,0.6405059744176489,5.0,,,,,,,,,,,,,,,,,,,,,,,0.85,0.75,,,,,,,,,,,,,,,,,,,,,,,,,,,,,1.0,0.15,5.104023345232653,0.65,0.35,0.5775608906966444,,,,24.515383333333332,-6.836293333333334,spair,TT,3.0,6.960765403952642,3.0,pointodyssey
snapshots/synthetic_small_zoom_steps100_pretrainedTrue_freezeTrue_2025_12_11_07_40,synthetic_small_zoom_steps100_pretrainedTrue_freezeTrue_2025_12_11_07_40,synthetic_small_zoom,steps,100,True,True,2025_12_11_07_40,pointodyssey,5000,216133.05000000002,43.22661,5,0.3840252955944229,0.08282191559930063,0.9171780844006994,5.0,,,,,,,,,,0.12547033116376127,0.3580170568856405,0.6419829431143595,5.0,,,,,,,,,,,,,,,,,,,,,,,0.025,0.825,,,,,,,,,,,,,,,,,,,,,,,,,,,,,0.475,0.675,2.404608949153439,0.325,0.025,0.5839811047816476,,,,24.515383333333332,18.71122666666667,spair,TT,22.0,8.797284915739194,22.0,pointodyssey
snapshots/synthetic_small_zoom_steps100_pretrainedTrue_freezeTrue_2025_12_13_11_36,synthetic_small_zoom_steps100_pretrainedTrue_freezeTrue_2025_12_13_11_36,synthetic_small_zoom,steps,100,True,True,2025_12_13_11_36,pointodyssey,5000,79209.8,15.84196,3,0.3840252955944229,0.08282191559930063,0.9171780844006994,5.0,,,,,,,,,,0.12547033116376127,0.3580170568856405,0.6419829431143595,5.0,,,,,,,,,,,,,,,,,,,,,,,0.025,0.825,,,,,,,,,,,,,,,,,,,,,,,,,,,,,0.475,0.675,2.404608949153439,0.325,0.025,0.5839811047816476,,,,24.515383333333332,-8.673423333333332,spair,TT,1.0,8.797284915739194,1.0,pointodyssey
snapshots/synthetic_steps100_pretrainedTrue_freezeTrue_2025_12_11_05_11,synthetic_steps100_pretrainedTrue_freezeTrue_2025_12_11_05_11,synthetic,steps,100,True,True,2025_12_11_05_11,pointodyssey,5000,106236.3,21.24726,3,0.4912138413772169,0.010175694422755902,0.9898243055772441,5.0,,,,,,,,,,0.11988614315060553,0.35932962604398555,0.6406703739560144,5.0,,,,,,,,,,,,,,,,,,,,,,,0.7,0.65,,,,,,,,,,,,,,,,,,,,,,,,,,,,,0.9,0.25,4.577525481328662,0.2,0.25,0.5782749418414258,,,,24.515383333333332,-3.2681233333333317,spair,TT,5.0,5.101510329633063,5.0,pointodyssey
snapshots/synthetic_steps100_pretrainedTrue_freezeTrue_2025_12_12_23_46,synthetic_steps100_pretrainedTrue_freezeTrue_2025_12_12_23_46,synthetic,steps,100,True,True,2025_12_12_23_46,pointodyssey,5000,92424.55,18.48491,3,0.4912138413772169,0.010175694422755902,0.9898243055772441,5.0,,,,,,,,,,0.11988614315060553,0.35932962604398555,0.6406703739560144,5.0,,,,,,,,,,,,,,,,,,,,,,,0.7,0.65,,,,,,,,,,,,,,,,,,,,,,,,,,,,,0.9,0.25,4.577525481328662,0.2,0.25,0.5782749418414258,,,,24.515383333333332,-6.030473333333333,spair,TT,4.0,5.101510329633063,4.0,pointodyssey
snapshots/flyingthings_logsteps100_pretrainedTrue_freezeTrue_2025_12_10_01_43,flyingthings_logsteps100_pretrainedTrue_freezeTrue_2025_12_10_01_43,flyingthings,logsteps,100,True,True,2025_12_10_01_43,spair,5000,67824.6,13.56492,5,0.09125962146328671,0.19656057662087867,0.8034394233791213,5.0,,,,,,,,,,0.347179910929156,0.18780731035308168,0.8121926896469183,5.0,,,,,,,,,,,,,,,,,,,,,,,0.45,0.4,,,,,,,,,,,,,,,,,,,,,,,,,,,,,0.55,0.05,1.4079311296245203,0.75,0.6,1.4643211222464279,,,,19.357693333333334,-5.792773333333333,spair,TT,11.0,8.39752027199969,11.0,spair
snapshots/flyingthings_steps100_pretrainedTrue_freezeTrue_2025_12_10_17_12,flyingthings_steps100_pretrainedTrue_freezeTrue_2025_12_10_17_12,flyingthings,steps,100,True,True,2025_12_10_17_12,spair,5000,69755.65,13.95113,5,0.09125962146328671,0.19656057662087867,0.8034394233791213,5.0,,,,,,,,,,0.347179910929156,0.18780731035308168,0.8121926896469183,5.0,,,,,,,,,,,,,,,,,,,,,,,0.45,0.4,,,,,,,,,,,,,,,,,,,,,,,,,,,,,0.55,0.05,1.4079311296245203,0.75,0.6,1.4643211222464279,,,,19.357693333333334,-5.4065633333333345,spair,TT,14.0,8.39752027199969,14.0,spair
snapshots/flyingthings_steps100_pretrainedTrue_freezeTrue_2025_12_12_11_45,flyingthings_steps100_pretrainedTrue_freezeTrue_2025_12_12_11_45,flyingthings,steps,100,True,True,2025_12_12_11_45,spair,5000,64279.04999999999,12.855809999999998,5,0.09125962146328671,0.19656057662087867,0.8034394233791213,5.0,,,,,,,,,,0.347179910929156,0.18780731035308168,0.8121926896469183,5.0,,,,,,,,,,,,,,,,,,,,,,,0.45,0.4,,,,,,,,,,,,,,,,,,,,,,,,,,,,,0.55,0.05,1.4079311296245203,0.75,0.6,1.4643211222464279,,,,19.357693333333334,-6.5018833333333355,spair,TT,9.0,8.39752027199969,9.0,spair
snapshots/pointodyssey_logsteps100_pretrainedTrue_freezeTrue_2025_12_10_06_53,pointodyssey_logsteps100_pretrainedTrue_freezeTrue_2025_12_10_06_53,pointodyssey,logsteps,100,True,True,2025_12_10_06_53,spair,5000,58816.7,11.76334,5,0.0005703526500719621,0.21581575034459238,0.7841842496554077,5.0,,,,,,,,,,0.4696574244779277,0.14674974089102635,0.8532502591089737,5.0,,,,,,,,,,,,,,,,,,,,,,,0.95,0.1,,,,,,,,,,,,,,,,,,,,,,,,,,,,,0.05,0.6,1.2902189690527288,0.95,0.45,1.760324198401991,,,,19.357693333333334,-7.594353333333334,spair,TT,7.0,7.741257945635675,7.0,spair
snapshots/pointodyssey_steps100_pretrainedTrue_freezeTrue_2025_12_11_00_21,pointodyssey_steps100_pretrainedTrue_freezeTrue_2025_12_11_00_21,pointodyssey,steps,100,True,True,2025_12_11_00_21,spair,5000,60128.3,12.02566,5,0.0005703526500719621,0.21581575034459238,0.7841842496554077,5.0,,,,,,,,,,0.4696574244779277,0.14674974089102635,0.8532502591089737,5.0,,,,,,,,,,,,,,,,,,,,,,,0.95,0.1,,,,,,,,,,,,,,,,,,,,,,,,,,,,,0.05,0.6,1.2902189690527288,0.95,0.45,1.760324198401991,,,,19.357693333333334,-7.332033333333333,spair,TT,8.0,7.741257945635675,8.0,spair
snapshots/pointodyssey_steps100_pretrainedTrue_freezeTrue_2025_12_12_23_45,pointodyssey_steps100_pretrainedTrue_freezeTrue_2025_12_12_23_45,pointodyssey,steps,100,True,True,2025_12_12_23_45,spair,5000,45422.549999999996,9.08451,5,0.0005703526500719621,0.21581575034459238,0.7841842496554077,5.0,,,,,,,,,,0.4696574244779277,0.14674974089102635,0.8532502591089737,5.0,,,,,,,,,,,,,,,,,,,,,,,0.95,0.1,,,,,,,,,,,,,,,,,,,,,,,,,,,,,0.05,0.6,1.2902189690527288,0.95,0.45,1.760324198401991,,,,19.357693333333334,-10.273183333333334,spair,TT,5.0,7.741257945635675,5.0,spair
snapshots/sintel_logsteps100_pretrainedTrue_freezeTrue_2025_12_10_01_43,sintel_logsteps100_pretrainedTrue_freezeTrue_2025_12_10_01_43,sintel,logsteps,100,True,True,2025_12_10_01_43,spair,5000,68421.45000000001,13.684290000000003,5,0.013136369740861234,0.20444686104311027,0.7955531389568897,5.0,,,,,,,,,,0.29368800909047776,0.20112683819240526,0.7988731618075947,5.0,,,,,,,,,,,,,,,,,,,,,,,0.7,0.55,,,,,,,,,,,,,,,,,,,,,,,,,,,,,0.2,0.2,1.3587295514733235,0.6,0.75,1.379266442168716,,,,19.357693333333334,-5.673403333333331,spair,TT,13.0,8.040410338399573,13.0,spair
snapshots/sintel_steps100_pretrainedTrue_freezeTrue_2025_12_10_12_22,sintel_steps100_pretrainedTrue_freezeTrue_2025_12_10_12_22,sintel,steps,100,True,True,2025_12_10_12_22,spair,5000,64866.15,12.973230000000001,5,0.013136369740861234,0.20444686104311027,0.7955531389568897,5.0,,,,,,,,,,0.29368800909047776,0.20112683819240526,0.7988731618075947,5.0,,,,,,,,,,,,,,,,,,,,,,,0.7,0.55,,,,,,,,,,,,,,,,,,,,,,,,,,,,,0.2,0.2,1.3587295514733235,0.6,0.75,1.379266442168716,,,,19.357693333333334,-6.384463333333333,spair,TT,10.0,8.040410338399573,10.0,spair
snapshots/sintel_steps100_pretrainedTrue_freezeTrue_2025_12_12_11_44,sintel_steps100_pretrainedTrue_freezeTrue_2025_12_12_11_44,sintel,steps,100,True,True,2025_12_12_11_44,spair,5000,67856.40000000001,13.571280000000002,5,0.013136369740861234,0.20444686104311027,0.7955531389568897,5.0,,,,,,,,,,0.29368800909047776,0.20112683819240526,0.7988731618075947,5.0,,,,,,,,,,,,,,,,,,,,,,,0.7,0.55,,,,,,,,,,,,,,,,,,,,,,,,,,,,,0.2,0.2,1.3587295514733235,0.6,0.75,1.379266442168716,,,,19.357693333333334,-5.786413333333332,spair,TT,12.0,8.040410338399573,12.0,spair
snapshots/spair_logsteps100_pretrainedTrue_freezeTrue_2025_12_10_06_26,spair_logsteps100_pretrainedTrue_freezeTrue_2025_12_10_06_26,spair,logsteps,100,True,True,2025_12_10_06_26,spair,5000,100715.1,20.14302,5,0.15634457368782811,0.256408856121145,0.7435911438788549,5.0,,,,,,,,,,0.25096959222398396,0.3366498224628481,0.663350177537152,5.0,,,,,,,,,,,,,,,,,,,,,,,0.1,0.25,,,,,,,,,,,,,,,,,,,,,,,,,,,,,0.7,0.95,1.064718081280527,0.2,0.95,0.6782597343731446,,,,19.357693333333334,0.7853266666666663,spair,TT,21.0,22.0,21.0,spair
snapshots/spair_steps100_pretrainedTrue_freezeTrue_2025_12_10_19_45,spair_steps100_pretrainedTrue_freezeTrue_2025_12_10_19_45,spair,steps,100,True,True,2025_12_10_19_45,spair,5000,94215.84999999999,18.843169999999997,5,0.15634457368782811,0.256408856121145,0.7435911438788549,5.0,,,,,,,,,,0.25096959222398396,0.3366498224628481,0.663350177537152,5.0,,,,,,,,,,,,,,,,,,,,,,,0.1,0.25,,,,,,,,,,,,,,,,,,,,,,,,,,,,,0.7,0.95,1.064718081280527,0.2,0.95,0.6782597343731446,,,,19.357693333333334,-0.5145233333333366,spair,TT,18.0,22.0,18.0,spair
snapshots/spair_steps100_pretrainedTrue_freezeTrue_2025_12_12_11_46,spair_steps100_pretrainedTrue_freezeTrue_2025_12_12_11_46,spair,steps,100,True,True,2025_12_12_11_46,spair,5000,95434.45000000001,19.086890000000004,5,0.15634457368782811,0.256408856121145,0.7435911438788549,5.0,,,,,,,,,,0.25096959222398396,0.3366498224628481,0.663350177537152,5.0,,,,,,,,,,,,,,,,,,,,,,,0.1,0.25,,,,,,,,,,,,,,,,,,,,,,,,,,,,,0.7,0.95,1.064718081280527,0.2,0.95,0.6782597343731446,,,,19.357693333333334,-0.27080333333332973,spair,TT,20.0,22.0,20.0,spair
snapshots/spair_synthetic_70_30_steps100_pretrainedTrue_freezeTrue_2025_12_16_15_25,spair_synthetic_70_30_steps100_pretrainedTrue_freezeTrue_2025_12_16_15_25,spair_synthetic_70_30,steps,100,True,True,2025_12_16_15_25,spair,5000,105941.95,21.18839,5,0.2115361252673823,0.21496286981671772,0.7850371301832823,5.0,,,,,,,,,,0.37706733889971333,0.24211849159439708,0.757881508405603,5.0,,,,,,,,,,,,,,,,,,,,,,,0.2,0.0,,,,,,,,,,,,,,,,,,,,,,,,,,,,,0.8,0.5,1.2952657015736948,0.85,0.85,1.1410998110459458,,,,19.357693333333334,1.8306966666666646,spair,TT,22.0,20.658224306090545,22.0,spair
snapshots/synthetic_large_zoom_steps100_pretrainedTrue_freezeTrue_2025_12_11_10_14,synthetic_large_zoom_steps100_pretrainedTrue_freezeTrue_2025_12_11_10_14,synthetic_large_zoom,steps,100,True,True,2025_12_11_10_14,spair,5000,83692.65,16.738529999999997,5,0.048510170264011956,0.22227239662955522,0.7777276033704448,5.0,,,,,,,,,,0.2605665024025259,0.1319112667807044,0.8680887332192956,5.0,,,,,,,,,,,,,,,,,,,,,,,0.575,0.675,,,,,,,,,,,,,,,,,,,,,,,,,,,,,0.425,0.825,1.252472697114787,0.425,0.275,1.8841644614606872,,,,19.357693333333334,-2.6191633333333364,spair,TT,15.0,10.702336710326815,15.0,spair
snapshots/synthetic_large_zoom_steps100_pretrainedTrue_freezeTrue_2025_12_13_11_43,synthetic_large_zoom_steps100_pretrainedTrue_freezeTrue_2025_12_13_11_43,synthetic_large_zoom,steps,100,True,True,2025_12_13_11_43,spair,5000,41481.25,8.29625,3,0.048510170264011956,0.22227239662955522,0.7777276033704448,5.0,,,,,,,,,,0.2605665024025259,0.1319112667807044,0.8680887332192956,5.0,,,,,,,,,,,,,,,,,,,,,,,0.575,0.675,,,,,,,,,,,,,,,,,,,,,,,,,,,,,0.425,0.825,1.252472697114787,0.425,0.275,1.8841644614606872,,,,19.357693333333334,-11.061443333333333,spair,TT,2.0,10.702336710326815,2.0,spair
snapshots/synthetic_logsteps100_pretrainedTrue_freezeTrue_2025_12_10_12_06,synthetic_logsteps100_pretrainedTrue_freezeTrue_2025_12_10_12_06,synthetic,logsteps,100,True,True,2025_12_10_12_06,spair,5000,93144.6,18.62892,5,0.23179232479557202,0.21434965011751103,0.7856503498824889,5.0,,,,,,,,,,0.242875389943555,0.13177144685476078,0.8682285531452392,5.0,,,,,,,,,,,,,,,,,,,,,,,0.3,0.8,,,,,,,,,,,,,,,,,,,,,,,,,,,,,0.9,0.4,1.2989032852300704,0.05,0.15,1.8853860314256172,,,,19.357693333333334,-0.7287733333333328,spair,TT,17.0,8.047776835094606,17.0,spair
snapshots/synthetic_random_flipping_steps100_pretrainedTrue_freezeTrue_2025_12_13_11_45,synthetic_random_flipping_steps100_pretrainedTrue_freezeTrue_2025_12_13_11_45,synthetic_random_flipping,steps,100,True,True,2025_12_13_11_45,spair,5000,45347.100000000006,9.069420000000001,3,0.3351693664686225,0.2123643528352911,0.7876356471647089,5.0,,,,,,,,,,0.265993674475232,0.13245490335863416,0.8675450966413658,5.0,,,,,,,,,,,,,,,,,,,,,,,0.0,0.9,,,,,,,,,,,,,,,,,,,,,,,,,,,,,1.0,0.3,1.310732161293906,0.5,0.35,1.8794252595877818,,,,19.357693333333334,-10.288273333333333,spair,TT,4.0,12.034411522222157,4.0,spair
snapshots/synthetic_small_zoom_steps100_pretrainedTrue_freezeTrue_2025_12_11_07_40,synthetic_small_zoom_steps100_pretrainedTrue_freezeTrue_2025_12_11_07_40,synthetic_small_zoom,steps,100,True,True,2025_12_11_07_40,spair,5000,86295.84999999999,17.259169999999997,5,0.021419903822824143,0.21905209141419607,0.780947908585804,5.0,,,,,,,,,,0.2524893330975576,0.131081355238176,0.868918644761824,5.0,,,,,,,,,,,,,,,,,,,,,,,0.825,0.975,,,,,,,,,,,,,,,,,,,,,,,,,,,,,0.325,0.725,1.2711988873905977,0.325,0.025,1.891431338713476,,,,19.357693333333334,-2.098523333333336,spair,TT,16.0,3.8130923944353,16.0,spair
snapshots/synthetic_small_zoom_steps100_pretrainedTrue_freezeTrue_2025_12_13_11_36,synthetic_small_zoom_steps100_pretrainedTrue_freezeTrue_2025_12_13_11_36,synthetic_small_zoom,steps,100,True,True,2025_12_13_11_36,spair,5000,33553.3,6.710660000000001,3,0.021419903822824143,0.21905209141419607,0.780947908585804,5.0,,,,,,,,,,0.2524893330975576,0.131081355238176,0.868918644761824,5.0,,,,,,,,,,,,,,,,,,,,,,,0.825,0.975,,,,,,,,,,,,,,,,,,,,,,,,,,,,,0.325,0.725,1.2711988873905977,0.325,0.025,1.891431338713476,,,,19.357693333333334,-12.647033333333333,spair,TT,1.0,3.8130923944353,1.0,spair
snapshots/synthetic_steps100_pretrainedTrue_freezeTrue_2025_12_11_05_11,synthetic_steps100_pretrainedTrue_freezeTrue_2025_12_11_05_11,synthetic,steps,100,True,True,2025_12_11_05_11,spair,5000,47635.25,9.52705,3,0.23179232479557202,0.21434965011751103,0.7856503498824889,5.0,,,,,,,,,,0.242875389943555,0.13177144685476078,0.8682285531452392,5.0,,,,,,,,,,,,,,,,,,,,,,,0.3,0.8,,,,,,,,,,,,,,,,,,,,,,,,,,,,,0.9,0.4,1.2989032852300704,0.05,0.15,1.8853860314256172,,,,19.357693333333334,-9.830643333333335,spair,TT,6.0,8.047776835094606,6.0,spair
snapshots/synthetic_steps100_pretrainedTrue_freezeTrue_2025_12_12_23_46,synthetic_steps100_pretrainedTrue_freezeTrue_2025_12_12_23_46,synthetic,steps,100,True,True,2025_12_12_23_46,spair,5000,44432.3,8.886460000000001,3,0.23179232479557202,0.21434965011751103,0.7856503498824889,5.0,,,,,,,,,,0.242875389943555,0.13177144685476078,0.8682285531452392,5.0,,,,,,,,,,,,,,,,,,,,,,,0.3,0.8,,,,,,,,,,,,,,,,,,,,,,,,,,,,,0.9,0.4,1.2989032852300704,0.05,0.15,1.8853860314256172,,,,19.357693333333334,-10.471233333333332,spair,TT,3.0,8.047776835094606,3.0,spair
snapshots/flyingthings_logsteps100_pretrainedTrue_freezeTrue_2025_12_10_01_43,flyingthings_logsteps100_pretrainedTrue_freezeTrue_2025_12_10_01_43,flyingthings,logsteps,100,True,True,2025_12_10_01_43,tss,5000,263145.85,52.629169999999995,5,0.25194177323437505,0.20679552125917458,0.7932044787408254,5.0,,,,,,,,,,0.31016024371844986,0.3222268636529011,0.6777731363470989,5.0,,,,,,,,,,,,,,,,,,,,,,,0.45,0.25,,,,,,,,,,,,,,,,,,,,,,,,,,,,,0.7,0.45,1.344350558004645,0.75,0.6,0.7435567818146176,,,,43.74900333333333,8.880166666666668,spair,TT,19.0,14.086746160120851,19.0,tss
snapshots/flyingthings_steps100_pretrainedTrue_freezeTrue_2025_12_10_17_12,flyingthings_steps100_pretrainedTrue_freezeTrue_2025_12_10_17_12,flyingthings,steps,100,True,True,2025_12_10_17_12,tss,5000,264994.5,52.9989,5,0.25194177323437505,0.20679552125917458,0.7932044787408254,5.0,,,,,,,,,,0.31016024371844986,0.3222268636529011,0.6777731363470989,5.0,,,,,,,,,,,,,,,,,,,,,,,0.45,0.25,,,,,,,,,,,,,,,,,,,,,,,,,,,,,0.7,0.45,1.344350558004645,0.75,0.6,0.7435567818146176,,,,43.74900333333333,9.249896666666672,spair,TT,21.0,14.086746160120851,21.0,tss
snapshots/flyingthings_steps100_pretrainedTrue_freezeTrue_2025_12_12_11_45,flyingthings_steps100_pretrainedTrue_freezeTrue_2025_12_12_11_45,flyingthings,steps,100,True,True,2025_12_12_11_45,tss,5000,264196.79999999993,52.839359999999985,5,0.25194177323437505,0.20679552125917458,0.7932044787408254,5.0,,,,,,,,,,0.31016024371844986,0.3222268636529011,0.6777731363470989,5.0,,,,,,,,,,,,,,,,,,,,,,,0.45,0.25,,,,,,,,,,,,,,,,,,,,,,,,,,,,,0.7,0.45,1.344350558004645,0.75,0.6,0.7435567818146176,,,,43.74900333333333,9.090356666666658,spair,TT,20.0,14.086746160120851,20.0,tss
snapshots/pointodyssey_logsteps100_pretrainedTrue_freezeTrue_2025_12_10_06_53,pointodyssey_logsteps100_pretrainedTrue_freezeTrue_2025_12_10_06_53,pointodyssey,logsteps,100,True,True,2025_12_10_06_53,tss,5000,211470.15,42.29403,5,0.005454058848063383,0.300341725744685,0.699658274255315,5.0,,,,,,,,,,0.4403209416696909,0.2677039344736122,0.7322960655263878,5.0,,,,,,,,,,,,,,,,,,,,,,,0.95,0.1,,,,,,,,,,,,,,,,,,,,,,,,,,,,,0.05,0.95,0.8456711240038567,0.95,0.45,1.0063032455483736,,,,43.74900333333333,-1.454973333333328,spair,TT,8.0,12.699391515055224,8.0,tss
snapshots/pointodyssey_steps100_pretrainedTrue_freezeTrue_2025_12_11_00_21,pointodyssey_steps100_pretrainedTrue_freezeTrue_2025_12_11_00_21,pointodyssey,steps,100,True,True,2025_12_11_00_21,tss,5000,206886.05,41.37721,5,0.005454058848063383,0.300341725744685,0.699658274255315,5.0,,,,,,,,,,0.4403209416696909,0.2677039344736122,0.7322960655263878,5.0,,,,,,,,,,,,,,,,,,,,,,,0.95,0.1,,,,,,,,,,,,,,,,,,,,,,,,,,,,,0.05,0.95,0.8456711240038567,0.95,0.45,1.0063032455483736,,,,43.74900333333333,-2.371793333333329,spair,TT,7.0,12.699391515055224,7.0,tss
snapshots/pointodyssey_steps100_pretrainedTrue_freezeTrue_2025_12_12_23_45,pointodyssey_steps100_pretrainedTrue_freezeTrue_2025_12_12_23_45,pointodyssey,steps,100,True,True,2025_12_12_23_45,tss,5000,171723.30000000002,34.344660000000005,5,0.005454058848063383,0.300341725744685,0.699658274255315,5.0,,,,,,,,,,0.4403209416696909,0.2677039344736122,0.7322960655263878,5.0,,,,,,,,,,,,,,,,,,,,,,,0.95,0.1,,,,,,,,,,,,,,,,,,,,,,,,,,,,,0.05,0.95,0.8456711240038567,0.95,0.45,1.0063032455483736,,,,43.74900333333333,-9.404343333333323,spair,TT,6.0,12.699391515055224,6.0,tss
snapshots/sintel_logsteps100_pretrainedTrue_freezeTrue_2025_12_10_01_43,sintel_logsteps100_pretrainedTrue_freezeTrue_2025_12_10_01_43,sintel,logsteps,100,True,True,2025_12_10_01_43,tss,5000,255510.80000000002,51.102160000000005,5,0.0700250005071063,0.2621518124242335,0.7378481875757665,5.0,,,,,,,,,,0.25992287216646154,0.3384726858458901,0.6615273141541099,5.0,,,,,,,,,,,,,,,,,,,,,,,0.6,0.4,,,,,,,,,,,,,,,,,,,,,,,,,,,,,0.2,0.7,1.0348143228616187,0.6,0.75,0.6701078765845903,,,,43.74900333333333,7.353156666666678,spair,TT,15.0,14.041970583092677,15.0,tss
snapshots/sintel_steps100_pretrainedTrue_freezeTrue_2025_12_10_12_22,sintel_steps100_pretrainedTrue_freezeTrue_2025_12_10_12_22,sintel,steps,100,True,True,2025_12_10_12_22,tss,5000,254986.4,50.997279999999996,5,0.0700250005071063,0.2621518124242335,0.7378481875757665,5.0,,,,,,,,,,0.25992287216646154,0.3384726858458901,0.6615273141541099,5.0,,,,,,,,,,,,,,,,,,,,,,,0.6,0.4,,,,,,,,,,,,,,,,,,,,,,,,,,,,,0.2,0.7,1.0348143228616187,0.6,0.75,0.6701078765845903,,,,43.74900333333333,7.248276666666669,spair,TT,13.0,14.041970583092677,13.0,tss
snapshots/sintel_steps100_pretrainedTrue_freezeTrue_2025_12_12_11_44,sintel_steps100_pretrainedTrue_freezeTrue_2025_12_12_11_44,sintel,steps,100,True,True,2025_12_12_11_44,tss,5000,255360.25000000003,51.072050000000004,5,0.0700250005071063,0.2621518124242335,0.7378481875757665,5.0,,,,,,,,,,0.25992287216646154,0.3384726858458901,0.6615273141541099,5.0,,,,,,,,,,,,,,,,,,,,,,,0.6,0.4,,,,,,,,,,,,,,,,,,,,,,,,,,,,,0.2,0.7,1.0348143228616187,0.6,0.75,0.6701078765845903,,,,43.74900333333333,7.323046666666677,spair,TT,14.0,14.041970583092677,14.0,tss
snapshots/spair_logsteps100_pretrainedTrue_freezeTrue_2025_12_10_06_26,spair_logsteps100_pretrainedTrue_freezeTrue_2025_12_10_06_26,spair,logsteps,100,True,True,2025_12_10_06_26,tss,5000,224437.75,44.88755,5,0.2353696531493985,0.11281569576302089,0.8871843042369791,5.0,,,,,,,,,,0.19765368820387885,0.4399131726444521,0.5600868273555479,5.0,,,,,,,,,,,,,,,,,,,,,,,0.8,0.85,,,,,,,,,,,,,,,,,,,,,,,,,,,,,0.55,0.05,2.062297268313479,0.05,0.95,0.24151444801931599,,,,43.74900333333333,1.1385466666666701,spair,TT,11.0,9.428255946083397,11.0,tss
snapshots/spair_steps100_pretrainedTrue_freezeTrue_2025_12_10_19_45,spair_steps100_pretrainedTrue_freezeTrue_2025_12_10_19_45,spair,steps,100,True,True,2025_12_10_19_45,tss,5000,218391.84999999998,43.678369999999994,5,0.2353696531493985,0.11281569576302089,0.8871843042369791,5.0,,,,,,,,,,0.19765368820387885,0.4399131726444521,0.5600868273555479,5.0,,,,,,,,,,,,,,,,,,,,,,,0.8,0.85,,,,,,,,,,,,,,,,,,,,,,,,,,,,,0.55,0.05,2.062297268313479,0.05,0.95,0.24151444801931599,,,,43.74900333333333,-0.07063333333333333,spair,TT,10.0,9.428255946083397,10.0,tss
snapshots/spair_steps100_pretrainedTrue_freezeTrue_2025_12_12_11_46,spair_steps100_pretrainedTrue_freezeTrue_2025_12_12_11_46,spair,steps,100,True,True,2025_12_12_11_46,tss,5000,213405.45,42.681090000000005,5,0.2353696531493985,0.11281569576302089,0.8871843042369791,5.0,,,,,,,,,,0.19765368820387885,0.4399131726444521,0.5600868273555479,5.0,,,,,,,,,,,,,,,,,,,,,,,0.8,0.85,,,,,,,,,,,,,,,,,,,,,,,,,,,,,0.55,0.05,2.062297268313479,0.05,0.95,0.24151444801931599,,,,43.74900333333333,-1.0679133333333226,spair,TT,9.0,9.428255946083397,9.0,tss
snapshots/spair_synthetic_70_30_steps100_pretrainedTrue_freezeTrue_2025_12_16_15_25,spair_synthetic_70_30_steps100_pretrainedTrue_freezeTrue_2025_12_16_15_25,spair_synthetic_70_30,steps,100,True,True,2025_12_16_15_25,tss,5000,258315.44999999998,51.66309,5,0.36714246507410053,0.18104083092359455,0.8189591690764054,5.0,,,,,,,,,,0.3257142258519732,0.37265775157745673,0.6273422484225433,5.0,,,,,,,,,,,,,,,,,,,,,,,0.0,0.0,,,,,,,,,,,,,,,,,,,,,,,,,,,,,0.8,0.35,1.5093116369641864,0.85,0.85,0.5208318001253083,,,,43.74900333333333,7.91408666666667,spair,TT,17.0,19.004186834804088,17.0,tss
snapshots/synthetic_large_zoom_steps100_pretrainedTrue_freezeTrue_2025_12_11_10_14,synthetic_large_zoom_steps100_pretrainedTrue_freezeTrue_2025_12_11_10_14,synthetic_large_zoom,steps,100,True,True,2025_12_11_10_14,tss,5000,257381.40000000002,51.47628,5,0.16923211159058624,0.25606465413585217,0.7439353458641478,5.0,,,,,,,,,,0.23138486099582722,0.2569072426205107,0.7430927573794893,5.0,,,,,,,,,,,,,,,,,,,,,,,0.225,0.525,,,,,,,,,,,,,,,,,,,,,,,,,,,,,0.425,0.575,1.0665241625257393,0.425,0.275,1.0621057825298232,,,,43.74900333333333,7.7272766666666755,spair,TT,16.0,10.072939314722058,16.0,tss
snapshots/synthetic_large_zoom_steps100_pretrainedTrue_freezeTrue_2025_12_13_11_43,synthetic_large_zoom_steps100_pretrainedTrue_freezeTrue_2025_12_13_11_43,synthetic_large_zoom,steps,100,True,True,2025_12_13_11_43,tss,5000,134958.7,26.991740000000004,3,0.16923211159058624,0.25606465413585217,0.7439353458641478,5.0,,,,,,,,,,0.23138486099582722,0.2569072426205107,0.7430927573794893,5.0,,,,,,,,,,,,,,,,,,,,,,,0.225,0.525,,,,,,,,,,,,,,,,,,,,,,,,,,,,,0.425,0.575,1.0665241625257393,0.425,0.275,1.0621057825298232,,,,43.74900333333333,-16.757263333333324,spair,TT,5.0,10.072939314722058,5.0,tss
snapshots/synthetic_logsteps100_pretrainedTrue_freezeTrue_2025_12_10_12_06,synthetic_logsteps100_pretrainedTrue_freezeTrue_2025_12_10_12_06,synthetic,logsteps,100,True,True,2025_12_10_12_06,tss,5000,253747.24999999997,50.749449999999996,5,0.39963213325564284,0.17775061762759545,0.8222493823724045,5.0,,,,,,,,,,0.21397587673841392,0.25681081725856736,0.7431891827414326,5.0,,,,,,,,,,,,,,,,,,,,,,,0.1,0.65,,,,,,,,,,,,,,,,,,,,,,,,,,,,,0.9,0.25,1.531662190550104,0.2,0.15,1.062610938207489,,,,43.74900333333333,7.000446666666669,spair,TT,12.0,8.067494807882358,12.0,tss
snapshots/synthetic_random_flipping_steps100_pretrainedTrue_freezeTrue_2025_12_13_11_45,synthetic_random_flipping_steps100_pretrainedTrue_freezeTrue_2025_12_13_11_45,synthetic_random_flipping,steps,100,True,True,2025_12_13_11_45,tss,5000,128032.4,25.606479999999998,3,0.44872855099748143,0.12552309109294732,0.8744769089070527,5.0,,,,,,,,,,0.2371964396880959,0.2574043468048496,0.7425956531951504,5.0,,,,,,,,,,,,,,,,,,,,,,,0.7,0.75,,,,,,,,,,,,,,,,,,,,,,,,,,,,,1.0,0.15,1.941136154781277,0.5,0.35,1.059503505858407,,,,43.74900333333333,-18.14252333333333,spair,TT,3.0,7.363326562576955,3.0,tss
snapshots/synthetic_small_zoom_steps100_pretrainedTrue_freezeTrue_2025_12_11_07_40,synthetic_small_zoom_steps100_pretrainedTrue_freezeTrue_2025_12_11_07_40,synthetic_small_zoom,steps,100,True,True,2025_12_11_07_40,tss,5000,266840.9,53.36818,5,0.10613708895974322,0.2748918932853621,0.7251081067146379,5.0,,,,,,,,,,0.22327767941787793,0.2553611986806156,0.7446388013193844,5.0,,,,,,,,,,,,,,,,,,,,,,,0.325,0.975,,,,,,,,,,,,,,,,,,,,,,,,,,,,,0.325,0.825,0.969942851397796,0.325,0.025,1.0702202620357137,,,,43.74900333333333,9.619176666666675,spair,TT,22.0,6.686086896807062,22.0,tss
snapshots/synthetic_small_zoom_steps100_pretrainedTrue_freezeTrue_2025_12_13_11_36,synthetic_small_zoom_steps100_pretrainedTrue_freezeTrue_2025_12_13_11_36,synthetic_small_zoom,steps,100,True,True,2025_12_13_11_36,tss,5000,127521.3,25.504260000000002,3,0.10613708895974322,0.2748918932853621,0.7251081067146379,5.0,,,,,,,,,,0.22327767941787793,0.2553611986806156,0.7446388013193844,5.0,,,,,,,,,,,,,,,,,,,,,,,0.325,0.975,,,,,,,,,,,,,,,,,,,,,,,,,,,,,0.325,0.825,0.969942851397796,0.325,0.025,1.0702202620357137,,,,43.74900333333333,-18.244743333333325,spair,TT,1.0,6.686086896807062,1.0,tss
snapshots/synthetic_steps100_pretrainedTrue_freezeTrue_2025_12_11_05_11,synthetic_steps100_pretrainedTrue_freezeTrue_2025_12_11_05_11,synthetic,steps,100,True,True,2025_12_11_05_11,tss,5000,129087.7,25.81754,3,0.39963213325564284,0.17775061762759545,0.8222493823724045,5.0,,,,,,,,,,0.21397587673841392,0.25681081725856736,0.7431891827414326,5.0,,,,,,,,,,,,,,,,,,,,,,,0.1,0.65,,,,,,,,,,,,,,,,,,,,,,,,,,,,,0.9,0.25,1.531662190550104,0.2,0.15,1.062610938207489,,,,43.74900333333333,-17.931463333333326,spair,TT,4.0,8.067494807882358,4.0,tss
snapshots/synthetic_steps100_pretrainedTrue_freezeTrue_2025_12_12_23_46,synthetic_steps100_pretrainedTrue_freezeTrue_2025_12_12_23_46,synthetic,steps,100,True,True,2025_12_12_23_46,tss,5000,127698.5,25.5397,3,0.39963213325564284,0.17775061762759545,0.8222493823724045,5.0,,,,,,,,,,0.21397587673841392,0.25681081725856736,0.7431891827414326,5.0,,,,,,,,,,,,,,,,,,,,,,,0.1,0.65,,,,,,,,,,,,,,,,,,,,,,,,,,,,,0.9,0.25,1.531662190550104,0.2,0.15,1.062610938207489,,,,43.74900333333333,-18.209303333333327,spair,TT,2.0,8.067494807882358,2.0,tss
