benchmark,n_train,n_test,mae,rmse,pearson,spearman
flyingthings,147,21,3.4283257024591918,4.00535591174161,0.800174496854121,0.7573773502657375
kitti2012,147,21,3.713456762127662,4.814087316346722,0.6713462685695851,0.7142107655355658
middlebury,147,21,5.074422849474915,6.114306045586312,0.35995412674775845,0.441476434740391
pfpascal,147,21,3.7606955781468554,4.377084912497031,0.7259055640638262,0.73644809706323
pfwillow,147,21,3.9061409717520936,4.580271154812888,0.7434876740223266,0.7214051963239279
pointodyssey,147,21,4.641804864616383,6.302089217856254,0.36264247159292745,0.35972153941809637
spair,147,21,3.9929252459840052,5.064221323846424,0.6453516798522702,0.4722162753815738
tss,147,21,4.375555186051228,5.481249990040281,0.5000203953412161,0.5709761889309057
__overall__,240,168,4.111665895076542,5.14960647587615,0.5796009077407076,0.5770490871754307
