space,train_dataset,train_split,eval_dataset,eval_split,train_n_vectors,eval_n_vectors,distance_metric,flow_normalized,mean_nn_eval_to_train_k1,median_nn_eval_to_train_k1,p90_nn_eval_to_train_k1,p95_nn_eval_to_train_k1,mean_nn_train_to_eval_k1,median_nn_train_to_eval_k1,p90_nn_train_to_eval_k1,p95_nn_train_to_eval_k1,eval_covered_by_train_eps1px,train_covered_by_eval_eps1px,eval_covered_by_train_eps2px,train_covered_by_eval_eps2px,eval_covered_by_train_eps4px,train_covered_by_eval_eps4px,eval_covered_by_train_eps8px,train_covered_by_eval_eps8px,eval_covered_by_train_eps16px,train_covered_by_eval_eps16px,eval_covered_by_train_eps32px,train_covered_by_eval_eps32px,eval_covered_by_train_eps64px,train_covered_by_eval_eps64px
joint,flyingthings,train,flyingthings,test,11962368,14319616,sqL2,False,41.833824157714844,3.4632678031921387,28.444993019104004,56.16368865966797,50.4706916809082,3.1453747749328613,26.741321182251014,51.616479301452664,0.08464305188072083,0.09872075495420304,0.5350348780302489,0.558311866011813,0.8303085781071224,0.8389431757993067,0.9561845792512872,0.9603766578657336,0.9883997587644808,0.9891844992563346,0.9960918644745781,0.9962119540211436,0.998475936784897,0.9985846447793614
joint,flyingthings,train,spair,test,11962368,88328,sqL2,False,1147.227294921875,141.5012969970703,2988.937133789064,5948.997021484363,536.476318359375,249.84375,936.0,1397.2451721191412,0.001562358482021556,1.312449173942818e-05,0.02100126800108686,0.0003032008378274268,0.12060728194909881,0.004815852513482281,0.3528665881713613,0.06841245813537922,0.6015872656462277,0.5112048049349427,0.7958065392627479,0.9137483481531415,0.9249048999184857,0.9920347710419877
joint,flyingthings,train,tss,val,11962368,819200,sqL2,False,389.4122009277344,16.98967742919922,176.61225280761707,1236.4818176269512,634.4139404296875,62.61927795410156,996.0174011230476,1798.5401794433599,0.011435546875,0.0008430605044084917,0.132095947265625,0.017390703914141416,0.482099609375,0.16754416851245507,0.819720458984375,0.5043994633838383,0.912744140625,0.7266350608842664,0.9459326171875,0.902782375529661,0.974935302734375,0.9822361258239172
joint,flyingthings,train,kitti2015,val,11962368,408402,sqL2,False,7.484340190887451,3.1085641384124756,19.269489288330117,28.58663387298584,4898.79296875,441.4078063964844,16704.088476562516,23919.665917968752,0.1402760025660991,0.004592150985490498,0.5548968908085661,0.0325015080626177,0.8701059250444415,0.11388363909219312,0.994008354513445,0.2658939266874251,0.9999045058545257,0.4401504785674542,0.9999975514321673,0.5859324842706728,1.0,0.7288056177505993
joint,flyingthings,train,kitti2012,val,11962368,397312,sqL2,False,5.255124568939209,2.9050498008728027,12.22858533859254,17.459050559997547,3942.05810546875,353.61553955078125,12819.3095703125,18260.995117187507,0.1162486912048969,0.004067004124935799,0.5905182828608248,0.034205685697012496,0.9398533142719072,0.12616289684450435,0.999378322326031,0.2919136913360298,0.9999798646907216,0.4640248485918507,0.9999974830863402,0.6105299552730696,1.0,0.7586615793796011
joint,flyingthings,train,pfpascal,test,11962368,2414,sqL2,False,68.22803497314453,21.738861083984375,135.27473907470727,256.00086975097656,1074.7352294921875,608.875,1646.0321289062522,2437.713964843755,0.006628003314001657,1.4211233093648349e-06,0.09983429991714995,3.678201506591337e-05,0.39353769676884837,0.0006178542576185585,0.7845898922949461,0.009913338228685157,0.9498757249378624,0.13914795130863722,0.992129246064623,0.7629527866054614,1.0,0.9795228670443845
joint,flyingthings,train,pfwillow,test,11962368,9000,sqL2,False,138.452392578125,24.4191837310791,192.23335418701197,441.4700607299795,1637.46240234375,670.953125,3598.125,5183.777294921876,0.009888888888888888,7.022021058038007e-06,0.10622222222222222,0.00015022109334874166,0.37866666666666665,0.0022894296513867487,0.7425555555555555,0.028436175847457626,0.9207777777777778,0.21986257236025508,0.9763333333333334,0.6196452909658021,0.9945555555555555,0.9207199611314415
joint,imagenet2dwarp,train,flyingthings,test,10240000,14319616,sqL2,False,290.9048767089844,16.340526580810547,67.57494354248047,184.19231796264648,62.80948257446289,27.47638702392578,135.94448547363277,225.55414276123037,0.003893330659146167,0.0050931640625,0.076319574491383,0.0653025390625,0.49133496317219677,0.32521337890625,0.893919082746353,0.75962412109375,0.9565035123846897,0.95864287109375,0.9768028695741562,0.996619140625,0.9907989152781751,0.99998134765625
joint,imagenet2dwarp,train,spair,test,10240000,88328,sqL2,False,6516.55615234375,717.3960571289062,21472.9533203125,32234.65839843746,290.7870178222656,215.16015625,593.15625,797.15625,0.0018114301240829635,1.748046875e-05,0.029888597047368896,0.0003271484375,0.18237704918032788,0.00524912109375,0.3518816230413912,0.07709560546875,0.43708676750294356,0.59112939453125,0.5274884521329589,0.9754607421875,0.6687573589348791,0.999996484375
joint,imagenet2dwarp,train,tss,val,10240000,819200,sqL2,False,1782.487060546875,15.823505401611328,1859.794287109373,12682.654687499999,730.8097534179688,152.34109497070312,2078.721362304686,3457.154077148437,0.004794921875,0.0003943359375,0.092015380859375,0.008259765625,0.5036669921875,0.08597392578125,0.7937255859375,0.333841796875,0.850404052734375,0.5878828125,0.886053466796875,0.80456298828125,0.9173095703125,0.962707421875
joint,imagenet2dwarp,train,kitti2015,val,10240000,408402,sqL2,False,42.89703369140625,10.275979042053223,36.48008880615235,65.04490737915036,8527.705078125,4385.908203125,23114.399023437498,32670.332128906248,0.008146385179308623,0.00026875,0.14909574389939326,0.00229326171875,0.6881626436697176,0.00960400390625,0.9492509830999848,0.02931015625,0.9797381011846171,0.0781125,0.9917875034892092,0.2001373046875,0.9989373215606192,0.482058203125
joint,imagenet2dwarp,train,kitti2012,val,10240000,397312,sqL2,False,26.370689392089844,10.867288589477539,33.938204574584965,53.31676406860345,8945.28515625,5525.62548828125,22284.259765624993,30003.90302734369,0.006976884664948454,0.00024150390625,0.13080400289948454,0.00252333984375,0.6734078004188144,0.01098857421875,0.9595607482280928,0.02864638671875,0.9852785720038659,0.06729921875,0.9976869563466495,0.16864990234375,0.9999345602448454,0.42018720703125
joint,imagenet2dwarp,train,pfpascal,test,10240000,2414,sqL2,False,296.3973693847656,18.997743606567383,324.37106323242307,1252.9542053222633,1268.658447265625,880.1796875,2688.063281249997,3716.1018554687435,0.0016570008285004142,3.90625e-07,0.06669428334714167,2.03125e-05,0.43496271748135873,0.00033447265625,0.8069594034797017,0.005383984375,0.8947804473902237,0.0791494140625,0.9420049710024855,0.57300830078125,0.9842584921292461,0.9607658203125
joint,imagenet2dwarp,train,pfwillow,test,10240000,9000,sqL2,False,656.9300537109375,19.196067810058594,1137.3469482421876,3460.352783203125,1375.0203857421875,647.015625,3356.5707031249985,5230.766015624991,0.0034444444444444444,2.734375e-06,0.08033333333333334,7.7734375e-05,0.44566666666666666,0.001262890625,0.7342222222222222,0.0181484375,0.823,0.1876197265625,0.8963333333333333,0.64828193359375,0.9573333333333334,0.92530888671875
joint,sintel,train,flyingthings,test,2131968,14319616,sqL2,False,338.240478515625,16.138935089111328,223.25306701660156,658.3589172363281,5.39570951461792,1.476179838180542,8.137792110443115,16.366425704956026,0.031957700541690504,0.23579997448366954,0.19197134895237414,0.8193317160482709,0.497977878736413,0.9487243710975024,0.7778868511557852,0.9915430250360231,0.9081419501752003,0.9983175169608549,0.9634564921293979,0.9996880816222382,0.9888176470653962,0.9999915570965417
joint,sintel,train,spair,test,2131968,88328,sqL2,False,11093.1259765625,2455.453857421875,33934.077734375,53802.86562499993,411.05108642578125,256.625,887.0625,1221.7757812499985,0.00027171451861244454,1.6416756724303553e-05,0.0028530024454306675,0.00036257579851104707,0.018374694321166563,0.0049461342759365996,0.08408432207227606,0.06697286263208453,0.2105221447332669,0.4988147101645053,0.3777850738157776,0.9256644565021613,0.5791028892310479,0.9977269827689721
joint,sintel,train,tss,val,2131968,819200,sqL2,False,3523.9873046875,96.72572326660156,3907.8388671874973,22919.960644531242,251.2570343017578,44.922462463378906,648.6153503417972,1125.615588378906,0.002347412109375,0.001191387487992315,0.02302490234375,0.023384497328290104,0.127730712890625,0.211284597142171,0.405833740234375,0.5780743425792507,0.678045654296875,0.7854545659221902,0.8316015625,0.9428209053794429,0.901666259765625,0.9954703822946686
joint,sintel,train,kitti2015,val,2131968,408402,sqL2,False,55.80249786376953,11.121551513671875,131.54240417480474,241.89191284179594,3490.448974609375,61.34169387817383,14003.428125000002,21010.344628906238,0.12116982776773864,0.028016837025696444,0.32142349939520376,0.14812558162223824,0.5613758012938233,0.3439770202929875,0.8058750936577196,0.5036642201008645,0.953592293867317,0.6019930880763689,0.99470864491359,0.6904310946505764,0.9999461315076812,0.7813461552893852
joint,sintel,train,kitti2012,val,2131968,397312,sqL2,False,18.058198928833008,7.853995323181152,44.47075996398929,65.28368797302228,2511.524169921875,55.47572326660156,9980.968847656253,15379.189160156246,0.06885269007731959,0.01686423060758886,0.31521071601159795,0.10615356328049952,0.6826121536726805,0.3002582590357829,0.9480886557667526,0.5171057914565321,0.9983791076030928,0.6319438190441883,0.999901840367268,0.723117795389049,0.9999899323453608,0.8170746465237753
joint,sintel,train,pfpascal,test,2131968,2414,sqL2,False,1007.2008056640625,172.9493408203125,2348.0900390625,4711.2821289062485,724.7948608398438,554.455078125,1310.2601562500004,1741.4035156249993,0.0012427506213753107,1.407150576368876e-06,0.011184755592377795,3.4709714217098945e-05,0.08657829328914664,0.0005727102845821325,0.3028169014084507,0.01084209519092219,0.5853355426677713,0.15688509396013448,0.8069594034797017,0.8228636639949568,0.9391052195526097,0.9943029163664745
joint,sintel,train,pfwillow,test,2131968,9000,sqL2,False,1773.6759033203125,186.279052734375,3752.125463867188,8470.493261718742,1269.877685546875,615.34375,3266.5625,4401.34501953125,0.0017777777777777779,8.442903458213257e-06,0.01888888888888889,0.0001894962776176753,0.10444444444444445,0.0027050124579731027,0.30977777777777776,0.03278051077689721,0.5545555555555556,0.24604403067963496,0.7586666666666667,0.6368608722082133,0.9072222222222223,0.9400577306976465
